 Benchmarking the tree creation time for modeling 
===============================================================================
Evicting /lus/eagle/projects/RECUP/kassogba/veloc-ckpt/haac/sc-experiments/4gpus/np796-500mil/run1/m000p.mpirestart-combined-0-40.dat
Evicting /lus/eagle/projects/RECUP/kassogba/veloc-ckpt/haac/sc-experiments/4gpus/np796-500mil/run1/m000p.mpirestart-combined-0-20.dat
Evicting /lus/eagle/projects/RECUP/kassogba/veloc-ckpt/haac/sc-experiments/4gpus/np796-500mil/run1/m000p.mpirestart-combined-0-30.dat
Evicting /lus/eagle/projects/RECUP/kassogba/veloc-ckpt/haac/sc-experiments/4gpus/np796-500mil/run1/m000p.mpirestart-combined-0-10.dat

           Files: 4
     Directories: 1
   Evicted Pages: 7324790 (27G)
         Elapsed: 0.009255 seconds
[INFO 0] [/home/keveltun/research/recup/veloc/apps/state-diff/src/loader/host_cache.cpp:11:host_cache_t] Host - Creating a cache of size 16384 MB
[INFO 0] [/home/keveltun/research/recup/veloc/apps/state-diff/src/loader/data_loader.cpp:10:data_loader_t] Loader - host and device caches initialized
[BENCHMARK 0] [/home/keveltun/research/recup/veloc/apps/state-diff/src/loader/data_loader.cpp:11:data_loader_t] [time elapsed: 0 ms] Initialized data loader
Data size = 7497964768
[BENCHMARK 0] [/home/keveltun/research/recup/veloc/apps/state-diff/include/statediff.hpp:143:client_t] [time elapsed: 8 ms] State-diff client 1 initialized
[INFO 0] [/home/keveltun/research/recup/veloc/apps/state-diff/src/loader/host_cache.cpp:50:set_reader] Host (0)- Setting reader to read from file
[INFO 0] [/home/keveltun/research/recup/veloc/apps/state-diff/src/loader/host_cache.cpp:32:activate] Host (0)- Started fetch thread on host cache
[INFO 0] [/home/keveltun/research/recup/veloc/apps/state-diff/src/loader/data_loader.cpp:137:file_load] Loader (0)- Creating segments without given file offsets
[BENCHMARK 0] [/home/keveltun/research/recup/veloc/apps/state-diff/src/loader/data_loader.cpp:161:file_load] [time elapsed: 6 ms] Created segments and staged for file read
[BENCHMARK 0] [/home/keveltun/research/recup/veloc/apps/state-diff/src/loader/host_cache.cpp:75:fetch_] [time elapsed: 6 ms] Host (0)- Waited any batch for host fetch
[INFO 0] [/home/keveltun/research/recup/veloc/apps/state-diff/src/loader/host_cache.cpp:138:get_completed] Host (0)- Getting completed jobs from ready_q
[BENCHMARK 7] [/home/keveltun/research/recup/veloc/apps/state-diff/src/loader/host_cache.cpp:93:fetch_] [time elapsed: 7484 ms] Host (0)- Fetched 1 batches to host cache
[BENCHMARK 7] [/home/keveltun/research/recup/veloc/apps/state-diff/src/loader/data_loader.cpp:223:next] [time elapsed: 7485 ms] Retrieved pointer to next batch of data for computation
[BENCHMARK 8] [/home/keveltun/research/recup/veloc/apps/state-diff/include/statediff.hpp:203:create] [time elapsed: 8564 ms] State-diff tree -1 created from reader
(0.01) Chunk size: 4096, Creation time: 8.56479 seconds, throughput: 0.815318 GB/s
Evicting /lus/eagle/projects/RECUP/kassogba/veloc-ckpt/haac/sc-experiments/4gpus/np796-500mil/run1/m000p.mpirestart-combined-0-40.dat
Evicting /lus/eagle/projects/RECUP/kassogba/veloc-ckpt/haac/sc-experiments/4gpus/np796-500mil/run1/m000p.mpirestart-combined-0-20.dat
Evicting /lus/eagle/projects/RECUP/kassogba/veloc-ckpt/haac/sc-experiments/4gpus/np796-500mil/run1/m000p.mpirestart-combined-0-30.dat
Evicting /lus/eagle/projects/RECUP/kassogba/veloc-ckpt/haac/sc-experiments/4gpus/np796-500mil/run1/m000p.mpirestart-combined-0-10.dat

           Files: 4
     Directories: 1
   Evicted Pages: 7324790 (27G)
         Elapsed: 1.9434 seconds
[INFO 0] [/home/keveltun/research/recup/veloc/apps/state-diff/src/loader/host_cache.cpp:11:host_cache_t] Host - Creating a cache of size 16384 MB
[INFO 0] [/home/keveltun/research/recup/veloc/apps/state-diff/src/loader/data_loader.cpp:10:data_loader_t] Loader - host and device caches initialized
[BENCHMARK 0] [/home/keveltun/research/recup/veloc/apps/state-diff/src/loader/data_loader.cpp:11:data_loader_t] [time elapsed: 0 ms] Initialized data loader
Data size = 7497964768
[BENCHMARK 0] [/home/keveltun/research/recup/veloc/apps/state-diff/include/statediff.hpp:143:client_t] [time elapsed: 7 ms] State-diff client 1 initialized
[INFO 0] [/home/keveltun/research/recup/veloc/apps/state-diff/src/loader/host_cache.cpp:50:set_reader] Host (0)- Setting reader to read from file
[INFO 0] [/home/keveltun/research/recup/veloc/apps/state-diff/src/loader/host_cache.cpp:32:activate] Host (0)- Started fetch thread on host cache
[INFO 0] [/home/keveltun/research/recup/veloc/apps/state-diff/src/loader/data_loader.cpp:137:file_load] Loader (0)- Creating segments without given file offsets
[BENCHMARK 0] [/home/keveltun/research/recup/veloc/apps/state-diff/src/loader/data_loader.cpp:161:file_load] [time elapsed: 6 ms] Created segments and staged for file read
[BENCHMARK 0] [/home/keveltun/research/recup/veloc/apps/state-diff/src/loader/host_cache.cpp:75:fetch_] [time elapsed: 6 ms] Host (0)- Waited any batch for host fetch
[INFO 0] [/home/keveltun/research/recup/veloc/apps/state-diff/src/loader/host_cache.cpp:138:get_completed] Host (0)- Getting completed jobs from ready_q
[BENCHMARK 7] [/home/keveltun/research/recup/veloc/apps/state-diff/src/loader/host_cache.cpp:93:fetch_] [time elapsed: 6998 ms] Host (0)- Fetched 1 batches to host cache
[BENCHMARK 7] [/home/keveltun/research/recup/veloc/apps/state-diff/src/loader/data_loader.cpp:223:next] [time elapsed: 6998 ms] Retrieved pointer to next batch of data for computation
[BENCHMARK 7] [/home/keveltun/research/recup/veloc/apps/state-diff/include/statediff.hpp:203:create] [time elapsed: 7770 ms] State-diff tree -1 created from reader
(0.0001) Chunk size: 4096, Creation time: 7.77076 seconds, throughput: 0.898629 GB/s
Evicting /lus/eagle/projects/RECUP/kassogba/veloc-ckpt/haac/sc-experiments/4gpus/np796-500mil/run1/m000p.mpirestart-combined-0-40.dat
Evicting /lus/eagle/projects/RECUP/kassogba/veloc-ckpt/haac/sc-experiments/4gpus/np796-500mil/run1/m000p.mpirestart-combined-0-20.dat
Evicting /lus/eagle/projects/RECUP/kassogba/veloc-ckpt/haac/sc-experiments/4gpus/np796-500mil/run1/m000p.mpirestart-combined-0-30.dat
Evicting /lus/eagle/projects/RECUP/kassogba/veloc-ckpt/haac/sc-experiments/4gpus/np796-500mil/run1/m000p.mpirestart-combined-0-10.dat

           Files: 4
     Directories: 1
   Evicted Pages: 7324790 (27G)
         Elapsed: 1.9519 seconds
[INFO 0] [/home/keveltun/research/recup/veloc/apps/state-diff/src/loader/host_cache.cpp:11:host_cache_t] Host - Creating a cache of size 16384 MB
[INFO 0] [/home/keveltun/research/recup/veloc/apps/state-diff/src/loader/data_loader.cpp:10:data_loader_t] Loader - host and device caches initialized
[BENCHMARK 0] [/home/keveltun/research/recup/veloc/apps/state-diff/src/loader/data_loader.cpp:11:data_loader_t] [time elapsed: 0 ms] Initialized data loader
Data size = 7497964768
[BENCHMARK 0] [/home/keveltun/research/recup/veloc/apps/state-diff/include/statediff.hpp:143:client_t] [time elapsed: 7 ms] State-diff client 1 initialized
[INFO 0] [/home/keveltun/research/recup/veloc/apps/state-diff/src/loader/host_cache.cpp:50:set_reader] Host (0)- Setting reader to read from file
[INFO 0] [/home/keveltun/research/recup/veloc/apps/state-diff/src/loader/host_cache.cpp:32:activate] Host (0)- Started fetch thread on host cache
[INFO 0] [/home/keveltun/research/recup/veloc/apps/state-diff/src/loader/data_loader.cpp:137:file_load] Loader (0)- Creating segments without given file offsets
[BENCHMARK 0] [/home/keveltun/research/recup/veloc/apps/state-diff/src/loader/data_loader.cpp:161:file_load] [time elapsed: 7 ms] Created segments and staged for file read
[BENCHMARK 0] [/home/keveltun/research/recup/veloc/apps/state-diff/src/loader/host_cache.cpp:75:fetch_] [time elapsed: 7 ms] Host (0)- Waited any batch for host fetch
[INFO 0] [/home/keveltun/research/recup/veloc/apps/state-diff/src/loader/host_cache.cpp:138:get_completed] Host (0)- Getting completed jobs from ready_q
[BENCHMARK 7] [/home/keveltun/research/recup/veloc/apps/state-diff/src/loader/host_cache.cpp:93:fetch_] [time elapsed: 7482 ms] Host (0)- Fetched 1 batches to host cache
[BENCHMARK 7] [/home/keveltun/research/recup/veloc/apps/state-diff/src/loader/data_loader.cpp:223:next] [time elapsed: 7482 ms] Retrieved pointer to next batch of data for computation
[BENCHMARK 8] [/home/keveltun/research/recup/veloc/apps/state-diff/include/statediff.hpp:203:create] [time elapsed: 8254 ms] State-diff tree -1 created from reader
(1e-07) Chunk size: 4096, Creation time: 8.25442 seconds, throughput: 0.845974 GB/s
Evicting /lus/eagle/projects/RECUP/kassogba/veloc-ckpt/haac/sc-experiments/4gpus/np796-500mil/run1/m000p.mpirestart-combined-0-40.dat
Evicting /lus/eagle/projects/RECUP/kassogba/veloc-ckpt/haac/sc-experiments/4gpus/np796-500mil/run1/m000p.mpirestart-combined-0-20.dat
Evicting /lus/eagle/projects/RECUP/kassogba/veloc-ckpt/haac/sc-experiments/4gpus/np796-500mil/run1/m000p.mpirestart-combined-0-30.dat
Evicting /lus/eagle/projects/RECUP/kassogba/veloc-ckpt/haac/sc-experiments/4gpus/np796-500mil/run1/m000p.mpirestart-combined-0-10.dat

           Files: 4
     Directories: 1
   Evicted Pages: 7324790 (27G)
         Elapsed: 1.9663 seconds
[INFO 0] [/home/keveltun/research/recup/veloc/apps/state-diff/src/loader/host_cache.cpp:11:host_cache_t] Host - Creating a cache of size 16384 MB
[INFO 0] [/home/keveltun/research/recup/veloc/apps/state-diff/src/loader/data_loader.cpp:10:data_loader_t] Loader - host and device caches initialized
[BENCHMARK 0] [/home/keveltun/research/recup/veloc/apps/state-diff/src/loader/data_loader.cpp:11:data_loader_t] [time elapsed: 0 ms] Initialized data loader
Data size = 7497964768
[BENCHMARK 0] [/home/keveltun/research/recup/veloc/apps/state-diff/include/statediff.hpp:143:client_t] [time elapsed: 5 ms] State-diff client 1 initialized
[INFO 0] [/home/keveltun/research/recup/veloc/apps/state-diff/src/loader/host_cache.cpp:50:set_reader] Host (0)- Setting reader to read from file
[INFO 0] [/home/keveltun/research/recup/veloc/apps/state-diff/src/loader/host_cache.cpp:32:activate] Host (0)- Started fetch thread on host cache
[INFO 0] [/home/keveltun/research/recup/veloc/apps/state-diff/src/loader/data_loader.cpp:137:file_load] Loader (0)- Creating segments without given file offsets
[BENCHMARK 0] [/home/keveltun/research/recup/veloc/apps/state-diff/src/loader/data_loader.cpp:161:file_load] [time elapsed: 4 ms] Created segments and staged for file read
[BENCHMARK 0] [/home/keveltun/research/recup/veloc/apps/state-diff/src/loader/host_cache.cpp:75:fetch_] [time elapsed: 4 ms] Host (0)- Waited any batch for host fetch
[INFO 0] [/home/keveltun/research/recup/veloc/apps/state-diff/src/loader/host_cache.cpp:138:get_completed] Host (0)- Getting completed jobs from ready_q
[BENCHMARK 6] [/home/keveltun/research/recup/veloc/apps/state-diff/src/loader/host_cache.cpp:93:fetch_] [time elapsed: 6353 ms] Host (0)- Fetched 1 batches to host cache
[BENCHMARK 6] [/home/keveltun/research/recup/veloc/apps/state-diff/src/loader/data_loader.cpp:223:next] [time elapsed: 6353 ms] Retrieved pointer to next batch of data for computation
[BENCHMARK 7] [/home/keveltun/research/recup/veloc/apps/state-diff/include/statediff.hpp:203:create] [time elapsed: 7430 ms] State-diff tree -1 created from reader
(0.01) Chunk size: 8192, Creation time: 7.43084 seconds, throughput: 0.939736 GB/s
Evicting /lus/eagle/projects/RECUP/kassogba/veloc-ckpt/haac/sc-experiments/4gpus/np796-500mil/run1/m000p.mpirestart-combined-0-40.dat
Evicting /lus/eagle/projects/RECUP/kassogba/veloc-ckpt/haac/sc-experiments/4gpus/np796-500mil/run1/m000p.mpirestart-combined-0-20.dat
Evicting /lus/eagle/projects/RECUP/kassogba/veloc-ckpt/haac/sc-experiments/4gpus/np796-500mil/run1/m000p.mpirestart-combined-0-30.dat
Evicting /lus/eagle/projects/RECUP/kassogba/veloc-ckpt/haac/sc-experiments/4gpus/np796-500mil/run1/m000p.mpirestart-combined-0-10.dat

           Files: 4
     Directories: 1
   Evicted Pages: 7324790 (27G)
         Elapsed: 1.9525 seconds
[INFO 0] [/home/keveltun/research/recup/veloc/apps/state-diff/src/loader/host_cache.cpp:11:host_cache_t] Host - Creating a cache of size 16384 MB
[INFO 0] [/home/keveltun/research/recup/veloc/apps/state-diff/src/loader/data_loader.cpp:10:data_loader_t] Loader - host and device caches initialized
[BENCHMARK 0] [/home/keveltun/research/recup/veloc/apps/state-diff/src/loader/data_loader.cpp:11:data_loader_t] [time elapsed: 0 ms] Initialized data loader
Data size = 7497964768
[BENCHMARK 0] [/home/keveltun/research/recup/veloc/apps/state-diff/include/statediff.hpp:143:client_t] [time elapsed: 5 ms] State-diff client 1 initialized
[INFO 0] [/home/keveltun/research/recup/veloc/apps/state-diff/src/loader/host_cache.cpp:50:set_reader] Host (0)- Setting reader to read from file
[INFO 0] [/home/keveltun/research/recup/veloc/apps/state-diff/src/loader/host_cache.cpp:32:activate] Host (0)- Started fetch thread on host cache
[INFO 0] [/home/keveltun/research/recup/veloc/apps/state-diff/src/loader/data_loader.cpp:137:file_load] Loader (0)- Creating segments without given file offsets
[BENCHMARK 0] [/home/keveltun/research/recup/veloc/apps/state-diff/src/loader/data_loader.cpp:161:file_load] [time elapsed: 3 ms] Created segments and staged for file read
[BENCHMARK 0] [/home/keveltun/research/recup/veloc/apps/state-diff/src/loader/host_cache.cpp:75:fetch_] [time elapsed: 3 ms] Host (0)- Waited any batch for host fetch
[INFO 0] [/home/keveltun/research/recup/veloc/apps/state-diff/src/loader/host_cache.cpp:138:get_completed] Host (0)- Getting completed jobs from ready_q
[BENCHMARK 6] [/home/keveltun/research/recup/veloc/apps/state-diff/src/loader/host_cache.cpp:93:fetch_] [time elapsed: 6482 ms] Host (0)- Fetched 1 batches to host cache
[BENCHMARK 6] [/home/keveltun/research/recup/veloc/apps/state-diff/src/loader/data_loader.cpp:223:next] [time elapsed: 6482 ms] Retrieved pointer to next batch of data for computation
[BENCHMARK 7] [/home/keveltun/research/recup/veloc/apps/state-diff/include/statediff.hpp:203:create] [time elapsed: 7249 ms] State-diff tree -1 created from reader
(0.0001) Chunk size: 8192, Creation time: 7.24962 seconds, throughput: 0.963226 GB/s
Evicting /lus/eagle/projects/RECUP/kassogba/veloc-ckpt/haac/sc-experiments/4gpus/np796-500mil/run1/m000p.mpirestart-combined-0-40.dat
Evicting /lus/eagle/projects/RECUP/kassogba/veloc-ckpt/haac/sc-experiments/4gpus/np796-500mil/run1/m000p.mpirestart-combined-0-20.dat
Evicting /lus/eagle/projects/RECUP/kassogba/veloc-ckpt/haac/sc-experiments/4gpus/np796-500mil/run1/m000p.mpirestart-combined-0-30.dat
Evicting /lus/eagle/projects/RECUP/kassogba/veloc-ckpt/haac/sc-experiments/4gpus/np796-500mil/run1/m000p.mpirestart-combined-0-10.dat

           Files: 4
     Directories: 1
   Evicted Pages: 7324790 (27G)
         Elapsed: 1.9739 seconds
[INFO 0] [/home/keveltun/research/recup/veloc/apps/state-diff/src/loader/host_cache.cpp:11:host_cache_t] Host - Creating a cache of size 16384 MB
[INFO 0] [/home/keveltun/research/recup/veloc/apps/state-diff/src/loader/data_loader.cpp:10:data_loader_t] Loader - host and device caches initialized
[BENCHMARK 0] [/home/keveltun/research/recup/veloc/apps/state-diff/src/loader/data_loader.cpp:11:data_loader_t] [time elapsed: 0 ms] Initialized data loader
Data size = 7497964768
[BENCHMARK 0] [/home/keveltun/research/recup/veloc/apps/state-diff/include/statediff.hpp:143:client_t] [time elapsed: 4 ms] State-diff client 1 initialized
[INFO 0] [/home/keveltun/research/recup/veloc/apps/state-diff/src/loader/host_cache.cpp:50:set_reader] Host (0)- Setting reader to read from file
[INFO 0] [/home/keveltun/research/recup/veloc/apps/state-diff/src/loader/host_cache.cpp:32:activate] Host (0)- Started fetch thread on host cache
[INFO 0] [/home/keveltun/research/recup/veloc/apps/state-diff/src/loader/data_loader.cpp:137:file_load] Loader (0)- Creating segments without given file offsets
[BENCHMARK 0] [/home/keveltun/research/recup/veloc/apps/state-diff/src/loader/data_loader.cpp:161:file_load] [time elapsed: 4 ms] Created segments and staged for file read
[BENCHMARK 0] [/home/keveltun/research/recup/veloc/apps/state-diff/src/loader/host_cache.cpp:75:fetch_] [time elapsed: 4 ms] Host (0)- Waited any batch for host fetch
[INFO 0] [/home/keveltun/research/recup/veloc/apps/state-diff/src/loader/host_cache.cpp:138:get_completed] Host (0)- Getting completed jobs from ready_q
[BENCHMARK 6] [/home/keveltun/research/recup/veloc/apps/state-diff/src/loader/host_cache.cpp:93:fetch_] [time elapsed: 6609 ms] Host (0)- Fetched 1 batches to host cache
[BENCHMARK 6] [/home/keveltun/research/recup/veloc/apps/state-diff/src/loader/data_loader.cpp:223:next] [time elapsed: 6609 ms] Retrieved pointer to next batch of data for computation
[BENCHMARK 7] [/home/keveltun/research/recup/veloc/apps/state-diff/include/statediff.hpp:203:create] [time elapsed: 7364 ms] State-diff tree -1 created from reader
(1e-07) Chunk size: 8192, Creation time: 7.36414 seconds, throughput: 0.948247 GB/s
Evicting /lus/eagle/projects/RECUP/kassogba/veloc-ckpt/haac/sc-experiments/4gpus/np796-500mil/run1/m000p.mpirestart-combined-0-40.dat
Evicting /lus/eagle/projects/RECUP/kassogba/veloc-ckpt/haac/sc-experiments/4gpus/np796-500mil/run1/m000p.mpirestart-combined-0-20.dat
Evicting /lus/eagle/projects/RECUP/kassogba/veloc-ckpt/haac/sc-experiments/4gpus/np796-500mil/run1/m000p.mpirestart-combined-0-30.dat
Evicting /lus/eagle/projects/RECUP/kassogba/veloc-ckpt/haac/sc-experiments/4gpus/np796-500mil/run1/m000p.mpirestart-combined-0-10.dat

           Files: 4
     Directories: 1
   Evicted Pages: 7324790 (27G)
         Elapsed: 1.9649 seconds
[INFO 0] [/home/keveltun/research/recup/veloc/apps/state-diff/src/loader/host_cache.cpp:11:host_cache_t] Host - Creating a cache of size 16384 MB
[INFO 0] [/home/keveltun/research/recup/veloc/apps/state-diff/src/loader/data_loader.cpp:10:data_loader_t] Loader - host and device caches initialized
[BENCHMARK 0] [/home/keveltun/research/recup/veloc/apps/state-diff/src/loader/data_loader.cpp:11:data_loader_t] [time elapsed: 0 ms] Initialized data loader
Data size = 7497964768
[BENCHMARK 0] [/home/keveltun/research/recup/veloc/apps/state-diff/include/statediff.hpp:143:client_t] [time elapsed: 3 ms] State-diff client 1 initialized
[INFO 0] [/home/keveltun/research/recup/veloc/apps/state-diff/src/loader/host_cache.cpp:50:set_reader] Host (0)- Setting reader to read from file
[INFO 0] [/home/keveltun/research/recup/veloc/apps/state-diff/src/loader/host_cache.cpp:32:activate] Host (0)- Started fetch thread on host cache
[INFO 0] [/home/keveltun/research/recup/veloc/apps/state-diff/src/loader/data_loader.cpp:137:file_load] Loader (0)- Creating segments without given file offsets
[BENCHMARK 0] [/home/keveltun/research/recup/veloc/apps/state-diff/src/loader/data_loader.cpp:161:file_load] [time elapsed: 2 ms] Created segments and staged for file read
[BENCHMARK 0] [/home/keveltun/research/recup/veloc/apps/state-diff/src/loader/host_cache.cpp:75:fetch_] [time elapsed: 2 ms] Host (0)- Waited any batch for host fetch
[INFO 0] [/home/keveltun/research/recup/veloc/apps/state-diff/src/loader/host_cache.cpp:138:get_completed] Host (0)- Getting completed jobs from ready_q
[BENCHMARK 5] [/home/keveltun/research/recup/veloc/apps/state-diff/src/loader/host_cache.cpp:93:fetch_] [time elapsed: 5943 ms] Host (0)- Fetched 1 batches to host cache
[BENCHMARK 5] [/home/keveltun/research/recup/veloc/apps/state-diff/src/loader/data_loader.cpp:223:next] [time elapsed: 5943 ms] Retrieved pointer to next batch of data for computation
[BENCHMARK 7] [/home/keveltun/research/recup/veloc/apps/state-diff/include/statediff.hpp:203:create] [time elapsed: 7017 ms] State-diff tree -1 created from reader
(0.01) Chunk size: 16384, Creation time: 7.01734 seconds, throughput: 0.99511 GB/s
Evicting /lus/eagle/projects/RECUP/kassogba/veloc-ckpt/haac/sc-experiments/4gpus/np796-500mil/run1/m000p.mpirestart-combined-0-40.dat
Evicting /lus/eagle/projects/RECUP/kassogba/veloc-ckpt/haac/sc-experiments/4gpus/np796-500mil/run1/m000p.mpirestart-combined-0-20.dat
Evicting /lus/eagle/projects/RECUP/kassogba/veloc-ckpt/haac/sc-experiments/4gpus/np796-500mil/run1/m000p.mpirestart-combined-0-30.dat
Evicting /lus/eagle/projects/RECUP/kassogba/veloc-ckpt/haac/sc-experiments/4gpus/np796-500mil/run1/m000p.mpirestart-combined-0-10.dat

           Files: 4
     Directories: 1
   Evicted Pages: 7324790 (27G)
         Elapsed: 1.9703 seconds
[INFO 0] [/home/keveltun/research/recup/veloc/apps/state-diff/src/loader/host_cache.cpp:11:host_cache_t] Host - Creating a cache of size 16384 MB
[INFO 0] [/home/keveltun/research/recup/veloc/apps/state-diff/src/loader/data_loader.cpp:10:data_loader_t] Loader - host and device caches initialized
[BENCHMARK 0] [/home/keveltun/research/recup/veloc/apps/state-diff/src/loader/data_loader.cpp:11:data_loader_t] [time elapsed: 0 ms] Initialized data loader
Data size = 7497964768
[BENCHMARK 0] [/home/keveltun/research/recup/veloc/apps/state-diff/include/statediff.hpp:143:client_t] [time elapsed: 3 ms] State-diff client 1 initialized
[INFO 0] [/home/keveltun/research/recup/veloc/apps/state-diff/src/loader/host_cache.cpp:50:set_reader] Host (0)- Setting reader to read from file
[INFO 0] [/home/keveltun/research/recup/veloc/apps/state-diff/src/loader/host_cache.cpp:32:activate] Host (0)- Started fetch thread on host cache
[INFO 0] [/home/keveltun/research/recup/veloc/apps/state-diff/src/loader/data_loader.cpp:137:file_load] Loader (0)- Creating segments without given file offsets
[BENCHMARK 0] [/home/keveltun/research/recup/veloc/apps/state-diff/src/loader/data_loader.cpp:161:file_load] [time elapsed: 2 ms] Created segments and staged for file read
[BENCHMARK 0] [/home/keveltun/research/recup/veloc/apps/state-diff/src/loader/host_cache.cpp:75:fetch_] [time elapsed: 2 ms] Host (0)- Waited any batch for host fetch
[INFO 0] [/home/keveltun/research/recup/veloc/apps/state-diff/src/loader/host_cache.cpp:138:get_completed] Host (0)- Getting completed jobs from ready_q
[BENCHMARK 5] [/home/keveltun/research/recup/veloc/apps/state-diff/src/loader/host_cache.cpp:93:fetch_] [time elapsed: 5458 ms] Host (0)- Fetched 1 batches to host cache
[BENCHMARK 5] [/home/keveltun/research/recup/veloc/apps/state-diff/src/loader/data_loader.cpp:223:next] [time elapsed: 5458 ms] Retrieved pointer to next batch of data for computation
[BENCHMARK 6] [/home/keveltun/research/recup/veloc/apps/state-diff/include/statediff.hpp:203:create] [time elapsed: 6224 ms] State-diff tree -1 created from reader
(0.0001) Chunk size: 16384, Creation time: 6.22492 seconds, throughput: 1.12179 GB/s
Evicting /lus/eagle/projects/RECUP/kassogba/veloc-ckpt/haac/sc-experiments/4gpus/np796-500mil/run1/m000p.mpirestart-combined-0-40.dat
Evicting /lus/eagle/projects/RECUP/kassogba/veloc-ckpt/haac/sc-experiments/4gpus/np796-500mil/run1/m000p.mpirestart-combined-0-20.dat
Evicting /lus/eagle/projects/RECUP/kassogba/veloc-ckpt/haac/sc-experiments/4gpus/np796-500mil/run1/m000p.mpirestart-combined-0-30.dat
Evicting /lus/eagle/projects/RECUP/kassogba/veloc-ckpt/haac/sc-experiments/4gpus/np796-500mil/run1/m000p.mpirestart-combined-0-10.dat

           Files: 4
     Directories: 1
   Evicted Pages: 7324790 (27G)
         Elapsed: 1.9761 seconds
[INFO 0] [/home/keveltun/research/recup/veloc/apps/state-diff/src/loader/host_cache.cpp:11:host_cache_t] Host - Creating a cache of size 16384 MB
[INFO 0] [/home/keveltun/research/recup/veloc/apps/state-diff/src/loader/data_loader.cpp:10:data_loader_t] Loader - host and device caches initialized
[BENCHMARK 0] [/home/keveltun/research/recup/veloc/apps/state-diff/src/loader/data_loader.cpp:11:data_loader_t] [time elapsed: 0 ms] Initialized data loader
Data size = 7497964768
[BENCHMARK 0] [/home/keveltun/research/recup/veloc/apps/state-diff/include/statediff.hpp:143:client_t] [time elapsed: 4 ms] State-diff client 1 initialized
[INFO 0] [/home/keveltun/research/recup/veloc/apps/state-diff/src/loader/host_cache.cpp:50:set_reader] Host (0)- Setting reader to read from file
[INFO 0] [/home/keveltun/research/recup/veloc/apps/state-diff/src/loader/host_cache.cpp:32:activate] Host (0)- Started fetch thread on host cache
[INFO 0] [/home/keveltun/research/recup/veloc/apps/state-diff/src/loader/data_loader.cpp:137:file_load] Loader (0)- Creating segments without given file offsets
[BENCHMARK 0] [/home/keveltun/research/recup/veloc/apps/state-diff/src/loader/data_loader.cpp:161:file_load] [time elapsed: 2 ms] Created segments and staged for file read
[BENCHMARK 0] [/home/keveltun/research/recup/veloc/apps/state-diff/src/loader/host_cache.cpp:75:fetch_] [time elapsed: 2 ms] Host (0)- Waited any batch for host fetch
[INFO 0] [/home/keveltun/research/recup/veloc/apps/state-diff/src/loader/host_cache.cpp:138:get_completed] Host (0)- Getting completed jobs from ready_q
[BENCHMARK 6] [/home/keveltun/research/recup/veloc/apps/state-diff/src/loader/host_cache.cpp:93:fetch_] [time elapsed: 6281 ms] Host (0)- Fetched 1 batches to host cache
[BENCHMARK 6] [/home/keveltun/research/recup/veloc/apps/state-diff/src/loader/data_loader.cpp:223:next] [time elapsed: 6281 ms] Retrieved pointer to next batch of data for computation
[BENCHMARK 7] [/home/keveltun/research/recup/veloc/apps/state-diff/include/statediff.hpp:203:create] [time elapsed: 7046 ms] State-diff tree -1 created from reader
(1e-07) Chunk size: 16384, Creation time: 7.04654 seconds, throughput: 0.990986 GB/s
Evicting /lus/eagle/projects/RECUP/kassogba/veloc-ckpt/haac/sc-experiments/4gpus/np796-500mil/run1/m000p.mpirestart-combined-0-40.dat
Evicting /lus/eagle/projects/RECUP/kassogba/veloc-ckpt/haac/sc-experiments/4gpus/np796-500mil/run1/m000p.mpirestart-combined-0-20.dat
Evicting /lus/eagle/projects/RECUP/kassogba/veloc-ckpt/haac/sc-experiments/4gpus/np796-500mil/run1/m000p.mpirestart-combined-0-30.dat
Evicting /lus/eagle/projects/RECUP/kassogba/veloc-ckpt/haac/sc-experiments/4gpus/np796-500mil/run1/m000p.mpirestart-combined-0-10.dat

           Files: 4
     Directories: 1
   Evicted Pages: 7324790 (27G)
         Elapsed: 1.9694 seconds
[INFO 0] [/home/keveltun/research/recup/veloc/apps/state-diff/src/loader/host_cache.cpp:11:host_cache_t] Host - Creating a cache of size 16384 MB
[INFO 0] [/home/keveltun/research/recup/veloc/apps/state-diff/src/loader/data_loader.cpp:10:data_loader_t] Loader - host and device caches initialized
[BENCHMARK 0] [/home/keveltun/research/recup/veloc/apps/state-diff/src/loader/data_loader.cpp:11:data_loader_t] [time elapsed: 0 ms] Initialized data loader
Data size = 7497964768
[BENCHMARK 0] [/home/keveltun/research/recup/veloc/apps/state-diff/include/statediff.hpp:143:client_t] [time elapsed: 3 ms] State-diff client 1 initialized
[INFO 0] [/home/keveltun/research/recup/veloc/apps/state-diff/src/loader/host_cache.cpp:50:set_reader] Host (0)- Setting reader to read from file
[INFO 0] [/home/keveltun/research/recup/veloc/apps/state-diff/src/loader/host_cache.cpp:32:activate] Host (0)- Started fetch thread on host cache
[INFO 0] [/home/keveltun/research/recup/veloc/apps/state-diff/src/loader/data_loader.cpp:137:file_load] Loader (0)- Creating segments without given file offsets
[BENCHMARK 0] [/home/keveltun/research/recup/veloc/apps/state-diff/src/loader/data_loader.cpp:161:file_load] [time elapsed: 1 ms] Created segments and staged for file read
[BENCHMARK 0] [/home/keveltun/research/recup/veloc/apps/state-diff/src/loader/host_cache.cpp:75:fetch_] [time elapsed: 1 ms] Host (0)- Waited any batch for host fetch
[INFO 0] [/home/keveltun/research/recup/veloc/apps/state-diff/src/loader/host_cache.cpp:138:get_completed] Host (0)- Getting completed jobs from ready_q
[BENCHMARK 6] [/home/keveltun/research/recup/veloc/apps/state-diff/src/loader/host_cache.cpp:93:fetch_] [time elapsed: 6246 ms] Host (0)- Fetched 1 batches to host cache
[BENCHMARK 6] [/home/keveltun/research/recup/veloc/apps/state-diff/src/loader/data_loader.cpp:223:next] [time elapsed: 6246 ms] Retrieved pointer to next batch of data for computation
[BENCHMARK 7] [/home/keveltun/research/recup/veloc/apps/state-diff/include/statediff.hpp:203:create] [time elapsed: 7317 ms] State-diff tree -1 created from reader
(0.01) Chunk size: 32768, Creation time: 7.318 seconds, throughput: 0.954226 GB/s
Evicting /lus/eagle/projects/RECUP/kassogba/veloc-ckpt/haac/sc-experiments/4gpus/np796-500mil/run1/m000p.mpirestart-combined-0-40.dat
Evicting /lus/eagle/projects/RECUP/kassogba/veloc-ckpt/haac/sc-experiments/4gpus/np796-500mil/run1/m000p.mpirestart-combined-0-20.dat
Evicting /lus/eagle/projects/RECUP/kassogba/veloc-ckpt/haac/sc-experiments/4gpus/np796-500mil/run1/m000p.mpirestart-combined-0-30.dat
Evicting /lus/eagle/projects/RECUP/kassogba/veloc-ckpt/haac/sc-experiments/4gpus/np796-500mil/run1/m000p.mpirestart-combined-0-10.dat

           Files: 4
     Directories: 1
   Evicted Pages: 7324790 (27G)
         Elapsed: 1.9625 seconds
[INFO 0] [/home/keveltun/research/recup/veloc/apps/state-diff/src/loader/host_cache.cpp:11:host_cache_t] Host - Creating a cache of size 16384 MB
[INFO 0] [/home/keveltun/research/recup/veloc/apps/state-diff/src/loader/data_loader.cpp:10:data_loader_t] Loader - host and device caches initialized
[BENCHMARK 0] [/home/keveltun/research/recup/veloc/apps/state-diff/src/loader/data_loader.cpp:11:data_loader_t] [time elapsed: 0 ms] Initialized data loader
Data size = 7497964768
[BENCHMARK 0] [/home/keveltun/research/recup/veloc/apps/state-diff/include/statediff.hpp:143:client_t] [time elapsed: 3 ms] State-diff client 1 initialized
[INFO 0] [/home/keveltun/research/recup/veloc/apps/state-diff/src/loader/host_cache.cpp:50:set_reader] Host (0)- Setting reader to read from file
[INFO 0] [/home/keveltun/research/recup/veloc/apps/state-diff/src/loader/host_cache.cpp:32:activate] Host (0)- Started fetch thread on host cache
[INFO 0] [/home/keveltun/research/recup/veloc/apps/state-diff/src/loader/data_loader.cpp:137:file_load] Loader (0)- Creating segments without given file offsets
[BENCHMARK 0] [/home/keveltun/research/recup/veloc/apps/state-diff/src/loader/data_loader.cpp:161:file_load] [time elapsed: 1 ms] Created segments and staged for file read
[BENCHMARK 0] [/home/keveltun/research/recup/veloc/apps/state-diff/src/loader/host_cache.cpp:75:fetch_] [time elapsed: 1 ms] Host (0)- Waited any batch for host fetch
[INFO 0] [/home/keveltun/research/recup/veloc/apps/state-diff/src/loader/host_cache.cpp:138:get_completed] Host (0)- Getting completed jobs from ready_q
[BENCHMARK 6] [/home/keveltun/research/recup/veloc/apps/state-diff/src/loader/host_cache.cpp:93:fetch_] [time elapsed: 6116 ms] Host (0)- Fetched 1 batches to host cache
[BENCHMARK 6] [/home/keveltun/research/recup/veloc/apps/state-diff/src/loader/data_loader.cpp:223:next] [time elapsed: 6116 ms] Retrieved pointer to next batch of data for computation
[BENCHMARK 6] [/home/keveltun/research/recup/veloc/apps/state-diff/include/statediff.hpp:203:create] [time elapsed: 6878 ms] State-diff tree -1 created from reader
(0.0001) Chunk size: 32768, Creation time: 6.8785 seconds, throughput: 1.0152 GB/s
Evicting /lus/eagle/projects/RECUP/kassogba/veloc-ckpt/haac/sc-experiments/4gpus/np796-500mil/run1/m000p.mpirestart-combined-0-40.dat
Evicting /lus/eagle/projects/RECUP/kassogba/veloc-ckpt/haac/sc-experiments/4gpus/np796-500mil/run1/m000p.mpirestart-combined-0-20.dat
Evicting /lus/eagle/projects/RECUP/kassogba/veloc-ckpt/haac/sc-experiments/4gpus/np796-500mil/run1/m000p.mpirestart-combined-0-30.dat
Evicting /lus/eagle/projects/RECUP/kassogba/veloc-ckpt/haac/sc-experiments/4gpus/np796-500mil/run1/m000p.mpirestart-combined-0-10.dat

           Files: 4
     Directories: 1
   Evicted Pages: 7324790 (27G)
         Elapsed: 1.9545 seconds
[INFO 0] [/home/keveltun/research/recup/veloc/apps/state-diff/src/loader/host_cache.cpp:11:host_cache_t] Host - Creating a cache of size 16384 MB
[INFO 0] [/home/keveltun/research/recup/veloc/apps/state-diff/src/loader/data_loader.cpp:10:data_loader_t] Loader - host and device caches initialized
[BENCHMARK 0] [/home/keveltun/research/recup/veloc/apps/state-diff/src/loader/data_loader.cpp:11:data_loader_t] [time elapsed: 0 ms] Initialized data loader
Data size = 7497964768
[BENCHMARK 0] [/home/keveltun/research/recup/veloc/apps/state-diff/include/statediff.hpp:143:client_t] [time elapsed: 3 ms] State-diff client 1 initialized
[INFO 0] [/home/keveltun/research/recup/veloc/apps/state-diff/src/loader/host_cache.cpp:50:set_reader] Host (0)- Setting reader to read from file
[INFO 0] [/home/keveltun/research/recup/veloc/apps/state-diff/src/loader/host_cache.cpp:32:activate] Host (0)- Started fetch thread on host cache
[INFO 0] [/home/keveltun/research/recup/veloc/apps/state-diff/src/loader/data_loader.cpp:137:file_load] Loader (0)- Creating segments without given file offsets
[BENCHMARK 0] [/home/keveltun/research/recup/veloc/apps/state-diff/src/loader/data_loader.cpp:161:file_load] [time elapsed: 1 ms] Created segments and staged for file read
[BENCHMARK 0] [/home/keveltun/research/recup/veloc/apps/state-diff/src/loader/host_cache.cpp:75:fetch_] [time elapsed: 1 ms] Host (0)- Waited any batch for host fetch
[INFO 0] [/home/keveltun/research/recup/veloc/apps/state-diff/src/loader/host_cache.cpp:138:get_completed] Host (0)- Getting completed jobs from ready_q
[BENCHMARK 6] [/home/keveltun/research/recup/veloc/apps/state-diff/src/loader/host_cache.cpp:93:fetch_] [time elapsed: 6571 ms] Host (0)- Fetched 1 batches to host cache
[BENCHMARK 6] [/home/keveltun/research/recup/veloc/apps/state-diff/src/loader/data_loader.cpp:223:next] [time elapsed: 6571 ms] Retrieved pointer to next batch of data for computation
[BENCHMARK 7] [/home/keveltun/research/recup/veloc/apps/state-diff/include/statediff.hpp:203:create] [time elapsed: 7321 ms] State-diff tree -1 created from reader
(1e-07) Chunk size: 32768, Creation time: 7.32178 seconds, throughput: 0.953732 GB/s
Evicting /lus/eagle/projects/RECUP/kassogba/veloc-ckpt/haac/sc-experiments/4gpus/np796-500mil/run1/m000p.mpirestart-combined-0-40.dat
Evicting /lus/eagle/projects/RECUP/kassogba/veloc-ckpt/haac/sc-experiments/4gpus/np796-500mil/run1/m000p.mpirestart-combined-0-20.dat
Evicting /lus/eagle/projects/RECUP/kassogba/veloc-ckpt/haac/sc-experiments/4gpus/np796-500mil/run1/m000p.mpirestart-combined-0-30.dat
Evicting /lus/eagle/projects/RECUP/kassogba/veloc-ckpt/haac/sc-experiments/4gpus/np796-500mil/run1/m000p.mpirestart-combined-0-10.dat

           Files: 4
     Directories: 1
   Evicted Pages: 7324790 (27G)
         Elapsed: 1.936 seconds
[INFO 0] [/home/keveltun/research/recup/veloc/apps/state-diff/src/loader/host_cache.cpp:11:host_cache_t] Host - Creating a cache of size 16384 MB
[INFO 0] [/home/keveltun/research/recup/veloc/apps/state-diff/src/loader/data_loader.cpp:10:data_loader_t] Loader - host and device caches initialized
[BENCHMARK 0] [/home/keveltun/research/recup/veloc/apps/state-diff/src/loader/data_loader.cpp:11:data_loader_t] [time elapsed: 0 ms] Initialized data loader
Data size = 7497964768
[BENCHMARK 0] [/home/keveltun/research/recup/veloc/apps/state-diff/include/statediff.hpp:143:client_t] [time elapsed: 1 ms] State-diff client 1 initialized
[INFO 0] [/home/keveltun/research/recup/veloc/apps/state-diff/src/loader/host_cache.cpp:50:set_reader] Host (0)- Setting reader to read from file
[INFO 0] [/home/keveltun/research/recup/veloc/apps/state-diff/src/loader/host_cache.cpp:32:activate] Host (0)- Started fetch thread on host cache
[INFO 0] [/home/keveltun/research/recup/veloc/apps/state-diff/src/loader/data_loader.cpp:137:file_load] Loader (0)- Creating segments without given file offsets
[BENCHMARK 0] [/home/keveltun/research/recup/veloc/apps/state-diff/src/loader/data_loader.cpp:161:file_load] [time elapsed: 0 ms] Created segments and staged for file read
[BENCHMARK 0] [/home/keveltun/research/recup/veloc/apps/state-diff/src/loader/host_cache.cpp:75:fetch_] [time elapsed: 0 ms] Host (0)- Waited any batch for host fetch
[INFO 0] [/home/keveltun/research/recup/veloc/apps/state-diff/src/loader/host_cache.cpp:138:get_completed] Host (0)- Getting completed jobs from ready_q
[BENCHMARK 5] [/home/keveltun/research/recup/veloc/apps/state-diff/src/loader/host_cache.cpp:93:fetch_] [time elapsed: 5597 ms] Host (0)- Fetched 1 batches to host cache
[BENCHMARK 5] [/home/keveltun/research/recup/veloc/apps/state-diff/src/loader/data_loader.cpp:223:next] [time elapsed: 5597 ms] Retrieved pointer to next batch of data for computation
[BENCHMARK 6] [/home/keveltun/research/recup/veloc/apps/state-diff/include/statediff.hpp:203:create] [time elapsed: 6668 ms] State-diff tree -1 created from reader
(0.01) Chunk size: 65536, Creation time: 6.6686 seconds, throughput: 1.04715 GB/s
Evicting /lus/eagle/projects/RECUP/kassogba/veloc-ckpt/haac/sc-experiments/4gpus/np796-500mil/run1/m000p.mpirestart-combined-0-40.dat
Evicting /lus/eagle/projects/RECUP/kassogba/veloc-ckpt/haac/sc-experiments/4gpus/np796-500mil/run1/m000p.mpirestart-combined-0-20.dat
Evicting /lus/eagle/projects/RECUP/kassogba/veloc-ckpt/haac/sc-experiments/4gpus/np796-500mil/run1/m000p.mpirestart-combined-0-30.dat
Evicting /lus/eagle/projects/RECUP/kassogba/veloc-ckpt/haac/sc-experiments/4gpus/np796-500mil/run1/m000p.mpirestart-combined-0-10.dat

           Files: 4
     Directories: 1
   Evicted Pages: 7324790 (27G)
         Elapsed: 1.968 seconds
[INFO 0] [/home/keveltun/research/recup/veloc/apps/state-diff/src/loader/host_cache.cpp:11:host_cache_t] Host - Creating a cache of size 16384 MB
[INFO 0] [/home/keveltun/research/recup/veloc/apps/state-diff/src/loader/data_loader.cpp:10:data_loader_t] Loader - host and device caches initialized
[BENCHMARK 0] [/home/keveltun/research/recup/veloc/apps/state-diff/src/loader/data_loader.cpp:11:data_loader_t] [time elapsed: 0 ms] Initialized data loader
Data size = 7497964768
[BENCHMARK 0] [/home/keveltun/research/recup/veloc/apps/state-diff/include/statediff.hpp:143:client_t] [time elapsed: 2 ms] State-diff client 1 initialized
[INFO 0] [/home/keveltun/research/recup/veloc/apps/state-diff/src/loader/host_cache.cpp:50:set_reader] Host (0)- Setting reader to read from file
[INFO 0] [/home/keveltun/research/recup/veloc/apps/state-diff/src/loader/host_cache.cpp:32:activate] Host (0)- Started fetch thread on host cache
[INFO 0] [/home/keveltun/research/recup/veloc/apps/state-diff/src/loader/data_loader.cpp:137:file_load] Loader (0)- Creating segments without given file offsets
[BENCHMARK 0] [/home/keveltun/research/recup/veloc/apps/state-diff/src/loader/data_loader.cpp:161:file_load] [time elapsed: 0 ms] Created segments and staged for file read
[BENCHMARK 0] [/home/keveltun/research/recup/veloc/apps/state-diff/src/loader/host_cache.cpp:75:fetch_] [time elapsed: 0 ms] Host (0)- Waited any batch for host fetch
[INFO 0] [/home/keveltun/research/recup/veloc/apps/state-diff/src/loader/host_cache.cpp:138:get_completed] Host (0)- Getting completed jobs from ready_q
[BENCHMARK 6] [/home/keveltun/research/recup/veloc/apps/state-diff/src/loader/host_cache.cpp:93:fetch_] [time elapsed: 6048 ms] Host (0)- Fetched 1 batches to host cache
[BENCHMARK 6] [/home/keveltun/research/recup/veloc/apps/state-diff/src/loader/data_loader.cpp:223:next] [time elapsed: 6048 ms] Retrieved pointer to next batch of data for computation
[BENCHMARK 6] [/home/keveltun/research/recup/veloc/apps/state-diff/include/statediff.hpp:203:create] [time elapsed: 6805 ms] State-diff tree -1 created from reader
(0.0001) Chunk size: 65536, Creation time: 6.80591 seconds, throughput: 1.02602 GB/s
Evicting /lus/eagle/projects/RECUP/kassogba/veloc-ckpt/haac/sc-experiments/4gpus/np796-500mil/run1/m000p.mpirestart-combined-0-40.dat
Evicting /lus/eagle/projects/RECUP/kassogba/veloc-ckpt/haac/sc-experiments/4gpus/np796-500mil/run1/m000p.mpirestart-combined-0-20.dat
Evicting /lus/eagle/projects/RECUP/kassogba/veloc-ckpt/haac/sc-experiments/4gpus/np796-500mil/run1/m000p.mpirestart-combined-0-30.dat
Evicting /lus/eagle/projects/RECUP/kassogba/veloc-ckpt/haac/sc-experiments/4gpus/np796-500mil/run1/m000p.mpirestart-combined-0-10.dat

           Files: 4
     Directories: 1
   Evicted Pages: 7324790 (27G)
         Elapsed: 1.9699 seconds
[INFO 0] [/home/keveltun/research/recup/veloc/apps/state-diff/src/loader/host_cache.cpp:11:host_cache_t] Host - Creating a cache of size 16384 MB
[INFO 0] [/home/keveltun/research/recup/veloc/apps/state-diff/src/loader/data_loader.cpp:10:data_loader_t] Loader - host and device caches initialized
[BENCHMARK 0] [/home/keveltun/research/recup/veloc/apps/state-diff/src/loader/data_loader.cpp:11:data_loader_t] [time elapsed: 0 ms] Initialized data loader
Data size = 7497964768
[BENCHMARK 0] [/home/keveltun/research/recup/veloc/apps/state-diff/include/statediff.hpp:143:client_t] [time elapsed: 1 ms] State-diff client 1 initialized
[INFO 0] [/home/keveltun/research/recup/veloc/apps/state-diff/src/loader/host_cache.cpp:50:set_reader] Host (0)- Setting reader to read from file
[INFO 0] [/home/keveltun/research/recup/veloc/apps/state-diff/src/loader/host_cache.cpp:32:activate] Host (0)- Started fetch thread on host cache
[INFO 0] [/home/keveltun/research/recup/veloc/apps/state-diff/src/loader/data_loader.cpp:137:file_load] Loader (0)- Creating segments without given file offsets
[BENCHMARK 0] [/home/keveltun/research/recup/veloc/apps/state-diff/src/loader/data_loader.cpp:161:file_load] [time elapsed: 0 ms] Created segments and staged for file read
[BENCHMARK 0] [/home/keveltun/research/recup/veloc/apps/state-diff/src/loader/host_cache.cpp:75:fetch_] [time elapsed: 0 ms] Host (0)- Waited any batch for host fetch
[INFO 0] [/home/keveltun/research/recup/veloc/apps/state-diff/src/loader/host_cache.cpp:138:get_completed] Host (0)- Getting completed jobs from ready_q
[BENCHMARK 6] [/home/keveltun/research/recup/veloc/apps/state-diff/src/loader/host_cache.cpp:93:fetch_] [time elapsed: 6127 ms] Host (0)- Fetched 1 batches to host cache
[BENCHMARK 6] [/home/keveltun/research/recup/veloc/apps/state-diff/src/loader/data_loader.cpp:223:next] [time elapsed: 6127 ms] Retrieved pointer to next batch of data for computation
[BENCHMARK 6] [/home/keveltun/research/recup/veloc/apps/state-diff/include/statediff.hpp:203:create] [time elapsed: 6886 ms] State-diff tree -1 created from reader
(1e-07) Chunk size: 65536, Creation time: 6.88614 seconds, throughput: 1.01407 GB/s
Evicting /lus/eagle/projects/RECUP/kassogba/veloc-ckpt/haac/sc-experiments/4gpus/np796-500mil/run1/m000p.mpirestart-combined-0-40.dat
Evicting /lus/eagle/projects/RECUP/kassogba/veloc-ckpt/haac/sc-experiments/4gpus/np796-500mil/run1/m000p.mpirestart-combined-0-20.dat
Evicting /lus/eagle/projects/RECUP/kassogba/veloc-ckpt/haac/sc-experiments/4gpus/np796-500mil/run1/m000p.mpirestart-combined-0-30.dat
Evicting /lus/eagle/projects/RECUP/kassogba/veloc-ckpt/haac/sc-experiments/4gpus/np796-500mil/run1/m000p.mpirestart-combined-0-10.dat

           Files: 4
     Directories: 1
   Evicted Pages: 7324790 (27G)
         Elapsed: 1.9627 seconds
[INFO 0] [/home/keveltun/research/recup/veloc/apps/state-diff/src/loader/host_cache.cpp:11:host_cache_t] Host - Creating a cache of size 16384 MB
[INFO 0] [/home/keveltun/research/recup/veloc/apps/state-diff/src/loader/data_loader.cpp:10:data_loader_t] Loader - host and device caches initialized
[BENCHMARK 0] [/home/keveltun/research/recup/veloc/apps/state-diff/src/loader/data_loader.cpp:11:data_loader_t] [time elapsed: 0 ms] Initialized data loader
Data size = 7497964768
[BENCHMARK 0] [/home/keveltun/research/recup/veloc/apps/state-diff/include/statediff.hpp:143:client_t] [time elapsed: 1 ms] State-diff client 1 initialized
[INFO 0] [/home/keveltun/research/recup/veloc/apps/state-diff/src/loader/host_cache.cpp:50:set_reader] Host (0)- Setting reader to read from file
[INFO 0] [/home/keveltun/research/recup/veloc/apps/state-diff/src/loader/host_cache.cpp:32:activate] Host (0)- Started fetch thread on host cache
[INFO 0] [/home/keveltun/research/recup/veloc/apps/state-diff/src/loader/data_loader.cpp:137:file_load] Loader (0)- Creating segments without given file offsets
[BENCHMARK 0] [/home/keveltun/research/recup/veloc/apps/state-diff/src/loader/data_loader.cpp:161:file_load] [time elapsed: 0 ms] Created segments and staged for file read
[BENCHMARK 0] [/home/keveltun/research/recup/veloc/apps/state-diff/src/loader/host_cache.cpp:75:fetch_] [time elapsed: 0 ms] Host (0)- Waited any batch for host fetch
[INFO 0] [/home/keveltun/research/recup/veloc/apps/state-diff/src/loader/host_cache.cpp:138:get_completed] Host (0)- Getting completed jobs from ready_q
[BENCHMARK 4] [/home/keveltun/research/recup/veloc/apps/state-diff/src/loader/host_cache.cpp:93:fetch_] [time elapsed: 4441 ms] Host (0)- Fetched 1 batches to host cache
[BENCHMARK 4] [/home/keveltun/research/recup/veloc/apps/state-diff/src/loader/data_loader.cpp:223:next] [time elapsed: 4441 ms] Retrieved pointer to next batch of data for computation
[BENCHMARK 5] [/home/keveltun/research/recup/veloc/apps/state-diff/include/statediff.hpp:203:create] [time elapsed: 5512 ms] State-diff tree -1 created from reader
(0.01) Chunk size: 131072, Creation time: 5.51245 seconds, throughput: 1.26677 GB/s
Evicting /lus/eagle/projects/RECUP/kassogba/veloc-ckpt/haac/sc-experiments/4gpus/np796-500mil/run1/m000p.mpirestart-combined-0-40.dat
Evicting /lus/eagle/projects/RECUP/kassogba/veloc-ckpt/haac/sc-experiments/4gpus/np796-500mil/run1/m000p.mpirestart-combined-0-20.dat
Evicting /lus/eagle/projects/RECUP/kassogba/veloc-ckpt/haac/sc-experiments/4gpus/np796-500mil/run1/m000p.mpirestart-combined-0-30.dat
Evicting /lus/eagle/projects/RECUP/kassogba/veloc-ckpt/haac/sc-experiments/4gpus/np796-500mil/run1/m000p.mpirestart-combined-0-10.dat

           Files: 4
     Directories: 1
   Evicted Pages: 7324790 (27G)
         Elapsed: 1.9789 seconds
[INFO 0] [/home/keveltun/research/recup/veloc/apps/state-diff/src/loader/host_cache.cpp:11:host_cache_t] Host - Creating a cache of size 16384 MB
[INFO 0] [/home/keveltun/research/recup/veloc/apps/state-diff/src/loader/data_loader.cpp:10:data_loader_t] Loader - host and device caches initialized
[BENCHMARK 0] [/home/keveltun/research/recup/veloc/apps/state-diff/src/loader/data_loader.cpp:11:data_loader_t] [time elapsed: 0 ms] Initialized data loader
Data size = 7497964768
[BENCHMARK 0] [/home/keveltun/research/recup/veloc/apps/state-diff/include/statediff.hpp:143:client_t] [time elapsed: 1 ms] State-diff client 1 initialized
[INFO 0] [/home/keveltun/research/recup/veloc/apps/state-diff/src/loader/host_cache.cpp:50:set_reader] Host (0)- Setting reader to read from file
[INFO 0] [/home/keveltun/research/recup/veloc/apps/state-diff/src/loader/host_cache.cpp:32:activate] Host (0)- Started fetch thread on host cache
[INFO 0] [/home/keveltun/research/recup/veloc/apps/state-diff/src/loader/data_loader.cpp:137:file_load] Loader (0)- Creating segments without given file offsets
[BENCHMARK 0] [/home/keveltun/research/recup/veloc/apps/state-diff/src/loader/data_loader.cpp:161:file_load] [time elapsed: 0 ms] Created segments and staged for file read
[BENCHMARK 0] [/home/keveltun/research/recup/veloc/apps/state-diff/src/loader/host_cache.cpp:75:fetch_] [time elapsed: 0 ms] Host (0)- Waited any batch for host fetch
[INFO 0] [/home/keveltun/research/recup/veloc/apps/state-diff/src/loader/host_cache.cpp:138:get_completed] Host (0)- Getting completed jobs from ready_q
[BENCHMARK 4] [/home/keveltun/research/recup/veloc/apps/state-diff/src/loader/host_cache.cpp:93:fetch_] [time elapsed: 4629 ms] Host (0)- Fetched 1 batches to host cache
[BENCHMARK 4] [/home/keveltun/research/recup/veloc/apps/state-diff/src/loader/data_loader.cpp:223:next] [time elapsed: 4629 ms] Retrieved pointer to next batch of data for computation
[BENCHMARK 5] [/home/keveltun/research/recup/veloc/apps/state-diff/include/statediff.hpp:203:create] [time elapsed: 5384 ms] State-diff tree -1 created from reader
(0.0001) Chunk size: 131072, Creation time: 5.3846 seconds, throughput: 1.29685 GB/s
Evicting /lus/eagle/projects/RECUP/kassogba/veloc-ckpt/haac/sc-experiments/4gpus/np796-500mil/run1/m000p.mpirestart-combined-0-40.dat
Evicting /lus/eagle/projects/RECUP/kassogba/veloc-ckpt/haac/sc-experiments/4gpus/np796-500mil/run1/m000p.mpirestart-combined-0-20.dat
Evicting /lus/eagle/projects/RECUP/kassogba/veloc-ckpt/haac/sc-experiments/4gpus/np796-500mil/run1/m000p.mpirestart-combined-0-30.dat
Evicting /lus/eagle/projects/RECUP/kassogba/veloc-ckpt/haac/sc-experiments/4gpus/np796-500mil/run1/m000p.mpirestart-combined-0-10.dat

           Files: 4
     Directories: 1
   Evicted Pages: 7324790 (27G)
         Elapsed: 1.9696 seconds
[INFO 0] [/home/keveltun/research/recup/veloc/apps/state-diff/src/loader/host_cache.cpp:11:host_cache_t] Host - Creating a cache of size 16384 MB
[INFO 0] [/home/keveltun/research/recup/veloc/apps/state-diff/src/loader/data_loader.cpp:10:data_loader_t] Loader - host and device caches initialized
[BENCHMARK 0] [/home/keveltun/research/recup/veloc/apps/state-diff/src/loader/data_loader.cpp:11:data_loader_t] [time elapsed: 0 ms] Initialized data loader
Data size = 7497964768
[BENCHMARK 0] [/home/keveltun/research/recup/veloc/apps/state-diff/include/statediff.hpp:143:client_t] [time elapsed: 1 ms] State-diff client 1 initialized
[INFO 0] [/home/keveltun/research/recup/veloc/apps/state-diff/src/loader/host_cache.cpp:50:set_reader] Host (0)- Setting reader to read from file
[INFO 0] [/home/keveltun/research/recup/veloc/apps/state-diff/src/loader/host_cache.cpp:32:activate] Host (0)- Started fetch thread on host cache
[INFO 0] [/home/keveltun/research/recup/veloc/apps/state-diff/src/loader/data_loader.cpp:137:file_load] Loader (0)- Creating segments without given file offsets
[BENCHMARK 0] [/home/keveltun/research/recup/veloc/apps/state-diff/src/loader/data_loader.cpp:161:file_load] [time elapsed: 0 ms] Created segments and staged for file read
[BENCHMARK 0] [/home/keveltun/research/recup/veloc/apps/state-diff/src/loader/host_cache.cpp:75:fetch_] [time elapsed: 0 ms] Host (0)- Waited any batch for host fetch
[INFO 0] [/home/keveltun/research/recup/veloc/apps/state-diff/src/loader/host_cache.cpp:138:get_completed] Host (0)- Getting completed jobs from ready_q
[BENCHMARK 5] [/home/keveltun/research/recup/veloc/apps/state-diff/src/loader/host_cache.cpp:93:fetch_] [time elapsed: 5014 ms] Host (0)- Fetched 1 batches to host cache
[BENCHMARK 5] [/home/keveltun/research/recup/veloc/apps/state-diff/src/loader/data_loader.cpp:223:next] [time elapsed: 5014 ms] Retrieved pointer to next batch of data for computation
[BENCHMARK 5] [/home/keveltun/research/recup/veloc/apps/state-diff/include/statediff.hpp:203:create] [time elapsed: 5764 ms] State-diff tree -1 created from reader
(1e-07) Chunk size: 131072, Creation time: 5.76468 seconds, throughput: 1.21135 GB/s
Evicting /lus/eagle/projects/RECUP/kassogba/veloc-ckpt/haac/sc-experiments/4gpus/np796-500mil/run1/m000p.mpirestart-combined-0-40.dat
Evicting /lus/eagle/projects/RECUP/kassogba/veloc-ckpt/haac/sc-experiments/4gpus/np796-500mil/run1/m000p.mpirestart-combined-0-20.dat
Evicting /lus/eagle/projects/RECUP/kassogba/veloc-ckpt/haac/sc-experiments/4gpus/np796-500mil/run1/m000p.mpirestart-combined-0-30.dat
Evicting /lus/eagle/projects/RECUP/kassogba/veloc-ckpt/haac/sc-experiments/4gpus/np796-500mil/run1/m000p.mpirestart-combined-0-10.dat

           Files: 4
     Directories: 1
   Evicted Pages: 7324790 (27G)
         Elapsed: 1.9587 seconds
[INFO 0] [/home/keveltun/research/recup/veloc/apps/state-diff/src/loader/host_cache.cpp:11:host_cache_t] Host - Creating a cache of size 16384 MB
[INFO 0] [/home/keveltun/research/recup/veloc/apps/state-diff/src/loader/data_loader.cpp:10:data_loader_t] Loader - host and device caches initialized
[BENCHMARK 0] [/home/keveltun/research/recup/veloc/apps/state-diff/src/loader/data_loader.cpp:11:data_loader_t] [time elapsed: 0 ms] Initialized data loader
Data size = 7497964768
[BENCHMARK 0] [/home/keveltun/research/recup/veloc/apps/state-diff/include/statediff.hpp:143:client_t] [time elapsed: 0 ms] State-diff client 1 initialized
[INFO 0] [/home/keveltun/research/recup/veloc/apps/state-diff/src/loader/host_cache.cpp:50:set_reader] Host (0)- Setting reader to read from file
[INFO 0] [/home/keveltun/research/recup/veloc/apps/state-diff/src/loader/host_cache.cpp:32:activate] Host (0)- Started fetch thread on host cache
[INFO 0] [/home/keveltun/research/recup/veloc/apps/state-diff/src/loader/data_loader.cpp:137:file_load] Loader (0)- Creating segments without given file offsets
[BENCHMARK 0] [/home/keveltun/research/recup/veloc/apps/state-diff/src/loader/data_loader.cpp:161:file_load] [time elapsed: 0 ms] Created segments and staged for file read
[BENCHMARK 0] [/home/keveltun/research/recup/veloc/apps/state-diff/src/loader/host_cache.cpp:75:fetch_] [time elapsed: 0 ms] Host (0)- Waited any batch for host fetch
[INFO 0] [/home/keveltun/research/recup/veloc/apps/state-diff/src/loader/host_cache.cpp:138:get_completed] Host (0)- Getting completed jobs from ready_q
[BENCHMARK 3] [/home/keveltun/research/recup/veloc/apps/state-diff/src/loader/host_cache.cpp:93:fetch_] [time elapsed: 3490 ms] Host (0)- Fetched 1 batches to host cache
[BENCHMARK 3] [/home/keveltun/research/recup/veloc/apps/state-diff/src/loader/data_loader.cpp:223:next] [time elapsed: 3490 ms] Retrieved pointer to next batch of data for computation
[BENCHMARK 4] [/home/keveltun/research/recup/veloc/apps/state-diff/include/statediff.hpp:203:create] [time elapsed: 4563 ms] State-diff tree -1 created from reader
(0.01) Chunk size: 262144, Creation time: 4.56341 seconds, throughput: 1.53022 GB/s
Evicting /lus/eagle/projects/RECUP/kassogba/veloc-ckpt/haac/sc-experiments/4gpus/np796-500mil/run1/m000p.mpirestart-combined-0-40.dat
Evicting /lus/eagle/projects/RECUP/kassogba/veloc-ckpt/haac/sc-experiments/4gpus/np796-500mil/run1/m000p.mpirestart-combined-0-20.dat
Evicting /lus/eagle/projects/RECUP/kassogba/veloc-ckpt/haac/sc-experiments/4gpus/np796-500mil/run1/m000p.mpirestart-combined-0-30.dat
Evicting /lus/eagle/projects/RECUP/kassogba/veloc-ckpt/haac/sc-experiments/4gpus/np796-500mil/run1/m000p.mpirestart-combined-0-10.dat

           Files: 4
     Directories: 1
   Evicted Pages: 7324790 (27G)
         Elapsed: 1.9357 seconds
[INFO 0] [/home/keveltun/research/recup/veloc/apps/state-diff/src/loader/host_cache.cpp:11:host_cache_t] Host - Creating a cache of size 16384 MB
[INFO 0] [/home/keveltun/research/recup/veloc/apps/state-diff/src/loader/data_loader.cpp:10:data_loader_t] Loader - host and device caches initialized
[BENCHMARK 0] [/home/keveltun/research/recup/veloc/apps/state-diff/src/loader/data_loader.cpp:11:data_loader_t] [time elapsed: 0 ms] Initialized data loader
Data size = 7497964768
[BENCHMARK 0] [/home/keveltun/research/recup/veloc/apps/state-diff/include/statediff.hpp:143:client_t] [time elapsed: 0 ms] State-diff client 1 initialized
[INFO 0] [/home/keveltun/research/recup/veloc/apps/state-diff/src/loader/host_cache.cpp:50:set_reader] Host (0)- Setting reader to read from file
[INFO 0] [/home/keveltun/research/recup/veloc/apps/state-diff/src/loader/host_cache.cpp:32:activate] Host (0)- Started fetch thread on host cache
[INFO 0] [/home/keveltun/research/recup/veloc/apps/state-diff/src/loader/data_loader.cpp:137:file_load] Loader (0)- Creating segments without given file offsets
[BENCHMARK 0] [/home/keveltun/research/recup/veloc/apps/state-diff/src/loader/data_loader.cpp:161:file_load] [time elapsed: 0 ms] Created segments and staged for file read
[BENCHMARK 0] [/home/keveltun/research/recup/veloc/apps/state-diff/src/loader/host_cache.cpp:75:fetch_] [time elapsed: 0 ms] Host (0)- Waited any batch for host fetch
[INFO 0] [/home/keveltun/research/recup/veloc/apps/state-diff/src/loader/host_cache.cpp:138:get_completed] Host (0)- Getting completed jobs from ready_q
[BENCHMARK 3] [/home/keveltun/research/recup/veloc/apps/state-diff/src/loader/host_cache.cpp:93:fetch_] [time elapsed: 3406 ms] Host (0)- Fetched 1 batches to host cache
[BENCHMARK 3] [/home/keveltun/research/recup/veloc/apps/state-diff/src/loader/data_loader.cpp:223:next] [time elapsed: 3406 ms] Retrieved pointer to next batch of data for computation
[BENCHMARK 4] [/home/keveltun/research/recup/veloc/apps/state-diff/include/statediff.hpp:203:create] [time elapsed: 4173 ms] State-diff tree -1 created from reader
(0.0001) Chunk size: 262144, Creation time: 4.17376 seconds, throughput: 1.67308 GB/s
Evicting /lus/eagle/projects/RECUP/kassogba/veloc-ckpt/haac/sc-experiments/4gpus/np796-500mil/run1/m000p.mpirestart-combined-0-40.dat
Evicting /lus/eagle/projects/RECUP/kassogba/veloc-ckpt/haac/sc-experiments/4gpus/np796-500mil/run1/m000p.mpirestart-combined-0-20.dat
Evicting /lus/eagle/projects/RECUP/kassogba/veloc-ckpt/haac/sc-experiments/4gpus/np796-500mil/run1/m000p.mpirestart-combined-0-30.dat
Evicting /lus/eagle/projects/RECUP/kassogba/veloc-ckpt/haac/sc-experiments/4gpus/np796-500mil/run1/m000p.mpirestart-combined-0-10.dat

           Files: 4
     Directories: 1
   Evicted Pages: 7324790 (27G)
         Elapsed: 1.9733 seconds
[INFO 0] [/home/keveltun/research/recup/veloc/apps/state-diff/src/loader/host_cache.cpp:11:host_cache_t] Host - Creating a cache of size 16384 MB
[INFO 0] [/home/keveltun/research/recup/veloc/apps/state-diff/src/loader/data_loader.cpp:10:data_loader_t] Loader - host and device caches initialized
[BENCHMARK 0] [/home/keveltun/research/recup/veloc/apps/state-diff/src/loader/data_loader.cpp:11:data_loader_t] [time elapsed: 0 ms] Initialized data loader
Data size = 7497964768
[BENCHMARK 0] [/home/keveltun/research/recup/veloc/apps/state-diff/include/statediff.hpp:143:client_t] [time elapsed: 0 ms] State-diff client 1 initialized
[INFO 0] [/home/keveltun/research/recup/veloc/apps/state-diff/src/loader/host_cache.cpp:50:set_reader] Host (0)- Setting reader to read from file
[INFO 0] [/home/keveltun/research/recup/veloc/apps/state-diff/src/loader/host_cache.cpp:32:activate] Host (0)- Started fetch thread on host cache
[INFO 0] [/home/keveltun/research/recup/veloc/apps/state-diff/src/loader/data_loader.cpp:137:file_load] Loader (0)- Creating segments without given file offsets
[BENCHMARK 0] [/home/keveltun/research/recup/veloc/apps/state-diff/src/loader/data_loader.cpp:161:file_load] [time elapsed: 0 ms] Created segments and staged for file read
[BENCHMARK 0] [/home/keveltun/research/recup/veloc/apps/state-diff/src/loader/host_cache.cpp:75:fetch_] [time elapsed: 0 ms] Host (0)- Waited any batch for host fetch
[INFO 0] [/home/keveltun/research/recup/veloc/apps/state-diff/src/loader/host_cache.cpp:138:get_completed] Host (0)- Getting completed jobs from ready_q
[BENCHMARK 3] [/home/keveltun/research/recup/veloc/apps/state-diff/src/loader/host_cache.cpp:93:fetch_] [time elapsed: 3316 ms] Host (0)- Fetched 1 batches to host cache
[BENCHMARK 3] [/home/keveltun/research/recup/veloc/apps/state-diff/src/loader/data_loader.cpp:223:next] [time elapsed: 3316 ms] Retrieved pointer to next batch of data for computation
[BENCHMARK 4] [/home/keveltun/research/recup/veloc/apps/state-diff/include/statediff.hpp:203:create] [time elapsed: 4073 ms] State-diff tree -1 created from reader
(1e-07) Chunk size: 262144, Creation time: 4.07311 seconds, throughput: 1.71442 GB/s
Evicting /lus/eagle/projects/RECUP/kassogba/veloc-ckpt/haac/sc-experiments/4gpus/np796-500mil/run1/m000p.mpirestart-combined-0-40.dat
Evicting /lus/eagle/projects/RECUP/kassogba/veloc-ckpt/haac/sc-experiments/4gpus/np796-500mil/run1/m000p.mpirestart-combined-0-20.dat
Evicting /lus/eagle/projects/RECUP/kassogba/veloc-ckpt/haac/sc-experiments/4gpus/np796-500mil/run1/m000p.mpirestart-combined-0-30.dat
Evicting /lus/eagle/projects/RECUP/kassogba/veloc-ckpt/haac/sc-experiments/4gpus/np796-500mil/run1/m000p.mpirestart-combined-0-10.dat

           Files: 4
     Directories: 1
   Evicted Pages: 7324790 (27G)
         Elapsed: 1.9771 seconds
[INFO 0] [/home/keveltun/research/recup/veloc/apps/state-diff/src/loader/host_cache.cpp:11:host_cache_t] Host - Creating a cache of size 16384 MB
[INFO 0] [/home/keveltun/research/recup/veloc/apps/state-diff/src/loader/data_loader.cpp:10:data_loader_t] Loader - host and device caches initialized
[BENCHMARK 0] [/home/keveltun/research/recup/veloc/apps/state-diff/src/loader/data_loader.cpp:11:data_loader_t] [time elapsed: 0 ms] Initialized data loader
Data size = 7497964768
[BENCHMARK 0] [/home/keveltun/research/recup/veloc/apps/state-diff/include/statediff.hpp:143:client_t] [time elapsed: 0 ms] State-diff client 1 initialized
[INFO 0] [/home/keveltun/research/recup/veloc/apps/state-diff/src/loader/host_cache.cpp:50:set_reader] Host (0)- Setting reader to read from file
[INFO 0] [/home/keveltun/research/recup/veloc/apps/state-diff/src/loader/host_cache.cpp:32:activate] Host (0)- Started fetch thread on host cache
[INFO 0] [/home/keveltun/research/recup/veloc/apps/state-diff/src/loader/data_loader.cpp:137:file_load] Loader (0)- Creating segments without given file offsets
[BENCHMARK 0] [/home/keveltun/research/recup/veloc/apps/state-diff/src/loader/data_loader.cpp:161:file_load] [time elapsed: 0 ms] Created segments and staged for file read
[BENCHMARK 0] [/home/keveltun/research/recup/veloc/apps/state-diff/src/loader/host_cache.cpp:75:fetch_] [time elapsed: 0 ms] Host (0)- Waited any batch for host fetch
[INFO 0] [/home/keveltun/research/recup/veloc/apps/state-diff/src/loader/host_cache.cpp:138:get_completed] Host (0)- Getting completed jobs from ready_q
[BENCHMARK 2] [/home/keveltun/research/recup/veloc/apps/state-diff/src/loader/host_cache.cpp:93:fetch_] [time elapsed: 2481 ms] Host (0)- Fetched 1 batches to host cache
[BENCHMARK 2] [/home/keveltun/research/recup/veloc/apps/state-diff/src/loader/data_loader.cpp:223:next] [time elapsed: 2481 ms] Retrieved pointer to next batch of data for computation
[BENCHMARK 3] [/home/keveltun/research/recup/veloc/apps/state-diff/include/statediff.hpp:203:create] [time elapsed: 3556 ms] State-diff tree -1 created from reader
(0.01) Chunk size: 524288, Creation time: 3.55611 seconds, throughput: 1.96367 GB/s
Evicting /lus/eagle/projects/RECUP/kassogba/veloc-ckpt/haac/sc-experiments/4gpus/np796-500mil/run1/m000p.mpirestart-combined-0-40.dat
Evicting /lus/eagle/projects/RECUP/kassogba/veloc-ckpt/haac/sc-experiments/4gpus/np796-500mil/run1/m000p.mpirestart-combined-0-20.dat
Evicting /lus/eagle/projects/RECUP/kassogba/veloc-ckpt/haac/sc-experiments/4gpus/np796-500mil/run1/m000p.mpirestart-combined-0-30.dat
Evicting /lus/eagle/projects/RECUP/kassogba/veloc-ckpt/haac/sc-experiments/4gpus/np796-500mil/run1/m000p.mpirestart-combined-0-10.dat

           Files: 4
     Directories: 1
   Evicted Pages: 7324790 (27G)
         Elapsed: 1.9693 seconds
[INFO 0] [/home/keveltun/research/recup/veloc/apps/state-diff/src/loader/host_cache.cpp:11:host_cache_t] Host - Creating a cache of size 16384 MB
[INFO 0] [/home/keveltun/research/recup/veloc/apps/state-diff/src/loader/data_loader.cpp:10:data_loader_t] Loader - host and device caches initialized
[BENCHMARK 0] [/home/keveltun/research/recup/veloc/apps/state-diff/src/loader/data_loader.cpp:11:data_loader_t] [time elapsed: 0 ms] Initialized data loader
Data size = 7497964768
[BENCHMARK 0] [/home/keveltun/research/recup/veloc/apps/state-diff/include/statediff.hpp:143:client_t] [time elapsed: 0 ms] State-diff client 1 initialized
[INFO 0] [/home/keveltun/research/recup/veloc/apps/state-diff/src/loader/host_cache.cpp:50:set_reader] Host (0)- Setting reader to read from file
[INFO 0] [/home/keveltun/research/recup/veloc/apps/state-diff/src/loader/host_cache.cpp:32:activate] Host (0)- Started fetch thread on host cache
[INFO 0] [/home/keveltun/research/recup/veloc/apps/state-diff/src/loader/data_loader.cpp:137:file_load] Loader (0)- Creating segments without given file offsets
[BENCHMARK 0] [/home/keveltun/research/recup/veloc/apps/state-diff/src/loader/data_loader.cpp:161:file_load] [time elapsed: 0 ms] Created segments and staged for file read
[BENCHMARK 0] [/home/keveltun/research/recup/veloc/apps/state-diff/src/loader/host_cache.cpp:75:fetch_] [time elapsed: 0 ms] Host (0)- Waited any batch for host fetch
[INFO 0] [/home/keveltun/research/recup/veloc/apps/state-diff/src/loader/host_cache.cpp:138:get_completed] Host (0)- Getting completed jobs from ready_q
[BENCHMARK 2] [/home/keveltun/research/recup/veloc/apps/state-diff/src/loader/host_cache.cpp:93:fetch_] [time elapsed: 2422 ms] Host (0)- Fetched 1 batches to host cache
[BENCHMARK 2] [/home/keveltun/research/recup/veloc/apps/state-diff/src/loader/data_loader.cpp:223:next] [time elapsed: 2422 ms] Retrieved pointer to next batch of data for computation
[BENCHMARK 3] [/home/keveltun/research/recup/veloc/apps/state-diff/include/statediff.hpp:203:create] [time elapsed: 3180 ms] State-diff tree -1 created from reader
(0.0001) Chunk size: 524288, Creation time: 3.18092 seconds, throughput: 2.19528 GB/s
Evicting /lus/eagle/projects/RECUP/kassogba/veloc-ckpt/haac/sc-experiments/4gpus/np796-500mil/run1/m000p.mpirestart-combined-0-40.dat
Evicting /lus/eagle/projects/RECUP/kassogba/veloc-ckpt/haac/sc-experiments/4gpus/np796-500mil/run1/m000p.mpirestart-combined-0-20.dat
Evicting /lus/eagle/projects/RECUP/kassogba/veloc-ckpt/haac/sc-experiments/4gpus/np796-500mil/run1/m000p.mpirestart-combined-0-30.dat
Evicting /lus/eagle/projects/RECUP/kassogba/veloc-ckpt/haac/sc-experiments/4gpus/np796-500mil/run1/m000p.mpirestart-combined-0-10.dat

           Files: 4
     Directories: 1
   Evicted Pages: 7324790 (27G)
         Elapsed: 1.9747 seconds
[INFO 0] [/home/keveltun/research/recup/veloc/apps/state-diff/src/loader/host_cache.cpp:11:host_cache_t] Host - Creating a cache of size 16384 MB
[INFO 0] [/home/keveltun/research/recup/veloc/apps/state-diff/src/loader/data_loader.cpp:10:data_loader_t] Loader - host and device caches initialized
[BENCHMARK 0] [/home/keveltun/research/recup/veloc/apps/state-diff/src/loader/data_loader.cpp:11:data_loader_t] [time elapsed: 0 ms] Initialized data loader
Data size = 7497964768
[BENCHMARK 0] [/home/keveltun/research/recup/veloc/apps/state-diff/include/statediff.hpp:143:client_t] [time elapsed: 0 ms] State-diff client 1 initialized
[INFO 0] [/home/keveltun/research/recup/veloc/apps/state-diff/src/loader/host_cache.cpp:50:set_reader] Host (0)- Setting reader to read from file
[INFO 0] [/home/keveltun/research/recup/veloc/apps/state-diff/src/loader/host_cache.cpp:32:activate] Host (0)- Started fetch thread on host cache
[INFO 0] [/home/keveltun/research/recup/veloc/apps/state-diff/src/loader/data_loader.cpp:137:file_load] Loader (0)- Creating segments without given file offsets
[BENCHMARK 0] [/home/keveltun/research/recup/veloc/apps/state-diff/src/loader/data_loader.cpp:161:file_load] [time elapsed: 0 ms] Created segments and staged for file read
[BENCHMARK 0] [/home/keveltun/research/recup/veloc/apps/state-diff/src/loader/host_cache.cpp:75:fetch_] [time elapsed: 0 ms] Host (0)- Waited any batch for host fetch
[INFO 0] [/home/keveltun/research/recup/veloc/apps/state-diff/src/loader/host_cache.cpp:138:get_completed] Host (0)- Getting completed jobs from ready_q
[BENCHMARK 2] [/home/keveltun/research/recup/veloc/apps/state-diff/src/loader/host_cache.cpp:93:fetch_] [time elapsed: 2571 ms] Host (0)- Fetched 1 batches to host cache
[BENCHMARK 2] [/home/keveltun/research/recup/veloc/apps/state-diff/src/loader/data_loader.cpp:223:next] [time elapsed: 2571 ms] Retrieved pointer to next batch of data for computation
[BENCHMARK 3] [/home/keveltun/research/recup/veloc/apps/state-diff/include/statediff.hpp:203:create] [time elapsed: 3335 ms] State-diff tree -1 created from reader
(1e-07) Chunk size: 524288, Creation time: 3.33537 seconds, throughput: 2.09363 GB/s
Evicting /lus/eagle/projects/RECUP/kassogba/veloc-ckpt/haac/sc-experiments/4gpus/np796-500mil/run1/m000p.mpirestart-combined-0-40.dat
Evicting /lus/eagle/projects/RECUP/kassogba/veloc-ckpt/haac/sc-experiments/4gpus/np796-500mil/run1/m000p.mpirestart-combined-0-20.dat
Evicting /lus/eagle/projects/RECUP/kassogba/veloc-ckpt/haac/sc-experiments/4gpus/np796-500mil/run1/m000p.mpirestart-combined-0-30.dat
Evicting /lus/eagle/projects/RECUP/kassogba/veloc-ckpt/haac/sc-experiments/4gpus/np796-500mil/run1/m000p.mpirestart-combined-0-10.dat

           Files: 4
     Directories: 1
   Evicted Pages: 7324790 (27G)
         Elapsed: 1.9649 seconds
[INFO 0] [/home/keveltun/research/recup/veloc/apps/state-diff/src/loader/host_cache.cpp:11:host_cache_t] Host - Creating a cache of size 16384 MB
[INFO 0] [/home/keveltun/research/recup/veloc/apps/state-diff/src/loader/data_loader.cpp:10:data_loader_t] Loader - host and device caches initialized
[BENCHMARK 0] [/home/keveltun/research/recup/veloc/apps/state-diff/src/loader/data_loader.cpp:11:data_loader_t] [time elapsed: 0 ms] Initialized data loader
Data size = 7497964768
[BENCHMARK 0] [/home/keveltun/research/recup/veloc/apps/state-diff/include/statediff.hpp:143:client_t] [time elapsed: 0 ms] State-diff client 1 initialized
[INFO 0] [/home/keveltun/research/recup/veloc/apps/state-diff/src/loader/host_cache.cpp:50:set_reader] Host (0)- Setting reader to read from file
[INFO 0] [/home/keveltun/research/recup/veloc/apps/state-diff/src/loader/host_cache.cpp:32:activate] Host (0)- Started fetch thread on host cache
[INFO 0] [/home/keveltun/research/recup/veloc/apps/state-diff/src/loader/data_loader.cpp:137:file_load] Loader (0)- Creating segments without given file offsets
[BENCHMARK 0] [/home/keveltun/research/recup/veloc/apps/state-diff/src/loader/data_loader.cpp:161:file_load] [time elapsed: 0 ms] Created segments and staged for file read
[BENCHMARK 0] [/home/keveltun/research/recup/veloc/apps/state-diff/src/loader/host_cache.cpp:75:fetch_] [time elapsed: 0 ms] Host (0)- Waited any batch for host fetch
[INFO 0] [/home/keveltun/research/recup/veloc/apps/state-diff/src/loader/host_cache.cpp:138:get_completed] Host (0)- Getting completed jobs from ready_q
[BENCHMARK 2] [/home/keveltun/research/recup/veloc/apps/state-diff/src/loader/host_cache.cpp:93:fetch_] [time elapsed: 2150 ms] Host (0)- Fetched 1 batches to host cache
[BENCHMARK 2] [/home/keveltun/research/recup/veloc/apps/state-diff/src/loader/data_loader.cpp:223:next] [time elapsed: 2150 ms] Retrieved pointer to next batch of data for computation
[BENCHMARK 3] [/home/keveltun/research/recup/veloc/apps/state-diff/include/statediff.hpp:203:create] [time elapsed: 3224 ms] State-diff tree -1 created from reader
(0.01) Chunk size: 1048576, Creation time: 3.22483 seconds, throughput: 2.16539 GB/s
Evicting /lus/eagle/projects/RECUP/kassogba/veloc-ckpt/haac/sc-experiments/4gpus/np796-500mil/run1/m000p.mpirestart-combined-0-40.dat
Evicting /lus/eagle/projects/RECUP/kassogba/veloc-ckpt/haac/sc-experiments/4gpus/np796-500mil/run1/m000p.mpirestart-combined-0-20.dat
Evicting /lus/eagle/projects/RECUP/kassogba/veloc-ckpt/haac/sc-experiments/4gpus/np796-500mil/run1/m000p.mpirestart-combined-0-30.dat
Evicting /lus/eagle/projects/RECUP/kassogba/veloc-ckpt/haac/sc-experiments/4gpus/np796-500mil/run1/m000p.mpirestart-combined-0-10.dat

           Files: 4
     Directories: 1
   Evicted Pages: 7324790 (27G)
         Elapsed: 1.9647 seconds
[INFO 0] [/home/keveltun/research/recup/veloc/apps/state-diff/src/loader/host_cache.cpp:11:host_cache_t] Host - Creating a cache of size 16384 MB
[INFO 0] [/home/keveltun/research/recup/veloc/apps/state-diff/src/loader/data_loader.cpp:10:data_loader_t] Loader - host and device caches initialized
[BENCHMARK 0] [/home/keveltun/research/recup/veloc/apps/state-diff/src/loader/data_loader.cpp:11:data_loader_t] [time elapsed: 0 ms] Initialized data loader
Data size = 7497964768
[BENCHMARK 0] [/home/keveltun/research/recup/veloc/apps/state-diff/include/statediff.hpp:143:client_t] [time elapsed: 0 ms] State-diff client 1 initialized
[INFO 0] [/home/keveltun/research/recup/veloc/apps/state-diff/src/loader/host_cache.cpp:50:set_reader] Host (0)- Setting reader to read from file
[INFO 0] [/home/keveltun/research/recup/veloc/apps/state-diff/src/loader/host_cache.cpp:32:activate] Host (0)- Started fetch thread on host cache
[INFO 0] [/home/keveltun/research/recup/veloc/apps/state-diff/src/loader/data_loader.cpp:137:file_load] Loader (0)- Creating segments without given file offsets
[BENCHMARK 0] [/home/keveltun/research/recup/veloc/apps/state-diff/src/loader/data_loader.cpp:161:file_load] [time elapsed: 0 ms] Created segments and staged for file read
[BENCHMARK 0] [/home/keveltun/research/recup/veloc/apps/state-diff/src/loader/host_cache.cpp:75:fetch_] [time elapsed: 0 ms] Host (0)- Waited any batch for host fetch
[INFO 0] [/home/keveltun/research/recup/veloc/apps/state-diff/src/loader/host_cache.cpp:138:get_completed] Host (0)- Getting completed jobs from ready_q
[BENCHMARK 2] [/home/keveltun/research/recup/veloc/apps/state-diff/src/loader/host_cache.cpp:93:fetch_] [time elapsed: 2040 ms] Host (0)- Fetched 1 batches to host cache
[BENCHMARK 2] [/home/keveltun/research/recup/veloc/apps/state-diff/src/loader/data_loader.cpp:223:next] [time elapsed: 2040 ms] Retrieved pointer to next batch of data for computation
[BENCHMARK 2] [/home/keveltun/research/recup/veloc/apps/state-diff/include/statediff.hpp:203:create] [time elapsed: 2800 ms] State-diff tree -1 created from reader
(0.0001) Chunk size: 1048576, Creation time: 2.80013 seconds, throughput: 2.49382 GB/s
Evicting /lus/eagle/projects/RECUP/kassogba/veloc-ckpt/haac/sc-experiments/4gpus/np796-500mil/run1/m000p.mpirestart-combined-0-40.dat
Evicting /lus/eagle/projects/RECUP/kassogba/veloc-ckpt/haac/sc-experiments/4gpus/np796-500mil/run1/m000p.mpirestart-combined-0-20.dat
Evicting /lus/eagle/projects/RECUP/kassogba/veloc-ckpt/haac/sc-experiments/4gpus/np796-500mil/run1/m000p.mpirestart-combined-0-30.dat
Evicting /lus/eagle/projects/RECUP/kassogba/veloc-ckpt/haac/sc-experiments/4gpus/np796-500mil/run1/m000p.mpirestart-combined-0-10.dat

           Files: 4
     Directories: 1
   Evicted Pages: 7324790 (27G)
         Elapsed: 1.9665 seconds
[INFO 0] [/home/keveltun/research/recup/veloc/apps/state-diff/src/loader/host_cache.cpp:11:host_cache_t] Host - Creating a cache of size 16384 MB
[INFO 0] [/home/keveltun/research/recup/veloc/apps/state-diff/src/loader/data_loader.cpp:10:data_loader_t] Loader - host and device caches initialized
[BENCHMARK 0] [/home/keveltun/research/recup/veloc/apps/state-diff/src/loader/data_loader.cpp:11:data_loader_t] [time elapsed: 0 ms] Initialized data loader
Data size = 7497964768
[BENCHMARK 0] [/home/keveltun/research/recup/veloc/apps/state-diff/include/statediff.hpp:143:client_t] [time elapsed: 0 ms] State-diff client 1 initialized
[INFO 0] [/home/keveltun/research/recup/veloc/apps/state-diff/src/loader/host_cache.cpp:50:set_reader] Host (0)- Setting reader to read from file
[INFO 0] [/home/keveltun/research/recup/veloc/apps/state-diff/src/loader/host_cache.cpp:32:activate] Host (0)- Started fetch thread on host cache
[INFO 0] [/home/keveltun/research/recup/veloc/apps/state-diff/src/loader/data_loader.cpp:137:file_load] Loader (0)- Creating segments without given file offsets
[BENCHMARK 0] [/home/keveltun/research/recup/veloc/apps/state-diff/src/loader/data_loader.cpp:161:file_load] [time elapsed: 0 ms] Created segments and staged for file read
[BENCHMARK 0] [/home/keveltun/research/recup/veloc/apps/state-diff/src/loader/host_cache.cpp:75:fetch_] [time elapsed: 0 ms] Host (0)- Waited any batch for host fetch
[INFO 0] [/home/keveltun/research/recup/veloc/apps/state-diff/src/loader/host_cache.cpp:138:get_completed] Host (0)- Getting completed jobs from ready_q
[BENCHMARK 2] [/home/keveltun/research/recup/veloc/apps/state-diff/src/loader/host_cache.cpp:93:fetch_] [time elapsed: 2138 ms] Host (0)- Fetched 1 batches to host cache
[BENCHMARK 2] [/home/keveltun/research/recup/veloc/apps/state-diff/src/loader/data_loader.cpp:223:next] [time elapsed: 2138 ms] Retrieved pointer to next batch of data for computation
[BENCHMARK 2] [/home/keveltun/research/recup/veloc/apps/state-diff/include/statediff.hpp:203:create] [time elapsed: 2902 ms] State-diff tree -1 created from reader
(1e-07) Chunk size: 1048576, Creation time: 2.90228 seconds, throughput: 2.40604 GB/s
Evicting /lus/eagle/projects/RECUP/kassogba/veloc-ckpt/haac/sc-experiments/4gpus/np796-500mil/run1/m000p.mpirestart-combined-0-40.dat
Evicting /lus/eagle/projects/RECUP/kassogba/veloc-ckpt/haac/sc-experiments/4gpus/np796-500mil/run1/m000p.mpirestart-combined-0-20.dat
Evicting /lus/eagle/projects/RECUP/kassogba/veloc-ckpt/haac/sc-experiments/4gpus/np796-500mil/run1/m000p.mpirestart-combined-0-30.dat
Evicting /lus/eagle/projects/RECUP/kassogba/veloc-ckpt/haac/sc-experiments/4gpus/np796-500mil/run1/m000p.mpirestart-combined-0-10.dat

           Files: 4
     Directories: 1
   Evicted Pages: 7324790 (27G)
         Elapsed: 1.9797 seconds
[INFO 0] [/home/keveltun/research/recup/veloc/apps/state-diff/src/loader/host_cache.cpp:11:host_cache_t] Host - Creating a cache of size 16384 MB
[INFO 0] [/home/keveltun/research/recup/veloc/apps/state-diff/src/loader/data_loader.cpp:10:data_loader_t] Loader - host and device caches initialized
[BENCHMARK 0] [/home/keveltun/research/recup/veloc/apps/state-diff/src/loader/data_loader.cpp:11:data_loader_t] [time elapsed: 0 ms] Initialized data loader
Data size = 7497964768
[BENCHMARK 0] [/home/keveltun/research/recup/veloc/apps/state-diff/include/statediff.hpp:143:client_t] [time elapsed: 0 ms] State-diff client 1 initialized
[INFO 0] [/home/keveltun/research/recup/veloc/apps/state-diff/src/loader/host_cache.cpp:50:set_reader] Host (0)- Setting reader to read from file
[INFO 0] [/home/keveltun/research/recup/veloc/apps/state-diff/src/loader/host_cache.cpp:32:activate] Host (0)- Started fetch thread on host cache
[INFO 0] [/home/keveltun/research/recup/veloc/apps/state-diff/src/loader/data_loader.cpp:137:file_load] Loader (0)- Creating segments without given file offsets
[BENCHMARK 0] [/home/keveltun/research/recup/veloc/apps/state-diff/src/loader/data_loader.cpp:161:file_load] [time elapsed: 0 ms] Created segments and staged for file read
[INFO 0] [/home/keveltun/research/recup/veloc/apps/state-diff/src/loader/host_cache.cpp:138:get_completed] Host (0)- Getting completed jobs from ready_q
[BENCHMARK 0] [/home/keveltun/research/recup/veloc/apps/state-diff/src/loader/host_cache.cpp:75:fetch_] [time elapsed: 0 ms] Host (0)- Waited any batch for host fetch
[BENCHMARK 2] [/home/keveltun/research/recup/veloc/apps/state-diff/src/loader/host_cache.cpp:93:fetch_] [time elapsed: 2031 ms] Host (0)- Fetched 1 batches to host cache
[BENCHMARK 2] [/home/keveltun/research/recup/veloc/apps/state-diff/src/loader/data_loader.cpp:223:next] [time elapsed: 2031 ms] Retrieved pointer to next batch of data for computation
[BENCHMARK 3] [/home/keveltun/research/recup/veloc/apps/state-diff/include/statediff.hpp:203:create] [time elapsed: 3108 ms] State-diff tree -1 created from reader
(0.01) Chunk size: 2097152, Creation time: 3.10825 seconds, throughput: 2.24661 GB/s
Evicting /lus/eagle/projects/RECUP/kassogba/veloc-ckpt/haac/sc-experiments/4gpus/np796-500mil/run1/m000p.mpirestart-combined-0-40.dat
Evicting /lus/eagle/projects/RECUP/kassogba/veloc-ckpt/haac/sc-experiments/4gpus/np796-500mil/run1/m000p.mpirestart-combined-0-20.dat
Evicting /lus/eagle/projects/RECUP/kassogba/veloc-ckpt/haac/sc-experiments/4gpus/np796-500mil/run1/m000p.mpirestart-combined-0-30.dat
Evicting /lus/eagle/projects/RECUP/kassogba/veloc-ckpt/haac/sc-experiments/4gpus/np796-500mil/run1/m000p.mpirestart-combined-0-10.dat

           Files: 4
     Directories: 1
   Evicted Pages: 7324790 (27G)
         Elapsed: 1.9662 seconds
[INFO 0] [/home/keveltun/research/recup/veloc/apps/state-diff/src/loader/host_cache.cpp:11:host_cache_t] Host - Creating a cache of size 16384 MB
[INFO 0] [/home/keveltun/research/recup/veloc/apps/state-diff/src/loader/data_loader.cpp:10:data_loader_t] Loader - host and device caches initialized
[BENCHMARK 0] [/home/keveltun/research/recup/veloc/apps/state-diff/src/loader/data_loader.cpp:11:data_loader_t] [time elapsed: 0 ms] Initialized data loader
Data size = 7497964768
[BENCHMARK 0] [/home/keveltun/research/recup/veloc/apps/state-diff/include/statediff.hpp:143:client_t] [time elapsed: 0 ms] State-diff client 1 initialized
[INFO 0] [/home/keveltun/research/recup/veloc/apps/state-diff/src/loader/host_cache.cpp:50:set_reader] Host (0)- Setting reader to read from file
[INFO 0] [/home/keveltun/research/recup/veloc/apps/state-diff/src/loader/host_cache.cpp:32:activate] Host (0)- Started fetch thread on host cache
[INFO 0] [/home/keveltun/research/recup/veloc/apps/state-diff/src/loader/data_loader.cpp:137:file_load] Loader (0)- Creating segments without given file offsets
[BENCHMARK 0] [/home/keveltun/research/recup/veloc/apps/state-diff/src/loader/data_loader.cpp:161:file_load] [time elapsed: 0 ms] Created segments and staged for file read
[BENCHMARK 0] [/home/keveltun/research/recup/veloc/apps/state-diff/src/loader/host_cache.cpp:75:fetch_] [time elapsed: 0 ms] Host (0)- Waited any batch for host fetch
[INFO 0] [/home/keveltun/research/recup/veloc/apps/state-diff/src/loader/host_cache.cpp:138:get_completed] Host (0)- Getting completed jobs from ready_q
[BENCHMARK 2] [/home/keveltun/research/recup/veloc/apps/state-diff/src/loader/host_cache.cpp:93:fetch_] [time elapsed: 2023 ms] Host (0)- Fetched 1 batches to host cache
[BENCHMARK 2] [/home/keveltun/research/recup/veloc/apps/state-diff/src/loader/data_loader.cpp:223:next] [time elapsed: 2023 ms] Retrieved pointer to next batch of data for computation
[BENCHMARK 2] [/home/keveltun/research/recup/veloc/apps/state-diff/include/statediff.hpp:203:create] [time elapsed: 2784 ms] State-diff tree -1 created from reader
(0.0001) Chunk size: 2097152, Creation time: 2.78461 seconds, throughput: 2.50772 GB/s
Evicting /lus/eagle/projects/RECUP/kassogba/veloc-ckpt/haac/sc-experiments/4gpus/np796-500mil/run1/m000p.mpirestart-combined-0-40.dat
Evicting /lus/eagle/projects/RECUP/kassogba/veloc-ckpt/haac/sc-experiments/4gpus/np796-500mil/run1/m000p.mpirestart-combined-0-20.dat
Evicting /lus/eagle/projects/RECUP/kassogba/veloc-ckpt/haac/sc-experiments/4gpus/np796-500mil/run1/m000p.mpirestart-combined-0-30.dat
Evicting /lus/eagle/projects/RECUP/kassogba/veloc-ckpt/haac/sc-experiments/4gpus/np796-500mil/run1/m000p.mpirestart-combined-0-10.dat

           Files: 4
     Directories: 1
   Evicted Pages: 7324790 (27G)
         Elapsed: 1.9786 seconds
[INFO 0] [/home/keveltun/research/recup/veloc/apps/state-diff/src/loader/host_cache.cpp:11:host_cache_t] Host - Creating a cache of size 16384 MB
[INFO 0] [/home/keveltun/research/recup/veloc/apps/state-diff/src/loader/data_loader.cpp:10:data_loader_t] Loader - host and device caches initialized
[BENCHMARK 0] [/home/keveltun/research/recup/veloc/apps/state-diff/src/loader/data_loader.cpp:11:data_loader_t] [time elapsed: 0 ms] Initialized data loader
Data size = 7497964768
[BENCHMARK 0] [/home/keveltun/research/recup/veloc/apps/state-diff/include/statediff.hpp:143:client_t] [time elapsed: 0 ms] State-diff client 1 initialized
[INFO 0] [/home/keveltun/research/recup/veloc/apps/state-diff/src/loader/host_cache.cpp:50:set_reader] Host (0)- Setting reader to read from file
[INFO 0] [/home/keveltun/research/recup/veloc/apps/state-diff/src/loader/host_cache.cpp:32:activate] Host (0)- Started fetch thread on host cache
[INFO 0] [/home/keveltun/research/recup/veloc/apps/state-diff/src/loader/data_loader.cpp:137:file_load] Loader (0)- Creating segments without given file offsets
[BENCHMARK 0] [/home/keveltun/research/recup/veloc/apps/state-diff/src/loader/data_loader.cpp:161:file_load] [time elapsed: 0 ms] Created segments and staged for file read
[BENCHMARK 0] [/home/keveltun/research/recup/veloc/apps/state-diff/src/loader/host_cache.cpp:75:fetch_] [time elapsed: 0 ms] Host (0)- Waited any batch for host fetch
[INFO 0] [/home/keveltun/research/recup/veloc/apps/state-diff/src/loader/host_cache.cpp:138:get_completed] Host (0)- Getting completed jobs from ready_q
[BENCHMARK 2] [/home/keveltun/research/recup/veloc/apps/state-diff/src/loader/host_cache.cpp:93:fetch_] [time elapsed: 2008 ms] Host (0)- Fetched 1 batches to host cache
[BENCHMARK 2] [/home/keveltun/research/recup/veloc/apps/state-diff/src/loader/data_loader.cpp:223:next] [time elapsed: 2008 ms] Retrieved pointer to next batch of data for computation
[BENCHMARK 2] [/home/keveltun/research/recup/veloc/apps/state-diff/include/statediff.hpp:203:create] [time elapsed: 2774 ms] State-diff tree -1 created from reader
(1e-07) Chunk size: 2097152, Creation time: 2.77409 seconds, throughput: 2.51723 GB/s
Evicting /lus/eagle/projects/RECUP/kassogba/veloc-ckpt/haac/sc-experiments/4gpus/np796-500mil/run1/m000p.mpirestart-combined-0-40.dat
Evicting /lus/eagle/projects/RECUP/kassogba/veloc-ckpt/haac/sc-experiments/4gpus/np796-500mil/run1/m000p.mpirestart-combined-0-20.dat
Evicting /lus/eagle/projects/RECUP/kassogba/veloc-ckpt/haac/sc-experiments/4gpus/np796-500mil/run1/m000p.mpirestart-combined-0-30.dat
Evicting /lus/eagle/projects/RECUP/kassogba/veloc-ckpt/haac/sc-experiments/4gpus/np796-500mil/run1/m000p.mpirestart-combined-0-10.dat

           Files: 4
     Directories: 1
   Evicted Pages: 7324790 (27G)
         Elapsed: 1.9167 seconds
[INFO 0] [/home/keveltun/research/recup/veloc/apps/state-diff/src/loader/host_cache.cpp:11:host_cache_t] Host - Creating a cache of size 16384 MB
[INFO 0] [/home/keveltun/research/recup/veloc/apps/state-diff/src/loader/data_loader.cpp:10:data_loader_t] Loader - host and device caches initialized
[BENCHMARK 0] [/home/keveltun/research/recup/veloc/apps/state-diff/src/loader/data_loader.cpp:11:data_loader_t] [time elapsed: 0 ms] Initialized data loader
Data size = 7497964768
[BENCHMARK 0] [/home/keveltun/research/recup/veloc/apps/state-diff/include/statediff.hpp:143:client_t] [time elapsed: 0 ms] State-diff client 1 initialized
[INFO 0] [/home/keveltun/research/recup/veloc/apps/state-diff/src/loader/host_cache.cpp:50:set_reader] Host (0)- Setting reader to read from file
[INFO 0] [/home/keveltun/research/recup/veloc/apps/state-diff/src/loader/host_cache.cpp:32:activate] Host (0)- Started fetch thread on host cache
[INFO 0] [/home/keveltun/research/recup/veloc/apps/state-diff/src/loader/data_loader.cpp:137:file_load] Loader (0)- Creating segments without given file offsets
[BENCHMARK 0] [/home/keveltun/research/recup/veloc/apps/state-diff/src/loader/data_loader.cpp:161:file_load] [time elapsed: 0 ms] Created segments and staged for file read
[BENCHMARK 0] [/home/keveltun/research/recup/veloc/apps/state-diff/src/loader/host_cache.cpp:75:fetch_] [time elapsed: 0 ms] Host (0)- Waited any batch for host fetch
[INFO 0] [/home/keveltun/research/recup/veloc/apps/state-diff/src/loader/host_cache.cpp:138:get_completed] Host (0)- Getting completed jobs from ready_q
[BENCHMARK 2] [/home/keveltun/research/recup/veloc/apps/state-diff/src/loader/host_cache.cpp:93:fetch_] [time elapsed: 1993 ms] Host (0)- Fetched 1 batches to host cache
[BENCHMARK 2] [/home/keveltun/research/recup/veloc/apps/state-diff/src/loader/data_loader.cpp:223:next] [time elapsed: 1993 ms] Retrieved pointer to next batch of data for computation
[BENCHMARK 3] [/home/keveltun/research/recup/veloc/apps/state-diff/include/statediff.hpp:203:create] [time elapsed: 3084 ms] State-diff tree -1 created from reader
(0.01) Chunk size: 4194304, Creation time: 3.08475 seconds, throughput: 2.26372 GB/s
Evicting /lus/eagle/projects/RECUP/kassogba/veloc-ckpt/haac/sc-experiments/4gpus/np796-500mil/run1/m000p.mpirestart-combined-0-40.dat
Evicting /lus/eagle/projects/RECUP/kassogba/veloc-ckpt/haac/sc-experiments/4gpus/np796-500mil/run1/m000p.mpirestart-combined-0-20.dat
Evicting /lus/eagle/projects/RECUP/kassogba/veloc-ckpt/haac/sc-experiments/4gpus/np796-500mil/run1/m000p.mpirestart-combined-0-30.dat
Evicting /lus/eagle/projects/RECUP/kassogba/veloc-ckpt/haac/sc-experiments/4gpus/np796-500mil/run1/m000p.mpirestart-combined-0-10.dat

           Files: 4
     Directories: 1
   Evicted Pages: 7324790 (27G)
         Elapsed: 1.9726 seconds
[INFO 0] [/home/keveltun/research/recup/veloc/apps/state-diff/src/loader/host_cache.cpp:11:host_cache_t] Host - Creating a cache of size 16384 MB
[INFO 0] [/home/keveltun/research/recup/veloc/apps/state-diff/src/loader/data_loader.cpp:10:data_loader_t] Loader - host and device caches initialized
[BENCHMARK 0] [/home/keveltun/research/recup/veloc/apps/state-diff/src/loader/data_loader.cpp:11:data_loader_t] [time elapsed: 0 ms] Initialized data loader
Data size = 7497964768
[BENCHMARK 0] [/home/keveltun/research/recup/veloc/apps/state-diff/include/statediff.hpp:143:client_t] [time elapsed: 0 ms] State-diff client 1 initialized
[INFO 0] [/home/keveltun/research/recup/veloc/apps/state-diff/src/loader/host_cache.cpp:50:set_reader] Host (0)- Setting reader to read from file
[INFO 0] [/home/keveltun/research/recup/veloc/apps/state-diff/src/loader/host_cache.cpp:32:activate] Host (0)- Started fetch thread on host cache
[INFO 0] [/home/keveltun/research/recup/veloc/apps/state-diff/src/loader/data_loader.cpp:137:file_load] Loader (0)- Creating segments without given file offsets
[BENCHMARK 0] [/home/keveltun/research/recup/veloc/apps/state-diff/src/loader/data_loader.cpp:161:file_load] [time elapsed: 0 ms] Created segments and staged for file read
[BENCHMARK 0] [/home/keveltun/research/recup/veloc/apps/state-diff/src/loader/host_cache.cpp:75:fetch_] [time elapsed: 0 ms] Host (0)- Waited any batch for host fetch
[INFO 0] [/home/keveltun/research/recup/veloc/apps/state-diff/src/loader/host_cache.cpp:138:get_completed] Host (0)- Getting completed jobs from ready_q
[BENCHMARK 2] [/home/keveltun/research/recup/veloc/apps/state-diff/src/loader/host_cache.cpp:93:fetch_] [time elapsed: 2028 ms] Host (0)- Fetched 1 batches to host cache
[BENCHMARK 2] [/home/keveltun/research/recup/veloc/apps/state-diff/src/loader/data_loader.cpp:223:next] [time elapsed: 2028 ms] Retrieved pointer to next batch of data for computation
[BENCHMARK 2] [/home/keveltun/research/recup/veloc/apps/state-diff/include/statediff.hpp:203:create] [time elapsed: 2788 ms] State-diff tree -1 created from reader
(0.0001) Chunk size: 4194304, Creation time: 2.78883 seconds, throughput: 2.50393 GB/s
Evicting /lus/eagle/projects/RECUP/kassogba/veloc-ckpt/haac/sc-experiments/4gpus/np796-500mil/run1/m000p.mpirestart-combined-0-40.dat
Evicting /lus/eagle/projects/RECUP/kassogba/veloc-ckpt/haac/sc-experiments/4gpus/np796-500mil/run1/m000p.mpirestart-combined-0-20.dat
Evicting /lus/eagle/projects/RECUP/kassogba/veloc-ckpt/haac/sc-experiments/4gpus/np796-500mil/run1/m000p.mpirestart-combined-0-30.dat
Evicting /lus/eagle/projects/RECUP/kassogba/veloc-ckpt/haac/sc-experiments/4gpus/np796-500mil/run1/m000p.mpirestart-combined-0-10.dat

           Files: 4
     Directories: 1
   Evicted Pages: 7324790 (27G)
         Elapsed: 1.9722 seconds
[INFO 0] [/home/keveltun/research/recup/veloc/apps/state-diff/src/loader/host_cache.cpp:11:host_cache_t] Host - Creating a cache of size 16384 MB
[INFO 0] [/home/keveltun/research/recup/veloc/apps/state-diff/src/loader/data_loader.cpp:10:data_loader_t] Loader - host and device caches initialized
[BENCHMARK 0] [/home/keveltun/research/recup/veloc/apps/state-diff/src/loader/data_loader.cpp:11:data_loader_t] [time elapsed: 0 ms] Initialized data loader
Data size = 7497964768
[BENCHMARK 0] [/home/keveltun/research/recup/veloc/apps/state-diff/include/statediff.hpp:143:client_t] [time elapsed: 0 ms] State-diff client 1 initialized
[INFO 0] [/home/keveltun/research/recup/veloc/apps/state-diff/src/loader/host_cache.cpp:50:set_reader] Host (0)- Setting reader to read from file
[INFO 0] [/home/keveltun/research/recup/veloc/apps/state-diff/src/loader/host_cache.cpp:32:activate] Host (0)- Started fetch thread on host cache
[INFO 0] [/home/keveltun/research/recup/veloc/apps/state-diff/src/loader/data_loader.cpp:137:file_load] Loader (0)- Creating segments without given file offsets
[BENCHMARK 0] [/home/keveltun/research/recup/veloc/apps/state-diff/src/loader/data_loader.cpp:161:file_load] [time elapsed: 0 ms] Created segments and staged for file read
[BENCHMARK 0] [/home/keveltun/research/recup/veloc/apps/state-diff/src/loader/host_cache.cpp:75:fetch_] [time elapsed: 0 ms] Host (0)- Waited any batch for host fetch
[INFO 0] [/home/keveltun/research/recup/veloc/apps/state-diff/src/loader/host_cache.cpp:138:get_completed] Host (0)- Getting completed jobs from ready_q
[BENCHMARK 2] [/home/keveltun/research/recup/veloc/apps/state-diff/src/loader/host_cache.cpp:93:fetch_] [time elapsed: 2023 ms] Host (0)- Fetched 1 batches to host cache
[BENCHMARK 2] [/home/keveltun/research/recup/veloc/apps/state-diff/src/loader/data_loader.cpp:223:next] [time elapsed: 2023 ms] Retrieved pointer to next batch of data for computation
[BENCHMARK 2] [/home/keveltun/research/recup/veloc/apps/state-diff/include/statediff.hpp:203:create] [time elapsed: 2784 ms] State-diff tree -1 created from reader
(1e-07) Chunk size: 4194304, Creation time: 2.7844 seconds, throughput: 2.50791 GB/s
Evicting /lus/eagle/projects/RECUP/kassogba/veloc-ckpt/haac/sc-experiments/4gpus/np796-500mil/run1/m000p.mpirestart-combined-0-40.dat
Evicting /lus/eagle/projects/RECUP/kassogba/veloc-ckpt/haac/sc-experiments/4gpus/np796-500mil/run1/m000p.mpirestart-combined-0-20.dat
Evicting /lus/eagle/projects/RECUP/kassogba/veloc-ckpt/haac/sc-experiments/4gpus/np796-500mil/run1/m000p.mpirestart-combined-0-30.dat
Evicting /lus/eagle/projects/RECUP/kassogba/veloc-ckpt/haac/sc-experiments/4gpus/np796-500mil/run1/m000p.mpirestart-combined-0-10.dat

           Files: 4
     Directories: 1
   Evicted Pages: 7324790 (27G)
         Elapsed: 1.9806 seconds
[INFO 0] [/home/keveltun/research/recup/veloc/apps/state-diff/src/loader/host_cache.cpp:11:host_cache_t] Host - Creating a cache of size 16384 MB
[INFO 0] [/home/keveltun/research/recup/veloc/apps/state-diff/src/loader/data_loader.cpp:10:data_loader_t] Loader - host and device caches initialized
[BENCHMARK 0] [/home/keveltun/research/recup/veloc/apps/state-diff/src/loader/data_loader.cpp:11:data_loader_t] [time elapsed: 0 ms] Initialized data loader
Data size = 7497964768
[BENCHMARK 0] [/home/keveltun/research/recup/veloc/apps/state-diff/include/statediff.hpp:143:client_t] [time elapsed: 0 ms] State-diff client 1 initialized
[INFO 0] [/home/keveltun/research/recup/veloc/apps/state-diff/src/loader/host_cache.cpp:50:set_reader] Host (0)- Setting reader to read from file
[INFO 0] [/home/keveltun/research/recup/veloc/apps/state-diff/src/loader/host_cache.cpp:32:activate] Host (0)- Started fetch thread on host cache
[INFO 0] [/home/keveltun/research/recup/veloc/apps/state-diff/src/loader/data_loader.cpp:137:file_load] Loader (0)- Creating segments without given file offsets
[BENCHMARK 0] [/home/keveltun/research/recup/veloc/apps/state-diff/src/loader/data_loader.cpp:161:file_load] [time elapsed: 0 ms] Created segments and staged for file read
[BENCHMARK 0] [/home/keveltun/research/recup/veloc/apps/state-diff/src/loader/host_cache.cpp:75:fetch_] [time elapsed: 0 ms] Host (0)- Waited any batch for host fetch
[INFO 0] [/home/keveltun/research/recup/veloc/apps/state-diff/src/loader/host_cache.cpp:138:get_completed] Host (0)- Getting completed jobs from ready_q
[BENCHMARK 2] [/home/keveltun/research/recup/veloc/apps/state-diff/src/loader/host_cache.cpp:93:fetch_] [time elapsed: 2020 ms] Host (0)- Fetched 1 batches to host cache
[BENCHMARK 2] [/home/keveltun/research/recup/veloc/apps/state-diff/src/loader/data_loader.cpp:223:next] [time elapsed: 2020 ms] Retrieved pointer to next batch of data for computation
[BENCHMARK 3] [/home/keveltun/research/recup/veloc/apps/state-diff/include/statediff.hpp:203:create] [time elapsed: 3105 ms] State-diff tree -1 created from reader
(0.01) Chunk size: 8388608, Creation time: 3.10591 seconds, throughput: 2.2483 GB/s
Evicting /lus/eagle/projects/RECUP/kassogba/veloc-ckpt/haac/sc-experiments/4gpus/np796-500mil/run1/m000p.mpirestart-combined-0-40.dat
Evicting /lus/eagle/projects/RECUP/kassogba/veloc-ckpt/haac/sc-experiments/4gpus/np796-500mil/run1/m000p.mpirestart-combined-0-20.dat
Evicting /lus/eagle/projects/RECUP/kassogba/veloc-ckpt/haac/sc-experiments/4gpus/np796-500mil/run1/m000p.mpirestart-combined-0-30.dat
Evicting /lus/eagle/projects/RECUP/kassogba/veloc-ckpt/haac/sc-experiments/4gpus/np796-500mil/run1/m000p.mpirestart-combined-0-10.dat

           Files: 4
     Directories: 1
   Evicted Pages: 7324790 (27G)
         Elapsed: 1.9659 seconds
[INFO 0] [/home/keveltun/research/recup/veloc/apps/state-diff/src/loader/host_cache.cpp:11:host_cache_t] Host - Creating a cache of size 16384 MB
[INFO 0] [/home/keveltun/research/recup/veloc/apps/state-diff/src/loader/data_loader.cpp:10:data_loader_t] Loader - host and device caches initialized
[BENCHMARK 0] [/home/keveltun/research/recup/veloc/apps/state-diff/src/loader/data_loader.cpp:11:data_loader_t] [time elapsed: 0 ms] Initialized data loader
Data size = 7497964768
[BENCHMARK 0] [/home/keveltun/research/recup/veloc/apps/state-diff/include/statediff.hpp:143:client_t] [time elapsed: 0 ms] State-diff client 1 initialized
[INFO 0] [/home/keveltun/research/recup/veloc/apps/state-diff/src/loader/host_cache.cpp:50:set_reader] Host (0)- Setting reader to read from file
[INFO 0] [/home/keveltun/research/recup/veloc/apps/state-diff/src/loader/host_cache.cpp:32:activate] Host (0)- Started fetch thread on host cache
[INFO 0] [/home/keveltun/research/recup/veloc/apps/state-diff/src/loader/data_loader.cpp:137:file_load] Loader (0)- Creating segments without given file offsets
[BENCHMARK 0] [/home/keveltun/research/recup/veloc/apps/state-diff/src/loader/data_loader.cpp:161:file_load] [time elapsed: 0 ms] Created segments and staged for file read
[BENCHMARK 0] [/home/keveltun/research/recup/veloc/apps/state-diff/src/loader/host_cache.cpp:75:fetch_] [time elapsed: 0 ms] Host (0)- Waited any batch for host fetch
[INFO 0] [/home/keveltun/research/recup/veloc/apps/state-diff/src/loader/host_cache.cpp:138:get_completed] Host (0)- Getting completed jobs from ready_q
[BENCHMARK 2] [/home/keveltun/research/recup/veloc/apps/state-diff/src/loader/host_cache.cpp:93:fetch_] [time elapsed: 2128 ms] Host (0)- Fetched 1 batches to host cache
[BENCHMARK 2] [/home/keveltun/research/recup/veloc/apps/state-diff/src/loader/data_loader.cpp:223:next] [time elapsed: 2128 ms] Retrieved pointer to next batch of data for computation
[BENCHMARK 2] [/home/keveltun/research/recup/veloc/apps/state-diff/include/statediff.hpp:203:create] [time elapsed: 2889 ms] State-diff tree -1 created from reader
(0.0001) Chunk size: 8388608, Creation time: 2.8896 seconds, throughput: 2.4166 GB/s
Evicting /lus/eagle/projects/RECUP/kassogba/veloc-ckpt/haac/sc-experiments/4gpus/np796-500mil/run1/m000p.mpirestart-combined-0-40.dat
Evicting /lus/eagle/projects/RECUP/kassogba/veloc-ckpt/haac/sc-experiments/4gpus/np796-500mil/run1/m000p.mpirestart-combined-0-20.dat
Evicting /lus/eagle/projects/RECUP/kassogba/veloc-ckpt/haac/sc-experiments/4gpus/np796-500mil/run1/m000p.mpirestart-combined-0-30.dat
Evicting /lus/eagle/projects/RECUP/kassogba/veloc-ckpt/haac/sc-experiments/4gpus/np796-500mil/run1/m000p.mpirestart-combined-0-10.dat

           Files: 4
     Directories: 1
   Evicted Pages: 7324790 (27G)
         Elapsed: 1.9443 seconds
[INFO 0] [/home/keveltun/research/recup/veloc/apps/state-diff/src/loader/host_cache.cpp:11:host_cache_t] Host - Creating a cache of size 16384 MB
[INFO 0] [/home/keveltun/research/recup/veloc/apps/state-diff/src/loader/data_loader.cpp:10:data_loader_t] Loader - host and device caches initialized
[BENCHMARK 0] [/home/keveltun/research/recup/veloc/apps/state-diff/src/loader/data_loader.cpp:11:data_loader_t] [time elapsed: 0 ms] Initialized data loader
Data size = 7497964768
[BENCHMARK 0] [/home/keveltun/research/recup/veloc/apps/state-diff/include/statediff.hpp:143:client_t] [time elapsed: 0 ms] State-diff client 1 initialized
[INFO 0] [/home/keveltun/research/recup/veloc/apps/state-diff/src/loader/host_cache.cpp:50:set_reader] Host (0)- Setting reader to read from file
[INFO 0] [/home/keveltun/research/recup/veloc/apps/state-diff/src/loader/host_cache.cpp:32:activate] Host (0)- Started fetch thread on host cache
[INFO 0] [/home/keveltun/research/recup/veloc/apps/state-diff/src/loader/data_loader.cpp:137:file_load] Loader (0)- Creating segments without given file offsets
[BENCHMARK 0] [/home/keveltun/research/recup/veloc/apps/state-diff/src/loader/data_loader.cpp:161:file_load] [time elapsed: 0 ms] Created segments and staged for file read
[BENCHMARK 0] [/home/keveltun/research/recup/veloc/apps/state-diff/src/loader/host_cache.cpp:75:fetch_] [time elapsed: 0 ms] Host (0)- Waited any batch for host fetch
[INFO 0] [/home/keveltun/research/recup/veloc/apps/state-diff/src/loader/host_cache.cpp:138:get_completed] Host (0)- Getting completed jobs from ready_q
[BENCHMARK 2] [/home/keveltun/research/recup/veloc/apps/state-diff/src/loader/host_cache.cpp:93:fetch_] [time elapsed: 2197 ms] Host (0)- Fetched 1 batches to host cache
[BENCHMARK 2] [/home/keveltun/research/recup/veloc/apps/state-diff/src/loader/data_loader.cpp:223:next] [time elapsed: 2197 ms] Retrieved pointer to next batch of data for computation
[BENCHMARK 2] [/home/keveltun/research/recup/veloc/apps/state-diff/include/statediff.hpp:203:create] [time elapsed: 2953 ms] State-diff tree -1 created from reader
(1e-07) Chunk size: 8388608, Creation time: 2.95345 seconds, throughput: 2.36436 GB/s
Evicting /lus/eagle/projects/RECUP/kassogba/veloc-ckpt/haac/sc-experiments/4gpus/np796-500mil/run1/m000p.mpirestart-combined-0-40.dat
Evicting /lus/eagle/projects/RECUP/kassogba/veloc-ckpt/haac/sc-experiments/4gpus/np796-500mil/run1/m000p.mpirestart-combined-0-20.dat
Evicting /lus/eagle/projects/RECUP/kassogba/veloc-ckpt/haac/sc-experiments/4gpus/np796-500mil/run1/m000p.mpirestart-combined-0-30.dat
Evicting /lus/eagle/projects/RECUP/kassogba/veloc-ckpt/haac/sc-experiments/4gpus/np796-500mil/run1/m000p.mpirestart-combined-0-10.dat

           Files: 4
     Directories: 1
   Evicted Pages: 7324790 (27G)
         Elapsed: 1.9202 seconds
[INFO 0] [/home/keveltun/research/recup/veloc/apps/state-diff/src/loader/host_cache.cpp:11:host_cache_t] Host - Creating a cache of size 16384 MB
[INFO 0] [/home/keveltun/research/recup/veloc/apps/state-diff/src/loader/data_loader.cpp:10:data_loader_t] Loader - host and device caches initialized
[BENCHMARK 0] [/home/keveltun/research/recup/veloc/apps/state-diff/src/loader/data_loader.cpp:11:data_loader_t] [time elapsed: 0 ms] Initialized data loader
Data size = 7497964768
[BENCHMARK 0] [/home/keveltun/research/recup/veloc/apps/state-diff/include/statediff.hpp:143:client_t] [time elapsed: 0 ms] State-diff client 1 initialized
[INFO 0] [/home/keveltun/research/recup/veloc/apps/state-diff/src/loader/host_cache.cpp:50:set_reader] Host (0)- Setting reader to read from file
[INFO 0] [/home/keveltun/research/recup/veloc/apps/state-diff/src/loader/host_cache.cpp:32:activate] Host (0)- Started fetch thread on host cache
[INFO 0] [/home/keveltun/research/recup/veloc/apps/state-diff/src/loader/data_loader.cpp:137:file_load] Loader (0)- Creating segments without given file offsets
[BENCHMARK 0] [/home/keveltun/research/recup/veloc/apps/state-diff/src/loader/data_loader.cpp:161:file_load] [time elapsed: 0 ms] Created segments and staged for file read
[INFO 0] [/home/keveltun/research/recup/veloc/apps/state-diff/src/loader/host_cache.cpp:138:get_completed] Host (0)- Getting completed jobs from ready_q
 Benchmarking the tree creation time for modeling 
===============================================================================
Evicting /lus/eagle/projects/RECUP/kassogba/veloc-ckpt/haac/sc-experiments/4gpus/np796-500mil/run1/m000p.mpirestart-combined-0-40.dat
Evicting /lus/eagle/projects/RECUP/kassogba/veloc-ckpt/haac/sc-experiments/4gpus/np796-500mil/run1/m000p.mpirestart-combined-0-20.dat
Evicting /lus/eagle/projects/RECUP/kassogba/veloc-ckpt/haac/sc-experiments/4gpus/np796-500mil/run1/m000p.mpirestart-combined-0-30.dat
Evicting /lus/eagle/projects/RECUP/kassogba/veloc-ckpt/haac/sc-experiments/4gpus/np796-500mil/run1/m000p.mpirestart-combined-0-10.dat

           Files: 4
     Directories: 1
   Evicted Pages: 7324790 (27G)
         Elapsed: 0.000252 seconds
[INFO 0] [/home/keveltun/research/recup/veloc/apps/state-diff/src/loader/host_cache.cpp:11:host_cache_t] Host - Creating a cache of size 16384 MB
[INFO 0] [/home/keveltun/research/recup/veloc/apps/state-diff/src/loader/data_loader.cpp:10:data_loader_t] Loader - host and device caches initialized
[BENCHMARK 0] [/home/keveltun/research/recup/veloc/apps/state-diff/src/loader/data_loader.cpp:11:data_loader_t] [time elapsed: 0 ms] Initialized data loader
Data size = 7497964768
[BENCHMARK 0] [/home/keveltun/research/recup/veloc/apps/state-diff/include/statediff.hpp:143:client_t] [time elapsed: 8 ms] State-diff client 1 initialized
[INFO 0] [/home/keveltun/research/recup/veloc/apps/state-diff/src/loader/host_cache.cpp:50:set_reader] Host (0)- Setting reader to read from file
[INFO 0] [/home/keveltun/research/recup/veloc/apps/state-diff/src/loader/host_cache.cpp:32:activate] Host (0)- Started fetch thread on host cache
[INFO 0] [/home/keveltun/research/recup/veloc/apps/state-diff/src/loader/data_loader.cpp:137:file_load] Loader (0)- Creating segments without given file offsets
[BENCHMARK 0] [/home/keveltun/research/recup/veloc/apps/state-diff/src/loader/data_loader.cpp:161:file_load] [time elapsed: 6 ms] Created segments and staged for file read
[BENCHMARK 0] [/home/keveltun/research/recup/veloc/apps/state-diff/src/loader/host_cache.cpp:75:fetch_] [time elapsed: 6 ms] Host (0)- Waited any batch for host fetch
[INFO 0] [/home/keveltun/research/recup/veloc/apps/state-diff/src/loader/host_cache.cpp:138:get_completed] Host (0)- Getting completed jobs from ready_q
[BENCHMARK 7] [/home/keveltun/research/recup/veloc/apps/state-diff/src/loader/host_cache.cpp:93:fetch_] [time elapsed: 7104 ms] Host (0)- Fetched 1 batches to host cache
[BENCHMARK 7] [/home/keveltun/research/recup/veloc/apps/state-diff/src/loader/data_loader.cpp:223:next] [time elapsed: 7104 ms] Retrieved pointer to next batch of data for computation
[BENCHMARK 8] [/home/keveltun/research/recup/veloc/apps/state-diff/include/statediff.hpp:203:create] [time elapsed: 8184 ms] State-diff tree -1 created from reader
(0.01) Chunk size: 4096, Creation time: 8.18418 seconds, throughput: 0.853234 GB/s
Evicting /lus/eagle/projects/RECUP/kassogba/veloc-ckpt/haac/sc-experiments/4gpus/np796-500mil/run1/m000p.mpirestart-combined-0-40.dat
Evicting /lus/eagle/projects/RECUP/kassogba/veloc-ckpt/haac/sc-experiments/4gpus/np796-500mil/run1/m000p.mpirestart-combined-0-20.dat
Evicting /lus/eagle/projects/RECUP/kassogba/veloc-ckpt/haac/sc-experiments/4gpus/np796-500mil/run1/m000p.mpirestart-combined-0-30.dat
Evicting /lus/eagle/projects/RECUP/kassogba/veloc-ckpt/haac/sc-experiments/4gpus/np796-500mil/run1/m000p.mpirestart-combined-0-10.dat

           Files: 4
     Directories: 1
   Evicted Pages: 7324790 (27G)
         Elapsed: 1.9599 seconds
[INFO 0] [/home/keveltun/research/recup/veloc/apps/state-diff/src/loader/host_cache.cpp:11:host_cache_t] Host - Creating a cache of size 16384 MB
[INFO 0] [/home/keveltun/research/recup/veloc/apps/state-diff/src/loader/data_loader.cpp:10:data_loader_t] Loader - host and device caches initialized
[BENCHMARK 0] [/home/keveltun/research/recup/veloc/apps/state-diff/src/loader/data_loader.cpp:11:data_loader_t] [time elapsed: 0 ms] Initialized data loader
Data size = 7497964768
[BENCHMARK 0] [/home/keveltun/research/recup/veloc/apps/state-diff/include/statediff.hpp:143:client_t] [time elapsed: 7 ms] State-diff client 1 initialized
[INFO 0] [/home/keveltun/research/recup/veloc/apps/state-diff/src/loader/host_cache.cpp:50:set_reader] Host (0)- Setting reader to read from file
[INFO 0] [/home/keveltun/research/recup/veloc/apps/state-diff/src/loader/host_cache.cpp:32:activate] Host (0)- Started fetch thread on host cache
[INFO 0] [/home/keveltun/research/recup/veloc/apps/state-diff/src/loader/data_loader.cpp:137:file_load] Loader (0)- Creating segments without given file offsets
[BENCHMARK 0] [/home/keveltun/research/recup/veloc/apps/state-diff/src/loader/data_loader.cpp:161:file_load] [time elapsed: 6 ms] Created segments and staged for file read
[BENCHMARK 0] [/home/keveltun/research/recup/veloc/apps/state-diff/src/loader/host_cache.cpp:75:fetch_] [time elapsed: 6 ms] Host (0)- Waited any batch for host fetch
[INFO 0] [/home/keveltun/research/recup/veloc/apps/state-diff/src/loader/host_cache.cpp:138:get_completed] Host (0)- Getting completed jobs from ready_q
[BENCHMARK 7] [/home/keveltun/research/recup/veloc/apps/state-diff/src/loader/host_cache.cpp:93:fetch_] [time elapsed: 7161 ms] Host (0)- Fetched 1 batches to host cache
[BENCHMARK 7] [/home/keveltun/research/recup/veloc/apps/state-diff/src/loader/data_loader.cpp:223:next] [time elapsed: 7161 ms] Retrieved pointer to next batch of data for computation
[BENCHMARK 7] [/home/keveltun/research/recup/veloc/apps/state-diff/include/statediff.hpp:203:create] [time elapsed: 7924 ms] State-diff tree -1 created from reader
(0.0001) Chunk size: 4096, Creation time: 7.92452 seconds, throughput: 0.881192 GB/s
Evicting /lus/eagle/projects/RECUP/kassogba/veloc-ckpt/haac/sc-experiments/4gpus/np796-500mil/run1/m000p.mpirestart-combined-0-40.dat
Evicting /lus/eagle/projects/RECUP/kassogba/veloc-ckpt/haac/sc-experiments/4gpus/np796-500mil/run1/m000p.mpirestart-combined-0-20.dat
Evicting /lus/eagle/projects/RECUP/kassogba/veloc-ckpt/haac/sc-experiments/4gpus/np796-500mil/run1/m000p.mpirestart-combined-0-30.dat
Evicting /lus/eagle/projects/RECUP/kassogba/veloc-ckpt/haac/sc-experiments/4gpus/np796-500mil/run1/m000p.mpirestart-combined-0-10.dat

           Files: 4
     Directories: 1
   Evicted Pages: 7324790 (27G)
         Elapsed: 1.9504 seconds
[INFO 0] [/home/keveltun/research/recup/veloc/apps/state-diff/src/loader/host_cache.cpp:11:host_cache_t] Host - Creating a cache of size 16384 MB
[INFO 0] [/home/keveltun/research/recup/veloc/apps/state-diff/src/loader/data_loader.cpp:10:data_loader_t] Loader - host and device caches initialized
[BENCHMARK 0] [/home/keveltun/research/recup/veloc/apps/state-diff/src/loader/data_loader.cpp:11:data_loader_t] [time elapsed: 0 ms] Initialized data loader
Data size = 7497964768
[BENCHMARK 0] [/home/keveltun/research/recup/veloc/apps/state-diff/include/statediff.hpp:143:client_t] [time elapsed: 7 ms] State-diff client 1 initialized
[INFO 0] [/home/keveltun/research/recup/veloc/apps/state-diff/src/loader/host_cache.cpp:50:set_reader] Host (0)- Setting reader to read from file
[INFO 0] [/home/keveltun/research/recup/veloc/apps/state-diff/src/loader/host_cache.cpp:32:activate] Host (0)- Started fetch thread on host cache
[INFO 0] [/home/keveltun/research/recup/veloc/apps/state-diff/src/loader/data_loader.cpp:137:file_load] Loader (0)- Creating segments without given file offsets
[BENCHMARK 0] [/home/keveltun/research/recup/veloc/apps/state-diff/src/loader/data_loader.cpp:161:file_load] [time elapsed: 6 ms] Created segments and staged for file read
[BENCHMARK 0] [/home/keveltun/research/recup/veloc/apps/state-diff/src/loader/host_cache.cpp:75:fetch_] [time elapsed: 6 ms] Host (0)- Waited any batch for host fetch
[INFO 0] [/home/keveltun/research/recup/veloc/apps/state-diff/src/loader/host_cache.cpp:138:get_completed] Host (0)- Getting completed jobs from ready_q
[BENCHMARK 7] [/home/keveltun/research/recup/veloc/apps/state-diff/src/loader/host_cache.cpp:93:fetch_] [time elapsed: 7095 ms] Host (0)- Fetched 1 batches to host cache
[BENCHMARK 7] [/home/keveltun/research/recup/veloc/apps/state-diff/src/loader/data_loader.cpp:223:next] [time elapsed: 7095 ms] Retrieved pointer to next batch of data for computation
[BENCHMARK 7] [/home/keveltun/research/recup/veloc/apps/state-diff/include/statediff.hpp:203:create] [time elapsed: 7854 ms] State-diff tree -1 created from reader
(1e-07) Chunk size: 4096, Creation time: 7.8545 seconds, throughput: 0.889047 GB/s
Evicting /lus/eagle/projects/RECUP/kassogba/veloc-ckpt/haac/sc-experiments/4gpus/np796-500mil/run1/m000p.mpirestart-combined-0-40.dat
Evicting /lus/eagle/projects/RECUP/kassogba/veloc-ckpt/haac/sc-experiments/4gpus/np796-500mil/run1/m000p.mpirestart-combined-0-20.dat
Evicting /lus/eagle/projects/RECUP/kassogba/veloc-ckpt/haac/sc-experiments/4gpus/np796-500mil/run1/m000p.mpirestart-combined-0-30.dat
Evicting /lus/eagle/projects/RECUP/kassogba/veloc-ckpt/haac/sc-experiments/4gpus/np796-500mil/run1/m000p.mpirestart-combined-0-10.dat

           Files: 4
     Directories: 1
   Evicted Pages: 7324790 (27G)
         Elapsed: 1.952 seconds
[INFO 0] [/home/keveltun/research/recup/veloc/apps/state-diff/src/loader/host_cache.cpp:11:host_cache_t] Host - Creating a cache of size 16384 MB
[INFO 0] [/home/keveltun/research/recup/veloc/apps/state-diff/src/loader/data_loader.cpp:10:data_loader_t] Loader - host and device caches initialized
[BENCHMARK 0] [/home/keveltun/research/recup/veloc/apps/state-diff/src/loader/data_loader.cpp:11:data_loader_t] [time elapsed: 0 ms] Initialized data loader
Data size = 7497964768
[BENCHMARK 0] [/home/keveltun/research/recup/veloc/apps/state-diff/include/statediff.hpp:143:client_t] [time elapsed: 5 ms] State-diff client 1 initialized
[INFO 0] [/home/keveltun/research/recup/veloc/apps/state-diff/src/loader/host_cache.cpp:50:set_reader] Host (0)- Setting reader to read from file
[INFO 0] [/home/keveltun/research/recup/veloc/apps/state-diff/src/loader/host_cache.cpp:32:activate] Host (0)- Started fetch thread on host cache
[INFO 0] [/home/keveltun/research/recup/veloc/apps/state-diff/src/loader/data_loader.cpp:137:file_load] Loader (0)- Creating segments without given file offsets
[BENCHMARK 0] [/home/keveltun/research/recup/veloc/apps/state-diff/src/loader/data_loader.cpp:161:file_load] [time elapsed: 3 ms] Created segments and staged for file read
[BENCHMARK 0] [/home/keveltun/research/recup/veloc/apps/state-diff/src/loader/host_cache.cpp:75:fetch_] [time elapsed: 3 ms] Host (0)- Waited any batch for host fetch
[INFO 0] [/home/keveltun/research/recup/veloc/apps/state-diff/src/loader/host_cache.cpp:138:get_completed] Host (0)- Getting completed jobs from ready_q
[BENCHMARK 6] [/home/keveltun/research/recup/veloc/apps/state-diff/src/loader/host_cache.cpp:93:fetch_] [time elapsed: 6696 ms] Host (0)- Fetched 1 batches to host cache
[BENCHMARK 6] [/home/keveltun/research/recup/veloc/apps/state-diff/src/loader/data_loader.cpp:223:next] [time elapsed: 6696 ms] Retrieved pointer to next batch of data for computation
[BENCHMARK 7] [/home/keveltun/research/recup/veloc/apps/state-diff/include/statediff.hpp:203:create] [time elapsed: 7771 ms] State-diff tree -1 created from reader
(0.01) Chunk size: 8192, Creation time: 7.77197 seconds, throughput: 0.898488 GB/s
Evicting /lus/eagle/projects/RECUP/kassogba/veloc-ckpt/haac/sc-experiments/4gpus/np796-500mil/run1/m000p.mpirestart-combined-0-40.dat
Evicting /lus/eagle/projects/RECUP/kassogba/veloc-ckpt/haac/sc-experiments/4gpus/np796-500mil/run1/m000p.mpirestart-combined-0-20.dat
Evicting /lus/eagle/projects/RECUP/kassogba/veloc-ckpt/haac/sc-experiments/4gpus/np796-500mil/run1/m000p.mpirestart-combined-0-30.dat
Evicting /lus/eagle/projects/RECUP/kassogba/veloc-ckpt/haac/sc-experiments/4gpus/np796-500mil/run1/m000p.mpirestart-combined-0-10.dat

           Files: 4
     Directories: 1
   Evicted Pages: 7324790 (27G)
         Elapsed: 1.959 seconds
[INFO 0] [/home/keveltun/research/recup/veloc/apps/state-diff/src/loader/host_cache.cpp:11:host_cache_t] Host - Creating a cache of size 16384 MB
[INFO 0] [/home/keveltun/research/recup/veloc/apps/state-diff/src/loader/data_loader.cpp:10:data_loader_t] Loader - host and device caches initialized
[BENCHMARK 0] [/home/keveltun/research/recup/veloc/apps/state-diff/src/loader/data_loader.cpp:11:data_loader_t] [time elapsed: 0 ms] Initialized data loader
Data size = 7497964768
[BENCHMARK 0] [/home/keveltun/research/recup/veloc/apps/state-diff/include/statediff.hpp:143:client_t] [time elapsed: 5 ms] State-diff client 1 initialized
[INFO 0] [/home/keveltun/research/recup/veloc/apps/state-diff/src/loader/host_cache.cpp:50:set_reader] Host (0)- Setting reader to read from file
[INFO 0] [/home/keveltun/research/recup/veloc/apps/state-diff/src/loader/host_cache.cpp:32:activate] Host (0)- Started fetch thread on host cache
[INFO 0] [/home/keveltun/research/recup/veloc/apps/state-diff/src/loader/data_loader.cpp:137:file_load] Loader (0)- Creating segments without given file offsets
[BENCHMARK 0] [/home/keveltun/research/recup/veloc/apps/state-diff/src/loader/data_loader.cpp:161:file_load] [time elapsed: 3 ms] Created segments and staged for file read
[BENCHMARK 0] [/home/keveltun/research/recup/veloc/apps/state-diff/src/loader/host_cache.cpp:75:fetch_] [time elapsed: 3 ms] Host (0)- Waited any batch for host fetch
[INFO 0] [/home/keveltun/research/recup/veloc/apps/state-diff/src/loader/host_cache.cpp:138:get_completed] Host (0)- Getting completed jobs from ready_q
[BENCHMARK 6] [/home/keveltun/research/recup/veloc/apps/state-diff/src/loader/host_cache.cpp:93:fetch_] [time elapsed: 6323 ms] Host (0)- Fetched 1 batches to host cache
[BENCHMARK 6] [/home/keveltun/research/recup/veloc/apps/state-diff/src/loader/data_loader.cpp:223:next] [time elapsed: 6323 ms] Retrieved pointer to next batch of data for computation
[BENCHMARK 7] [/home/keveltun/research/recup/veloc/apps/state-diff/include/statediff.hpp:203:create] [time elapsed: 7087 ms] State-diff tree -1 created from reader
(0.0001) Chunk size: 8192, Creation time: 7.08778 seconds, throughput: 0.98522 GB/s
Evicting /lus/eagle/projects/RECUP/kassogba/veloc-ckpt/haac/sc-experiments/4gpus/np796-500mil/run1/m000p.mpirestart-combined-0-40.dat
Evicting /lus/eagle/projects/RECUP/kassogba/veloc-ckpt/haac/sc-experiments/4gpus/np796-500mil/run1/m000p.mpirestart-combined-0-20.dat
Evicting /lus/eagle/projects/RECUP/kassogba/veloc-ckpt/haac/sc-experiments/4gpus/np796-500mil/run1/m000p.mpirestart-combined-0-30.dat
Evicting /lus/eagle/projects/RECUP/kassogba/veloc-ckpt/haac/sc-experiments/4gpus/np796-500mil/run1/m000p.mpirestart-combined-0-10.dat

           Files: 4
     Directories: 1
   Evicted Pages: 7324790 (27G)
         Elapsed: 1.9394 seconds
[INFO 0] [/home/keveltun/research/recup/veloc/apps/state-diff/src/loader/host_cache.cpp:11:host_cache_t] Host - Creating a cache of size 16384 MB
[INFO 0] [/home/keveltun/research/recup/veloc/apps/state-diff/src/loader/data_loader.cpp:10:data_loader_t] Loader - host and device caches initialized
[BENCHMARK 0] [/home/keveltun/research/recup/veloc/apps/state-diff/src/loader/data_loader.cpp:11:data_loader_t] [time elapsed: 0 ms] Initialized data loader
Data size = 7497964768
[BENCHMARK 0] [/home/keveltun/research/recup/veloc/apps/state-diff/include/statediff.hpp:143:client_t] [time elapsed: 5 ms] State-diff client 1 initialized
[INFO 0] [/home/keveltun/research/recup/veloc/apps/state-diff/src/loader/host_cache.cpp:50:set_reader] Host (0)- Setting reader to read from file
[INFO 0] [/home/keveltun/research/recup/veloc/apps/state-diff/src/loader/host_cache.cpp:32:activate] Host (0)- Started fetch thread on host cache
[INFO 0] [/home/keveltun/research/recup/veloc/apps/state-diff/src/loader/data_loader.cpp:137:file_load] Loader (0)- Creating segments without given file offsets
[BENCHMARK 0] [/home/keveltun/research/recup/veloc/apps/state-diff/src/loader/data_loader.cpp:161:file_load] [time elapsed: 4 ms] Created segments and staged for file read
[BENCHMARK 0] [/home/keveltun/research/recup/veloc/apps/state-diff/src/loader/host_cache.cpp:75:fetch_] [time elapsed: 4 ms] Host (0)- Waited any batch for host fetch
[INFO 0] [/home/keveltun/research/recup/veloc/apps/state-diff/src/loader/host_cache.cpp:138:get_completed] Host (0)- Getting completed jobs from ready_q
[BENCHMARK 6] [/home/keveltun/research/recup/veloc/apps/state-diff/src/loader/host_cache.cpp:93:fetch_] [time elapsed: 6273 ms] Host (0)- Fetched 1 batches to host cache
[BENCHMARK 6] [/home/keveltun/research/recup/veloc/apps/state-diff/src/loader/data_loader.cpp:223:next] [time elapsed: 6273 ms] Retrieved pointer to next batch of data for computation
[BENCHMARK 7] [/home/keveltun/research/recup/veloc/apps/state-diff/include/statediff.hpp:203:create] [time elapsed: 7040 ms] State-diff tree -1 created from reader
(1e-07) Chunk size: 8192, Creation time: 7.04024 seconds, throughput: 0.991873 GB/s
Evicting /lus/eagle/projects/RECUP/kassogba/veloc-ckpt/haac/sc-experiments/4gpus/np796-500mil/run1/m000p.mpirestart-combined-0-40.dat
Evicting /lus/eagle/projects/RECUP/kassogba/veloc-ckpt/haac/sc-experiments/4gpus/np796-500mil/run1/m000p.mpirestart-combined-0-20.dat
Evicting /lus/eagle/projects/RECUP/kassogba/veloc-ckpt/haac/sc-experiments/4gpus/np796-500mil/run1/m000p.mpirestart-combined-0-30.dat
Evicting /lus/eagle/projects/RECUP/kassogba/veloc-ckpt/haac/sc-experiments/4gpus/np796-500mil/run1/m000p.mpirestart-combined-0-10.dat

           Files: 4
     Directories: 1
   Evicted Pages: 7324790 (27G)
         Elapsed: 1.966 seconds
[INFO 0] [/home/keveltun/research/recup/veloc/apps/state-diff/src/loader/host_cache.cpp:11:host_cache_t] Host - Creating a cache of size 16384 MB
[INFO 0] [/home/keveltun/research/recup/veloc/apps/state-diff/src/loader/data_loader.cpp:10:data_loader_t] Loader - host and device caches initialized
[BENCHMARK 0] [/home/keveltun/research/recup/veloc/apps/state-diff/src/loader/data_loader.cpp:11:data_loader_t] [time elapsed: 0 ms] Initialized data loader
Data size = 7497964768
[BENCHMARK 0] [/home/keveltun/research/recup/veloc/apps/state-diff/include/statediff.hpp:143:client_t] [time elapsed: 3 ms] State-diff client 1 initialized
[INFO 0] [/home/keveltun/research/recup/veloc/apps/state-diff/src/loader/host_cache.cpp:50:set_reader] Host (0)- Setting reader to read from file
[INFO 0] [/home/keveltun/research/recup/veloc/apps/state-diff/src/loader/host_cache.cpp:32:activate] Host (0)- Started fetch thread on host cache
[INFO 0] [/home/keveltun/research/recup/veloc/apps/state-diff/src/loader/data_loader.cpp:137:file_load] Loader (0)- Creating segments without given file offsets
[BENCHMARK 0] [/home/keveltun/research/recup/veloc/apps/state-diff/src/loader/data_loader.cpp:161:file_load] [time elapsed: 2 ms] Created segments and staged for file read
[BENCHMARK 0] [/home/keveltun/research/recup/veloc/apps/state-diff/src/loader/host_cache.cpp:75:fetch_] [time elapsed: 2 ms] Host (0)- Waited any batch for host fetch
[INFO 0] [/home/keveltun/research/recup/veloc/apps/state-diff/src/loader/host_cache.cpp:138:get_completed] Host (0)- Getting completed jobs from ready_q
[BENCHMARK 6] [/home/keveltun/research/recup/veloc/apps/state-diff/src/loader/host_cache.cpp:93:fetch_] [time elapsed: 6457 ms] Host (0)- Fetched 1 batches to host cache
[BENCHMARK 6] [/home/keveltun/research/recup/veloc/apps/state-diff/src/loader/data_loader.cpp:223:next] [time elapsed: 6457 ms] Retrieved pointer to next batch of data for computation
[BENCHMARK 7] [/home/keveltun/research/recup/veloc/apps/state-diff/include/statediff.hpp:203:create] [time elapsed: 7530 ms] State-diff tree -1 created from reader
(0.01) Chunk size: 16384, Creation time: 7.53098 seconds, throughput: 0.92724 GB/s
Evicting /lus/eagle/projects/RECUP/kassogba/veloc-ckpt/haac/sc-experiments/4gpus/np796-500mil/run1/m000p.mpirestart-combined-0-40.dat
Evicting /lus/eagle/projects/RECUP/kassogba/veloc-ckpt/haac/sc-experiments/4gpus/np796-500mil/run1/m000p.mpirestart-combined-0-20.dat
Evicting /lus/eagle/projects/RECUP/kassogba/veloc-ckpt/haac/sc-experiments/4gpus/np796-500mil/run1/m000p.mpirestart-combined-0-30.dat
Evicting /lus/eagle/projects/RECUP/kassogba/veloc-ckpt/haac/sc-experiments/4gpus/np796-500mil/run1/m000p.mpirestart-combined-0-10.dat

           Files: 4
     Directories: 1
   Evicted Pages: 7324790 (27G)
         Elapsed: 1.9473 seconds
[INFO 0] [/home/keveltun/research/recup/veloc/apps/state-diff/src/loader/host_cache.cpp:11:host_cache_t] Host - Creating a cache of size 16384 MB
[INFO 0] [/home/keveltun/research/recup/veloc/apps/state-diff/src/loader/data_loader.cpp:10:data_loader_t] Loader - host and device caches initialized
[BENCHMARK 0] [/home/keveltun/research/recup/veloc/apps/state-diff/src/loader/data_loader.cpp:11:data_loader_t] [time elapsed: 0 ms] Initialized data loader
Data size = 7497964768
[BENCHMARK 0] [/home/keveltun/research/recup/veloc/apps/state-diff/include/statediff.hpp:143:client_t] [time elapsed: 3 ms] State-diff client 1 initialized
[INFO 0] [/home/keveltun/research/recup/veloc/apps/state-diff/src/loader/host_cache.cpp:50:set_reader] Host (0)- Setting reader to read from file
[INFO 0] [/home/keveltun/research/recup/veloc/apps/state-diff/src/loader/host_cache.cpp:32:activate] Host (0)- Started fetch thread on host cache
[INFO 0] [/home/keveltun/research/recup/veloc/apps/state-diff/src/loader/data_loader.cpp:137:file_load] Loader (0)- Creating segments without given file offsets
[BENCHMARK 0] [/home/keveltun/research/recup/veloc/apps/state-diff/src/loader/data_loader.cpp:161:file_load] [time elapsed: 2 ms] Created segments and staged for file read
[BENCHMARK 0] [/home/keveltun/research/recup/veloc/apps/state-diff/src/loader/host_cache.cpp:75:fetch_] [time elapsed: 2 ms] Host (0)- Waited any batch for host fetch
[INFO 0] [/home/keveltun/research/recup/veloc/apps/state-diff/src/loader/host_cache.cpp:138:get_completed] Host (0)- Getting completed jobs from ready_q
[BENCHMARK 6] [/home/keveltun/research/recup/veloc/apps/state-diff/src/loader/host_cache.cpp:93:fetch_] [time elapsed: 6590 ms] Host (0)- Fetched 1 batches to host cache
[BENCHMARK 6] [/home/keveltun/research/recup/veloc/apps/state-diff/src/loader/data_loader.cpp:223:next] [time elapsed: 6590 ms] Retrieved pointer to next batch of data for computation
[BENCHMARK 7] [/home/keveltun/research/recup/veloc/apps/state-diff/include/statediff.hpp:203:create] [time elapsed: 7352 ms] State-diff tree -1 created from reader
(0.0001) Chunk size: 16384, Creation time: 7.35253 seconds, throughput: 0.949745 GB/s
Evicting /lus/eagle/projects/RECUP/kassogba/veloc-ckpt/haac/sc-experiments/4gpus/np796-500mil/run1/m000p.mpirestart-combined-0-40.dat
Evicting /lus/eagle/projects/RECUP/kassogba/veloc-ckpt/haac/sc-experiments/4gpus/np796-500mil/run1/m000p.mpirestart-combined-0-20.dat
Evicting /lus/eagle/projects/RECUP/kassogba/veloc-ckpt/haac/sc-experiments/4gpus/np796-500mil/run1/m000p.mpirestart-combined-0-30.dat
Evicting /lus/eagle/projects/RECUP/kassogba/veloc-ckpt/haac/sc-experiments/4gpus/np796-500mil/run1/m000p.mpirestart-combined-0-10.dat

           Files: 4
     Directories: 1
   Evicted Pages: 7324790 (27G)
         Elapsed: 1.9438 seconds
[INFO 0] [/home/keveltun/research/recup/veloc/apps/state-diff/src/loader/host_cache.cpp:11:host_cache_t] Host - Creating a cache of size 16384 MB
[INFO 0] [/home/keveltun/research/recup/veloc/apps/state-diff/src/loader/data_loader.cpp:10:data_loader_t] Loader - host and device caches initialized
[BENCHMARK 0] [/home/keveltun/research/recup/veloc/apps/state-diff/src/loader/data_loader.cpp:11:data_loader_t] [time elapsed: 0 ms] Initialized data loader
Data size = 7497964768
[BENCHMARK 0] [/home/keveltun/research/recup/veloc/apps/state-diff/include/statediff.hpp:143:client_t] [time elapsed: 3 ms] State-diff client 1 initialized
[INFO 0] [/home/keveltun/research/recup/veloc/apps/state-diff/src/loader/host_cache.cpp:50:set_reader] Host (0)- Setting reader to read from file
[INFO 0] [/home/keveltun/research/recup/veloc/apps/state-diff/src/loader/host_cache.cpp:32:activate] Host (0)- Started fetch thread on host cache
[INFO 0] [/home/keveltun/research/recup/veloc/apps/state-diff/src/loader/data_loader.cpp:137:file_load] Loader (0)- Creating segments without given file offsets
[BENCHMARK 0] [/home/keveltun/research/recup/veloc/apps/state-diff/src/loader/data_loader.cpp:161:file_load] [time elapsed: 2 ms] Created segments and staged for file read
[BENCHMARK 0] [/home/keveltun/research/recup/veloc/apps/state-diff/src/loader/host_cache.cpp:75:fetch_] [time elapsed: 2 ms] Host (0)- Waited any batch for host fetch
[INFO 0] [/home/keveltun/research/recup/veloc/apps/state-diff/src/loader/host_cache.cpp:138:get_completed] Host (0)- Getting completed jobs from ready_q
[BENCHMARK 6] [/home/keveltun/research/recup/veloc/apps/state-diff/src/loader/host_cache.cpp:93:fetch_] [time elapsed: 6298 ms] Host (0)- Fetched 1 batches to host cache
[BENCHMARK 6] [/home/keveltun/research/recup/veloc/apps/state-diff/src/loader/data_loader.cpp:223:next] [time elapsed: 6298 ms] Retrieved pointer to next batch of data for computation
[BENCHMARK 7] [/home/keveltun/research/recup/veloc/apps/state-diff/include/statediff.hpp:203:create] [time elapsed: 7060 ms] State-diff tree -1 created from reader
(1e-07) Chunk size: 16384, Creation time: 7.06084 seconds, throughput: 0.988979 GB/s
Evicting /lus/eagle/projects/RECUP/kassogba/veloc-ckpt/haac/sc-experiments/4gpus/np796-500mil/run1/m000p.mpirestart-combined-0-40.dat
Evicting /lus/eagle/projects/RECUP/kassogba/veloc-ckpt/haac/sc-experiments/4gpus/np796-500mil/run1/m000p.mpirestart-combined-0-20.dat
Evicting /lus/eagle/projects/RECUP/kassogba/veloc-ckpt/haac/sc-experiments/4gpus/np796-500mil/run1/m000p.mpirestart-combined-0-30.dat
Evicting /lus/eagle/projects/RECUP/kassogba/veloc-ckpt/haac/sc-experiments/4gpus/np796-500mil/run1/m000p.mpirestart-combined-0-10.dat

           Files: 4
     Directories: 1
   Evicted Pages: 7324790 (27G)
         Elapsed: 1.954 seconds
[INFO 0] [/home/keveltun/research/recup/veloc/apps/state-diff/src/loader/host_cache.cpp:11:host_cache_t] Host - Creating a cache of size 16384 MB
[INFO 0] [/home/keveltun/research/recup/veloc/apps/state-diff/src/loader/data_loader.cpp:10:data_loader_t] Loader - host and device caches initialized
[BENCHMARK 0] [/home/keveltun/research/recup/veloc/apps/state-diff/src/loader/data_loader.cpp:11:data_loader_t] [time elapsed: 0 ms] Initialized data loader
Data size = 7497964768
[BENCHMARK 0] [/home/keveltun/research/recup/veloc/apps/state-diff/include/statediff.hpp:143:client_t] [time elapsed: 3 ms] State-diff client 1 initialized
[INFO 0] [/home/keveltun/research/recup/veloc/apps/state-diff/src/loader/host_cache.cpp:50:set_reader] Host (0)- Setting reader to read from file
[INFO 0] [/home/keveltun/research/recup/veloc/apps/state-diff/src/loader/host_cache.cpp:32:activate] Host (0)- Started fetch thread on host cache
[INFO 0] [/home/keveltun/research/recup/veloc/apps/state-diff/src/loader/data_loader.cpp:137:file_load] Loader (0)- Creating segments without given file offsets
[BENCHMARK 0] [/home/keveltun/research/recup/veloc/apps/state-diff/src/loader/data_loader.cpp:161:file_load] [time elapsed: 1 ms] Created segments and staged for file read
[BENCHMARK 0] [/home/keveltun/research/recup/veloc/apps/state-diff/src/loader/host_cache.cpp:75:fetch_] [time elapsed: 1 ms] Host (0)- Waited any batch for host fetch
[INFO 0] [/home/keveltun/research/recup/veloc/apps/state-diff/src/loader/host_cache.cpp:138:get_completed] Host (0)- Getting completed jobs from ready_q
[BENCHMARK 6] [/home/keveltun/research/recup/veloc/apps/state-diff/src/loader/host_cache.cpp:93:fetch_] [time elapsed: 6114 ms] Host (0)- Fetched 1 batches to host cache
[BENCHMARK 6] [/home/keveltun/research/recup/veloc/apps/state-diff/src/loader/data_loader.cpp:223:next] [time elapsed: 6114 ms] Retrieved pointer to next batch of data for computation
[BENCHMARK 7] [/home/keveltun/research/recup/veloc/apps/state-diff/include/statediff.hpp:203:create] [time elapsed: 7188 ms] State-diff tree -1 created from reader
(0.01) Chunk size: 32768, Creation time: 7.18866 seconds, throughput: 0.971395 GB/s
Evicting /lus/eagle/projects/RECUP/kassogba/veloc-ckpt/haac/sc-experiments/4gpus/np796-500mil/run1/m000p.mpirestart-combined-0-40.dat
Evicting /lus/eagle/projects/RECUP/kassogba/veloc-ckpt/haac/sc-experiments/4gpus/np796-500mil/run1/m000p.mpirestart-combined-0-20.dat
Evicting /lus/eagle/projects/RECUP/kassogba/veloc-ckpt/haac/sc-experiments/4gpus/np796-500mil/run1/m000p.mpirestart-combined-0-30.dat
Evicting /lus/eagle/projects/RECUP/kassogba/veloc-ckpt/haac/sc-experiments/4gpus/np796-500mil/run1/m000p.mpirestart-combined-0-10.dat

           Files: 4
     Directories: 1
   Evicted Pages: 7324790 (27G)
         Elapsed: 1.969 seconds
[INFO 0] [/home/keveltun/research/recup/veloc/apps/state-diff/src/loader/host_cache.cpp:11:host_cache_t] Host - Creating a cache of size 16384 MB
[INFO 0] [/home/keveltun/research/recup/veloc/apps/state-diff/src/loader/data_loader.cpp:10:data_loader_t] Loader - host and device caches initialized
[BENCHMARK 0] [/home/keveltun/research/recup/veloc/apps/state-diff/src/loader/data_loader.cpp:11:data_loader_t] [time elapsed: 0 ms] Initialized data loader
Data size = 7497964768
[BENCHMARK 0] [/home/keveltun/research/recup/veloc/apps/state-diff/include/statediff.hpp:143:client_t] [time elapsed: 3 ms] State-diff client 1 initialized
[INFO 0] [/home/keveltun/research/recup/veloc/apps/state-diff/src/loader/host_cache.cpp:50:set_reader] Host (0)- Setting reader to read from file
[INFO 0] [/home/keveltun/research/recup/veloc/apps/state-diff/src/loader/host_cache.cpp:32:activate] Host (0)- Started fetch thread on host cache
[INFO 0] [/home/keveltun/research/recup/veloc/apps/state-diff/src/loader/data_loader.cpp:137:file_load] Loader (0)- Creating segments without given file offsets
[BENCHMARK 0] [/home/keveltun/research/recup/veloc/apps/state-diff/src/loader/data_loader.cpp:161:file_load] [time elapsed: 1 ms] Created segments and staged for file read
[BENCHMARK 0] [/home/keveltun/research/recup/veloc/apps/state-diff/src/loader/host_cache.cpp:75:fetch_] [time elapsed: 1 ms] Host (0)- Waited any batch for host fetch
[INFO 0] [/home/keveltun/research/recup/veloc/apps/state-diff/src/loader/host_cache.cpp:138:get_completed] Host (0)- Getting completed jobs from ready_q
[BENCHMARK 5] [/home/keveltun/research/recup/veloc/apps/state-diff/src/loader/host_cache.cpp:93:fetch_] [time elapsed: 5887 ms] Host (0)- Fetched 1 batches to host cache
[BENCHMARK 5] [/home/keveltun/research/recup/veloc/apps/state-diff/src/loader/data_loader.cpp:223:next] [time elapsed: 5887 ms] Retrieved pointer to next batch of data for computation
[BENCHMARK 6] [/home/keveltun/research/recup/veloc/apps/state-diff/include/statediff.hpp:203:create] [time elapsed: 6649 ms] State-diff tree -1 created from reader
(0.0001) Chunk size: 32768, Creation time: 6.64909 seconds, throughput: 1.05022 GB/s
Evicting /lus/eagle/projects/RECUP/kassogba/veloc-ckpt/haac/sc-experiments/4gpus/np796-500mil/run1/m000p.mpirestart-combined-0-40.dat
Evicting /lus/eagle/projects/RECUP/kassogba/veloc-ckpt/haac/sc-experiments/4gpus/np796-500mil/run1/m000p.mpirestart-combined-0-20.dat
Evicting /lus/eagle/projects/RECUP/kassogba/veloc-ckpt/haac/sc-experiments/4gpus/np796-500mil/run1/m000p.mpirestart-combined-0-30.dat
Evicting /lus/eagle/projects/RECUP/kassogba/veloc-ckpt/haac/sc-experiments/4gpus/np796-500mil/run1/m000p.mpirestart-combined-0-10.dat

           Files: 4
     Directories: 1
   Evicted Pages: 7324790 (27G)
         Elapsed: 1.9525 seconds
[INFO 0] [/home/keveltun/research/recup/veloc/apps/state-diff/src/loader/host_cache.cpp:11:host_cache_t] Host - Creating a cache of size 16384 MB
[INFO 0] [/home/keveltun/research/recup/veloc/apps/state-diff/src/loader/data_loader.cpp:10:data_loader_t] Loader - host and device caches initialized
[BENCHMARK 0] [/home/keveltun/research/recup/veloc/apps/state-diff/src/loader/data_loader.cpp:11:data_loader_t] [time elapsed: 0 ms] Initialized data loader
Data size = 7497964768
[BENCHMARK 0] [/home/keveltun/research/recup/veloc/apps/state-diff/include/statediff.hpp:143:client_t] [time elapsed: 3 ms] State-diff client 1 initialized
[INFO 0] [/home/keveltun/research/recup/veloc/apps/state-diff/src/loader/host_cache.cpp:50:set_reader] Host (0)- Setting reader to read from file
[INFO 0] [/home/keveltun/research/recup/veloc/apps/state-diff/src/loader/host_cache.cpp:32:activate] Host (0)- Started fetch thread on host cache
[INFO 0] [/home/keveltun/research/recup/veloc/apps/state-diff/src/loader/data_loader.cpp:137:file_load] Loader (0)- Creating segments without given file offsets
[BENCHMARK 0] [/home/keveltun/research/recup/veloc/apps/state-diff/src/loader/data_loader.cpp:161:file_load] [time elapsed: 1 ms] Created segments and staged for file read
[BENCHMARK 0] [/home/keveltun/research/recup/veloc/apps/state-diff/src/loader/host_cache.cpp:75:fetch_] [time elapsed: 1 ms] Host (0)- Waited any batch for host fetch
[INFO 0] [/home/keveltun/research/recup/veloc/apps/state-diff/src/loader/host_cache.cpp:138:get_completed] Host (0)- Getting completed jobs from ready_q
[BENCHMARK 6] [/home/keveltun/research/recup/veloc/apps/state-diff/src/loader/host_cache.cpp:93:fetch_] [time elapsed: 6585 ms] Host (0)- Fetched 1 batches to host cache
[BENCHMARK 6] [/home/keveltun/research/recup/veloc/apps/state-diff/src/loader/data_loader.cpp:223:next] [time elapsed: 6585 ms] Retrieved pointer to next batch of data for computation
[BENCHMARK 7] [/home/keveltun/research/recup/veloc/apps/state-diff/include/statediff.hpp:203:create] [time elapsed: 7335 ms] State-diff tree -1 created from reader
(1e-07) Chunk size: 32768, Creation time: 7.33512 seconds, throughput: 0.951999 GB/s
Evicting /lus/eagle/projects/RECUP/kassogba/veloc-ckpt/haac/sc-experiments/4gpus/np796-500mil/run1/m000p.mpirestart-combined-0-40.dat
Evicting /lus/eagle/projects/RECUP/kassogba/veloc-ckpt/haac/sc-experiments/4gpus/np796-500mil/run1/m000p.mpirestart-combined-0-20.dat
Evicting /lus/eagle/projects/RECUP/kassogba/veloc-ckpt/haac/sc-experiments/4gpus/np796-500mil/run1/m000p.mpirestart-combined-0-30.dat
Evicting /lus/eagle/projects/RECUP/kassogba/veloc-ckpt/haac/sc-experiments/4gpus/np796-500mil/run1/m000p.mpirestart-combined-0-10.dat

           Files: 4
     Directories: 1
   Evicted Pages: 7324790 (27G)
         Elapsed: 1.9573 seconds
[INFO 0] [/home/keveltun/research/recup/veloc/apps/state-diff/src/loader/host_cache.cpp:11:host_cache_t] Host - Creating a cache of size 16384 MB
[INFO 0] [/home/keveltun/research/recup/veloc/apps/state-diff/src/loader/data_loader.cpp:10:data_loader_t] Loader - host and device caches initialized
[BENCHMARK 0] [/home/keveltun/research/recup/veloc/apps/state-diff/src/loader/data_loader.cpp:11:data_loader_t] [time elapsed: 0 ms] Initialized data loader
Data size = 7497964768
[BENCHMARK 0] [/home/keveltun/research/recup/veloc/apps/state-diff/include/statediff.hpp:143:client_t] [time elapsed: 1 ms] State-diff client 1 initialized
[INFO 0] [/home/keveltun/research/recup/veloc/apps/state-diff/src/loader/host_cache.cpp:50:set_reader] Host (0)- Setting reader to read from file
[INFO 0] [/home/keveltun/research/recup/veloc/apps/state-diff/src/loader/host_cache.cpp:32:activate] Host (0)- Started fetch thread on host cache
[INFO 0] [/home/keveltun/research/recup/veloc/apps/state-diff/src/loader/data_loader.cpp:137:file_load] Loader (0)- Creating segments without given file offsets
[BENCHMARK 0] [/home/keveltun/research/recup/veloc/apps/state-diff/src/loader/data_loader.cpp:161:file_load] [time elapsed: 0 ms] Created segments and staged for file read
[BENCHMARK 0] [/home/keveltun/research/recup/veloc/apps/state-diff/src/loader/host_cache.cpp:75:fetch_] [time elapsed: 0 ms] Host (0)- Waited any batch for host fetch
[INFO 0] [/home/keveltun/research/recup/veloc/apps/state-diff/src/loader/host_cache.cpp:138:get_completed] Host (0)- Getting completed jobs from ready_q
[BENCHMARK 4] [/home/keveltun/research/recup/veloc/apps/state-diff/src/loader/host_cache.cpp:93:fetch_] [time elapsed: 4913 ms] Host (0)- Fetched 1 batches to host cache
[BENCHMARK 4] [/home/keveltun/research/recup/veloc/apps/state-diff/src/loader/data_loader.cpp:223:next] [time elapsed: 4913 ms] Retrieved pointer to next batch of data for computation
[BENCHMARK 5] [/home/keveltun/research/recup/veloc/apps/state-diff/include/statediff.hpp:203:create] [time elapsed: 5984 ms] State-diff tree -1 created from reader
(0.01) Chunk size: 65536, Creation time: 5.98501 seconds, throughput: 1.16675 GB/s
Evicting /lus/eagle/projects/RECUP/kassogba/veloc-ckpt/haac/sc-experiments/4gpus/np796-500mil/run1/m000p.mpirestart-combined-0-40.dat
Evicting /lus/eagle/projects/RECUP/kassogba/veloc-ckpt/haac/sc-experiments/4gpus/np796-500mil/run1/m000p.mpirestart-combined-0-20.dat
Evicting /lus/eagle/projects/RECUP/kassogba/veloc-ckpt/haac/sc-experiments/4gpus/np796-500mil/run1/m000p.mpirestart-combined-0-30.dat
Evicting /lus/eagle/projects/RECUP/kassogba/veloc-ckpt/haac/sc-experiments/4gpus/np796-500mil/run1/m000p.mpirestart-combined-0-10.dat

           Files: 4
     Directories: 1
   Evicted Pages: 7324790 (27G)
         Elapsed: 1.985 seconds
[INFO 0] [/home/keveltun/research/recup/veloc/apps/state-diff/src/loader/host_cache.cpp:11:host_cache_t] Host - Creating a cache of size 16384 MB
[INFO 0] [/home/keveltun/research/recup/veloc/apps/state-diff/src/loader/data_loader.cpp:10:data_loader_t] Loader - host and device caches initialized
[BENCHMARK 0] [/home/keveltun/research/recup/veloc/apps/state-diff/src/loader/data_loader.cpp:11:data_loader_t] [time elapsed: 0 ms] Initialized data loader
Data size = 7497964768
[BENCHMARK 0] [/home/keveltun/research/recup/veloc/apps/state-diff/include/statediff.hpp:143:client_t] [time elapsed: 1 ms] State-diff client 1 initialized
[INFO 0] [/home/keveltun/research/recup/veloc/apps/state-diff/src/loader/host_cache.cpp:50:set_reader] Host (0)- Setting reader to read from file
[INFO 0] [/home/keveltun/research/recup/veloc/apps/state-diff/src/loader/host_cache.cpp:32:activate] Host (0)- Started fetch thread on host cache
[INFO 0] [/home/keveltun/research/recup/veloc/apps/state-diff/src/loader/data_loader.cpp:137:file_load] Loader (0)- Creating segments without given file offsets
[BENCHMARK 0] [/home/keveltun/research/recup/veloc/apps/state-diff/src/loader/data_loader.cpp:161:file_load] [time elapsed: 0 ms] Created segments and staged for file read
[BENCHMARK 0] [/home/keveltun/research/recup/veloc/apps/state-diff/src/loader/host_cache.cpp:75:fetch_] [time elapsed: 0 ms] Host (0)- Waited any batch for host fetch
[INFO 0] [/home/keveltun/research/recup/veloc/apps/state-diff/src/loader/host_cache.cpp:138:get_completed] Host (0)- Getting completed jobs from ready_q
[BENCHMARK 5] [/home/keveltun/research/recup/veloc/apps/state-diff/src/loader/host_cache.cpp:93:fetch_] [time elapsed: 5651 ms] Host (0)- Fetched 1 batches to host cache
[BENCHMARK 5] [/home/keveltun/research/recup/veloc/apps/state-diff/src/loader/data_loader.cpp:223:next] [time elapsed: 5651 ms] Retrieved pointer to next batch of data for computation
[BENCHMARK 6] [/home/keveltun/research/recup/veloc/apps/state-diff/include/statediff.hpp:203:create] [time elapsed: 6409 ms] State-diff tree -1 created from reader
(0.0001) Chunk size: 65536, Creation time: 6.40953 seconds, throughput: 1.08948 GB/s
Evicting /lus/eagle/projects/RECUP/kassogba/veloc-ckpt/haac/sc-experiments/4gpus/np796-500mil/run1/m000p.mpirestart-combined-0-40.dat
Evicting /lus/eagle/projects/RECUP/kassogba/veloc-ckpt/haac/sc-experiments/4gpus/np796-500mil/run1/m000p.mpirestart-combined-0-20.dat
Evicting /lus/eagle/projects/RECUP/kassogba/veloc-ckpt/haac/sc-experiments/4gpus/np796-500mil/run1/m000p.mpirestart-combined-0-30.dat
Evicting /lus/eagle/projects/RECUP/kassogba/veloc-ckpt/haac/sc-experiments/4gpus/np796-500mil/run1/m000p.mpirestart-combined-0-10.dat

           Files: 4
     Directories: 1
   Evicted Pages: 7324790 (27G)
         Elapsed: 1.9347 seconds
[INFO 0] [/home/keveltun/research/recup/veloc/apps/state-diff/src/loader/host_cache.cpp:11:host_cache_t] Host - Creating a cache of size 16384 MB
[INFO 0] [/home/keveltun/research/recup/veloc/apps/state-diff/src/loader/data_loader.cpp:10:data_loader_t] Loader - host and device caches initialized
[BENCHMARK 0] [/home/keveltun/research/recup/veloc/apps/state-diff/src/loader/data_loader.cpp:11:data_loader_t] [time elapsed: 0 ms] Initialized data loader
Data size = 7497964768
[BENCHMARK 0] [/home/keveltun/research/recup/veloc/apps/state-diff/include/statediff.hpp:143:client_t] [time elapsed: 1 ms] State-diff client 1 initialized
[INFO 0] [/home/keveltun/research/recup/veloc/apps/state-diff/src/loader/host_cache.cpp:50:set_reader] Host (0)- Setting reader to read from file
[INFO 0] [/home/keveltun/research/recup/veloc/apps/state-diff/src/loader/host_cache.cpp:32:activate] Host (0)- Started fetch thread on host cache
[INFO 0] [/home/keveltun/research/recup/veloc/apps/state-diff/src/loader/data_loader.cpp:137:file_load] Loader (0)- Creating segments without given file offsets
[BENCHMARK 0] [/home/keveltun/research/recup/veloc/apps/state-diff/src/loader/data_loader.cpp:161:file_load] [time elapsed: 0 ms] Created segments and staged for file read
[BENCHMARK 0] [/home/keveltun/research/recup/veloc/apps/state-diff/src/loader/host_cache.cpp:75:fetch_] [time elapsed: 0 ms] Host (0)- Waited any batch for host fetch
[INFO 0] [/home/keveltun/research/recup/veloc/apps/state-diff/src/loader/host_cache.cpp:138:get_completed] Host (0)- Getting completed jobs from ready_q
[BENCHMARK 4] [/home/keveltun/research/recup/veloc/apps/state-diff/src/loader/host_cache.cpp:93:fetch_] [time elapsed: 4912 ms] Host (0)- Fetched 1 batches to host cache
[BENCHMARK 4] [/home/keveltun/research/recup/veloc/apps/state-diff/src/loader/data_loader.cpp:223:next] [time elapsed: 4912 ms] Retrieved pointer to next batch of data for computation
[BENCHMARK 5] [/home/keveltun/research/recup/veloc/apps/state-diff/include/statediff.hpp:203:create] [time elapsed: 5669 ms] State-diff tree -1 created from reader
(1e-07) Chunk size: 65536, Creation time: 5.66959 seconds, throughput: 1.23166 GB/s
Evicting /lus/eagle/projects/RECUP/kassogba/veloc-ckpt/haac/sc-experiments/4gpus/np796-500mil/run1/m000p.mpirestart-combined-0-40.dat
Evicting /lus/eagle/projects/RECUP/kassogba/veloc-ckpt/haac/sc-experiments/4gpus/np796-500mil/run1/m000p.mpirestart-combined-0-20.dat
Evicting /lus/eagle/projects/RECUP/kassogba/veloc-ckpt/haac/sc-experiments/4gpus/np796-500mil/run1/m000p.mpirestart-combined-0-30.dat
Evicting /lus/eagle/projects/RECUP/kassogba/veloc-ckpt/haac/sc-experiments/4gpus/np796-500mil/run1/m000p.mpirestart-combined-0-10.dat

           Files: 4
     Directories: 1
   Evicted Pages: 7324790 (27G)
         Elapsed: 1.9723 seconds
[INFO 0] [/home/keveltun/research/recup/veloc/apps/state-diff/src/loader/host_cache.cpp:11:host_cache_t] Host - Creating a cache of size 16384 MB
[INFO 0] [/home/keveltun/research/recup/veloc/apps/state-diff/src/loader/data_loader.cpp:10:data_loader_t] Loader - host and device caches initialized
[BENCHMARK 0] [/home/keveltun/research/recup/veloc/apps/state-diff/src/loader/data_loader.cpp:11:data_loader_t] [time elapsed: 0 ms] Initialized data loader
Data size = 7497964768
[BENCHMARK 0] [/home/keveltun/research/recup/veloc/apps/state-diff/include/statediff.hpp:143:client_t] [time elapsed: 1 ms] State-diff client 1 initialized
[INFO 0] [/home/keveltun/research/recup/veloc/apps/state-diff/src/loader/host_cache.cpp:50:set_reader] Host (0)- Setting reader to read from file
[INFO 0] [/home/keveltun/research/recup/veloc/apps/state-diff/src/loader/host_cache.cpp:32:activate] Host (0)- Started fetch thread on host cache
[INFO 0] [/home/keveltun/research/recup/veloc/apps/state-diff/src/loader/data_loader.cpp:137:file_load] Loader (0)- Creating segments without given file offsets
[BENCHMARK 0] [/home/keveltun/research/recup/veloc/apps/state-diff/src/loader/data_loader.cpp:161:file_load] [time elapsed: 0 ms] Created segments and staged for file read
[BENCHMARK 0] [/home/keveltun/research/recup/veloc/apps/state-diff/src/loader/host_cache.cpp:75:fetch_] [time elapsed: 0 ms] Host (0)- Waited any batch for host fetch
[INFO 0] [/home/keveltun/research/recup/veloc/apps/state-diff/src/loader/host_cache.cpp:138:get_completed] Host (0)- Getting completed jobs from ready_q
[BENCHMARK 4] [/home/keveltun/research/recup/veloc/apps/state-diff/src/loader/host_cache.cpp:93:fetch_] [time elapsed: 4801 ms] Host (0)- Fetched 1 batches to host cache
[BENCHMARK 4] [/home/keveltun/research/recup/veloc/apps/state-diff/src/loader/data_loader.cpp:223:next] [time elapsed: 4801 ms] Retrieved pointer to next batch of data for computation
[BENCHMARK 5] [/home/keveltun/research/recup/veloc/apps/state-diff/include/statediff.hpp:203:create] [time elapsed: 5871 ms] State-diff tree -1 created from reader
(0.01) Chunk size: 131072, Creation time: 5.87202 seconds, throughput: 1.1892 GB/s
Evicting /lus/eagle/projects/RECUP/kassogba/veloc-ckpt/haac/sc-experiments/4gpus/np796-500mil/run1/m000p.mpirestart-combined-0-40.dat
Evicting /lus/eagle/projects/RECUP/kassogba/veloc-ckpt/haac/sc-experiments/4gpus/np796-500mil/run1/m000p.mpirestart-combined-0-20.dat
Evicting /lus/eagle/projects/RECUP/kassogba/veloc-ckpt/haac/sc-experiments/4gpus/np796-500mil/run1/m000p.mpirestart-combined-0-30.dat
Evicting /lus/eagle/projects/RECUP/kassogba/veloc-ckpt/haac/sc-experiments/4gpus/np796-500mil/run1/m000p.mpirestart-combined-0-10.dat

           Files: 4
     Directories: 1
   Evicted Pages: 7324790 (27G)
         Elapsed: 1.9304 seconds
[INFO 0] [/home/keveltun/research/recup/veloc/apps/state-diff/src/loader/host_cache.cpp:11:host_cache_t] Host - Creating a cache of size 16384 MB
[INFO 0] [/home/keveltun/research/recup/veloc/apps/state-diff/src/loader/data_loader.cpp:10:data_loader_t] Loader - host and device caches initialized
[BENCHMARK 0] [/home/keveltun/research/recup/veloc/apps/state-diff/src/loader/data_loader.cpp:11:data_loader_t] [time elapsed: 0 ms] Initialized data loader
Data size = 7497964768
[BENCHMARK 0] [/home/keveltun/research/recup/veloc/apps/state-diff/include/statediff.hpp:143:client_t] [time elapsed: 1 ms] State-diff client 1 initialized
[INFO 0] [/home/keveltun/research/recup/veloc/apps/state-diff/src/loader/host_cache.cpp:50:set_reader] Host (0)- Setting reader to read from file
[INFO 0] [/home/keveltun/research/recup/veloc/apps/state-diff/src/loader/host_cache.cpp:32:activate] Host (0)- Started fetch thread on host cache
[INFO 0] [/home/keveltun/research/recup/veloc/apps/state-diff/src/loader/data_loader.cpp:137:file_load] Loader (0)- Creating segments without given file offsets
[BENCHMARK 0] [/home/keveltun/research/recup/veloc/apps/state-diff/src/loader/data_loader.cpp:161:file_load] [time elapsed: 0 ms] Created segments and staged for file read
[BENCHMARK 0] [/home/keveltun/research/recup/veloc/apps/state-diff/src/loader/host_cache.cpp:75:fetch_] [time elapsed: 0 ms] Host (0)- Waited any batch for host fetch
[INFO 0] [/home/keveltun/research/recup/veloc/apps/state-diff/src/loader/host_cache.cpp:138:get_completed] Host (0)- Getting completed jobs from ready_q
[BENCHMARK 4] [/home/keveltun/research/recup/veloc/apps/state-diff/src/loader/host_cache.cpp:93:fetch_] [time elapsed: 4833 ms] Host (0)- Fetched 1 batches to host cache
[BENCHMARK 4] [/home/keveltun/research/recup/veloc/apps/state-diff/src/loader/data_loader.cpp:223:next] [time elapsed: 4833 ms] Retrieved pointer to next batch of data for computation
[BENCHMARK 5] [/home/keveltun/research/recup/veloc/apps/state-diff/include/statediff.hpp:203:create] [time elapsed: 5589 ms] State-diff tree -1 created from reader
(0.0001) Chunk size: 131072, Creation time: 5.58957 seconds, throughput: 1.2493 GB/s
Evicting /lus/eagle/projects/RECUP/kassogba/veloc-ckpt/haac/sc-experiments/4gpus/np796-500mil/run1/m000p.mpirestart-combined-0-40.dat
Evicting /lus/eagle/projects/RECUP/kassogba/veloc-ckpt/haac/sc-experiments/4gpus/np796-500mil/run1/m000p.mpirestart-combined-0-20.dat
Evicting /lus/eagle/projects/RECUP/kassogba/veloc-ckpt/haac/sc-experiments/4gpus/np796-500mil/run1/m000p.mpirestart-combined-0-30.dat
Evicting /lus/eagle/projects/RECUP/kassogba/veloc-ckpt/haac/sc-experiments/4gpus/np796-500mil/run1/m000p.mpirestart-combined-0-10.dat

           Files: 4
     Directories: 1
   Evicted Pages: 7324790 (27G)
         Elapsed: 1.9597 seconds
[INFO 0] [/home/keveltun/research/recup/veloc/apps/state-diff/src/loader/host_cache.cpp:11:host_cache_t] Host - Creating a cache of size 16384 MB
[INFO 0] [/home/keveltun/research/recup/veloc/apps/state-diff/src/loader/data_loader.cpp:10:data_loader_t] Loader - host and device caches initialized
[BENCHMARK 0] [/home/keveltun/research/recup/veloc/apps/state-diff/src/loader/data_loader.cpp:11:data_loader_t] [time elapsed: 0 ms] Initialized data loader
Data size = 7497964768
[BENCHMARK 0] [/home/keveltun/research/recup/veloc/apps/state-diff/include/statediff.hpp:143:client_t] [time elapsed: 1 ms] State-diff client 1 initialized
[INFO 0] [/home/keveltun/research/recup/veloc/apps/state-diff/src/loader/host_cache.cpp:50:set_reader] Host (0)- Setting reader to read from file
[INFO 0] [/home/keveltun/research/recup/veloc/apps/state-diff/src/loader/host_cache.cpp:32:activate] Host (0)- Started fetch thread on host cache
[INFO 0] [/home/keveltun/research/recup/veloc/apps/state-diff/src/loader/data_loader.cpp:137:file_load] Loader (0)- Creating segments without given file offsets
[BENCHMARK 0] [/home/keveltun/research/recup/veloc/apps/state-diff/src/loader/data_loader.cpp:161:file_load] [time elapsed: 0 ms] Created segments and staged for file read
[BENCHMARK 0] [/home/keveltun/research/recup/veloc/apps/state-diff/src/loader/host_cache.cpp:75:fetch_] [time elapsed: 0 ms] Host (0)- Waited any batch for host fetch
[INFO 0] [/home/keveltun/research/recup/veloc/apps/state-diff/src/loader/host_cache.cpp:138:get_completed] Host (0)- Getting completed jobs from ready_q
[BENCHMARK 4] [/home/keveltun/research/recup/veloc/apps/state-diff/src/loader/host_cache.cpp:93:fetch_] [time elapsed: 4892 ms] Host (0)- Fetched 1 batches to host cache
[BENCHMARK 4] [/home/keveltun/research/recup/veloc/apps/state-diff/src/loader/data_loader.cpp:223:next] [time elapsed: 4892 ms] Retrieved pointer to next batch of data for computation
[BENCHMARK 5] [/home/keveltun/research/recup/veloc/apps/state-diff/include/statediff.hpp:203:create] [time elapsed: 5643 ms] State-diff tree -1 created from reader
(1e-07) Chunk size: 131072, Creation time: 5.64359 seconds, throughput: 1.23734 GB/s
Evicting /lus/eagle/projects/RECUP/kassogba/veloc-ckpt/haac/sc-experiments/4gpus/np796-500mil/run1/m000p.mpirestart-combined-0-40.dat
Evicting /lus/eagle/projects/RECUP/kassogba/veloc-ckpt/haac/sc-experiments/4gpus/np796-500mil/run1/m000p.mpirestart-combined-0-20.dat
Evicting /lus/eagle/projects/RECUP/kassogba/veloc-ckpt/haac/sc-experiments/4gpus/np796-500mil/run1/m000p.mpirestart-combined-0-30.dat
Evicting /lus/eagle/projects/RECUP/kassogba/veloc-ckpt/haac/sc-experiments/4gpus/np796-500mil/run1/m000p.mpirestart-combined-0-10.dat

           Files: 4
     Directories: 1
   Evicted Pages: 7324790 (27G)
         Elapsed: 1.9446 seconds
[INFO 0] [/home/keveltun/research/recup/veloc/apps/state-diff/src/loader/host_cache.cpp:11:host_cache_t] Host - Creating a cache of size 16384 MB
[INFO 0] [/home/keveltun/research/recup/veloc/apps/state-diff/src/loader/data_loader.cpp:10:data_loader_t] Loader - host and device caches initialized
[BENCHMARK 0] [/home/keveltun/research/recup/veloc/apps/state-diff/src/loader/data_loader.cpp:11:data_loader_t] [time elapsed: 0 ms] Initialized data loader
Data size = 7497964768
[BENCHMARK 0] [/home/keveltun/research/recup/veloc/apps/state-diff/include/statediff.hpp:143:client_t] [time elapsed: 0 ms] State-diff client 1 initialized
[INFO 0] [/home/keveltun/research/recup/veloc/apps/state-diff/src/loader/host_cache.cpp:50:set_reader] Host (0)- Setting reader to read from file
[INFO 0] [/home/keveltun/research/recup/veloc/apps/state-diff/src/loader/host_cache.cpp:32:activate] Host (0)- Started fetch thread on host cache
[INFO 0] [/home/keveltun/research/recup/veloc/apps/state-diff/src/loader/data_loader.cpp:137:file_load] Loader (0)- Creating segments without given file offsets
[BENCHMARK 0] [/home/keveltun/research/recup/veloc/apps/state-diff/src/loader/data_loader.cpp:161:file_load] [time elapsed: 0 ms] Created segments and staged for file read
[BENCHMARK 0] [/home/keveltun/research/recup/veloc/apps/state-diff/src/loader/host_cache.cpp:75:fetch_] [time elapsed: 0 ms] Host (0)- Waited any batch for host fetch
[INFO 0] [/home/keveltun/research/recup/veloc/apps/state-diff/src/loader/host_cache.cpp:138:get_completed] Host (0)- Getting completed jobs from ready_q
[BENCHMARK 3] [/home/keveltun/research/recup/veloc/apps/state-diff/src/loader/host_cache.cpp:93:fetch_] [time elapsed: 3339 ms] Host (0)- Fetched 1 batches to host cache
[BENCHMARK 3] [/home/keveltun/research/recup/veloc/apps/state-diff/src/loader/data_loader.cpp:223:next] [time elapsed: 3339 ms] Retrieved pointer to next batch of data for computation
[BENCHMARK 4] [/home/keveltun/research/recup/veloc/apps/state-diff/include/statediff.hpp:203:create] [time elapsed: 4412 ms] State-diff tree -1 created from reader
(0.01) Chunk size: 262144, Creation time: 4.41218 seconds, throughput: 1.58267 GB/s
Evicting /lus/eagle/projects/RECUP/kassogba/veloc-ckpt/haac/sc-experiments/4gpus/np796-500mil/run1/m000p.mpirestart-combined-0-40.dat
Evicting /lus/eagle/projects/RECUP/kassogba/veloc-ckpt/haac/sc-experiments/4gpus/np796-500mil/run1/m000p.mpirestart-combined-0-20.dat
Evicting /lus/eagle/projects/RECUP/kassogba/veloc-ckpt/haac/sc-experiments/4gpus/np796-500mil/run1/m000p.mpirestart-combined-0-30.dat
Evicting /lus/eagle/projects/RECUP/kassogba/veloc-ckpt/haac/sc-experiments/4gpus/np796-500mil/run1/m000p.mpirestart-combined-0-10.dat

           Files: 4
     Directories: 1
   Evicted Pages: 7324790 (27G)
         Elapsed: 1.9309 seconds
[INFO 0] [/home/keveltun/research/recup/veloc/apps/state-diff/src/loader/host_cache.cpp:11:host_cache_t] Host - Creating a cache of size 16384 MB
[INFO 0] [/home/keveltun/research/recup/veloc/apps/state-diff/src/loader/data_loader.cpp:10:data_loader_t] Loader - host and device caches initialized
[BENCHMARK 0] [/home/keveltun/research/recup/veloc/apps/state-diff/src/loader/data_loader.cpp:11:data_loader_t] [time elapsed: 0 ms] Initialized data loader
Data size = 7497964768
[BENCHMARK 0] [/home/keveltun/research/recup/veloc/apps/state-diff/include/statediff.hpp:143:client_t] [time elapsed: 0 ms] State-diff client 1 initialized
[INFO 0] [/home/keveltun/research/recup/veloc/apps/state-diff/src/loader/host_cache.cpp:50:set_reader] Host (0)- Setting reader to read from file
[INFO 0] [/home/keveltun/research/recup/veloc/apps/state-diff/src/loader/host_cache.cpp:32:activate] Host (0)- Started fetch thread on host cache
[INFO 0] [/home/keveltun/research/recup/veloc/apps/state-diff/src/loader/data_loader.cpp:137:file_load] Loader (0)- Creating segments without given file offsets
[BENCHMARK 0] [/home/keveltun/research/recup/veloc/apps/state-diff/src/loader/data_loader.cpp:161:file_load] [time elapsed: 0 ms] Created segments and staged for file read
[BENCHMARK 0] [/home/keveltun/research/recup/veloc/apps/state-diff/src/loader/host_cache.cpp:75:fetch_] [time elapsed: 0 ms] Host (0)- Waited any batch for host fetch
[INFO 0] [/home/keveltun/research/recup/veloc/apps/state-diff/src/loader/host_cache.cpp:138:get_completed] Host (0)- Getting completed jobs from ready_q
[BENCHMARK 3] [/home/keveltun/research/recup/veloc/apps/state-diff/src/loader/host_cache.cpp:93:fetch_] [time elapsed: 3259 ms] Host (0)- Fetched 1 batches to host cache
[BENCHMARK 3] [/home/keveltun/research/recup/veloc/apps/state-diff/src/loader/data_loader.cpp:223:next] [time elapsed: 3259 ms] Retrieved pointer to next batch of data for computation
[BENCHMARK 4] [/home/keveltun/research/recup/veloc/apps/state-diff/include/statediff.hpp:203:create] [time elapsed: 4016 ms] State-diff tree -1 created from reader
(0.0001) Chunk size: 262144, Creation time: 4.01698 seconds, throughput: 1.73838 GB/s
Evicting /lus/eagle/projects/RECUP/kassogba/veloc-ckpt/haac/sc-experiments/4gpus/np796-500mil/run1/m000p.mpirestart-combined-0-40.dat
Evicting /lus/eagle/projects/RECUP/kassogba/veloc-ckpt/haac/sc-experiments/4gpus/np796-500mil/run1/m000p.mpirestart-combined-0-20.dat
Evicting /lus/eagle/projects/RECUP/kassogba/veloc-ckpt/haac/sc-experiments/4gpus/np796-500mil/run1/m000p.mpirestart-combined-0-30.dat
Evicting /lus/eagle/projects/RECUP/kassogba/veloc-ckpt/haac/sc-experiments/4gpus/np796-500mil/run1/m000p.mpirestart-combined-0-10.dat

           Files: 4
     Directories: 1
   Evicted Pages: 7324790 (27G)
         Elapsed: 1.9554 seconds
[INFO 0] [/home/keveltun/research/recup/veloc/apps/state-diff/src/loader/host_cache.cpp:11:host_cache_t] Host - Creating a cache of size 16384 MB
[INFO 0] [/home/keveltun/research/recup/veloc/apps/state-diff/src/loader/data_loader.cpp:10:data_loader_t] Loader - host and device caches initialized
[BENCHMARK 0] [/home/keveltun/research/recup/veloc/apps/state-diff/src/loader/data_loader.cpp:11:data_loader_t] [time elapsed: 0 ms] Initialized data loader
Data size = 7497964768
[BENCHMARK 0] [/home/keveltun/research/recup/veloc/apps/state-diff/include/statediff.hpp:143:client_t] [time elapsed: 0 ms] State-diff client 1 initialized
[INFO 0] [/home/keveltun/research/recup/veloc/apps/state-diff/src/loader/host_cache.cpp:50:set_reader] Host (0)- Setting reader to read from file
[INFO 0] [/home/keveltun/research/recup/veloc/apps/state-diff/src/loader/host_cache.cpp:32:activate] Host (0)- Started fetch thread on host cache
[INFO 0] [/home/keveltun/research/recup/veloc/apps/state-diff/src/loader/data_loader.cpp:137:file_load] Loader (0)- Creating segments without given file offsets
[BENCHMARK 0] [/home/keveltun/research/recup/veloc/apps/state-diff/src/loader/data_loader.cpp:161:file_load] [time elapsed: 0 ms] Created segments and staged for file read
[BENCHMARK 0] [/home/keveltun/research/recup/veloc/apps/state-diff/src/loader/host_cache.cpp:75:fetch_] [time elapsed: 0 ms] Host (0)- Waited any batch for host fetch
[INFO 0] [/home/keveltun/research/recup/veloc/apps/state-diff/src/loader/host_cache.cpp:138:get_completed] Host (0)- Getting completed jobs from ready_q
[BENCHMARK 3] [/home/keveltun/research/recup/veloc/apps/state-diff/src/loader/host_cache.cpp:93:fetch_] [time elapsed: 3589 ms] Host (0)- Fetched 1 batches to host cache
[BENCHMARK 3] [/home/keveltun/research/recup/veloc/apps/state-diff/src/loader/data_loader.cpp:223:next] [time elapsed: 3589 ms] Retrieved pointer to next batch of data for computation
[BENCHMARK 4] [/home/keveltun/research/recup/veloc/apps/state-diff/include/statediff.hpp:203:create] [time elapsed: 4351 ms] State-diff tree -1 created from reader
(1e-07) Chunk size: 262144, Creation time: 4.35157 seconds, throughput: 1.60471 GB/s
Evicting /lus/eagle/projects/RECUP/kassogba/veloc-ckpt/haac/sc-experiments/4gpus/np796-500mil/run1/m000p.mpirestart-combined-0-40.dat
Evicting /lus/eagle/projects/RECUP/kassogba/veloc-ckpt/haac/sc-experiments/4gpus/np796-500mil/run1/m000p.mpirestart-combined-0-20.dat
Evicting /lus/eagle/projects/RECUP/kassogba/veloc-ckpt/haac/sc-experiments/4gpus/np796-500mil/run1/m000p.mpirestart-combined-0-30.dat
Evicting /lus/eagle/projects/RECUP/kassogba/veloc-ckpt/haac/sc-experiments/4gpus/np796-500mil/run1/m000p.mpirestart-combined-0-10.dat

           Files: 4
     Directories: 1
   Evicted Pages: 7324790 (27G)
         Elapsed: 2.1334 seconds
[INFO 0] [/home/keveltun/research/recup/veloc/apps/state-diff/src/loader/host_cache.cpp:11:host_cache_t] Host - Creating a cache of size 16384 MB
[INFO 0] [/home/keveltun/research/recup/veloc/apps/state-diff/src/loader/data_loader.cpp:10:data_loader_t] Loader - host and device caches initialized
[BENCHMARK 0] [/home/keveltun/research/recup/veloc/apps/state-diff/src/loader/data_loader.cpp:11:data_loader_t] [time elapsed: 0 ms] Initialized data loader
Data size = 7497964768
[BENCHMARK 0] [/home/keveltun/research/recup/veloc/apps/state-diff/include/statediff.hpp:143:client_t] [time elapsed: 0 ms] State-diff client 1 initialized
[INFO 0] [/home/keveltun/research/recup/veloc/apps/state-diff/src/loader/host_cache.cpp:50:set_reader] Host (0)- Setting reader to read from file
[INFO 0] [/home/keveltun/research/recup/veloc/apps/state-diff/src/loader/host_cache.cpp:32:activate] Host (0)- Started fetch thread on host cache
[INFO 0] [/home/keveltun/research/recup/veloc/apps/state-diff/src/loader/data_loader.cpp:137:file_load] Loader (0)- Creating segments without given file offsets
[BENCHMARK 0] [/home/keveltun/research/recup/veloc/apps/state-diff/src/loader/data_loader.cpp:161:file_load] [time elapsed: 0 ms] Created segments and staged for file read
[BENCHMARK 0] [/home/keveltun/research/recup/veloc/apps/state-diff/src/loader/host_cache.cpp:75:fetch_] [time elapsed: 0 ms] Host (0)- Waited any batch for host fetch
[INFO 0] [/home/keveltun/research/recup/veloc/apps/state-diff/src/loader/host_cache.cpp:138:get_completed] Host (0)- Getting completed jobs from ready_q
[BENCHMARK 2] [/home/keveltun/research/recup/veloc/apps/state-diff/src/loader/host_cache.cpp:93:fetch_] [time elapsed: 2466 ms] Host (0)- Fetched 1 batches to host cache
[BENCHMARK 2] [/home/keveltun/research/recup/veloc/apps/state-diff/src/loader/data_loader.cpp:223:next] [time elapsed: 2466 ms] Retrieved pointer to next batch of data for computation
[BENCHMARK 3] [/home/keveltun/research/recup/veloc/apps/state-diff/include/statediff.hpp:203:create] [time elapsed: 3540 ms] State-diff tree -1 created from reader
(0.01) Chunk size: 524288, Creation time: 3.54019 seconds, throughput: 1.9725 GB/s
Evicting /lus/eagle/projects/RECUP/kassogba/veloc-ckpt/haac/sc-experiments/4gpus/np796-500mil/run1/m000p.mpirestart-combined-0-40.dat
Evicting /lus/eagle/projects/RECUP/kassogba/veloc-ckpt/haac/sc-experiments/4gpus/np796-500mil/run1/m000p.mpirestart-combined-0-20.dat
Evicting /lus/eagle/projects/RECUP/kassogba/veloc-ckpt/haac/sc-experiments/4gpus/np796-500mil/run1/m000p.mpirestart-combined-0-30.dat
Evicting /lus/eagle/projects/RECUP/kassogba/veloc-ckpt/haac/sc-experiments/4gpus/np796-500mil/run1/m000p.mpirestart-combined-0-10.dat

           Files: 4
     Directories: 1
   Evicted Pages: 7324790 (27G)
         Elapsed: 1.9416 seconds
[INFO 0] [/home/keveltun/research/recup/veloc/apps/state-diff/src/loader/host_cache.cpp:11:host_cache_t] Host - Creating a cache of size 16384 MB
[INFO 0] [/home/keveltun/research/recup/veloc/apps/state-diff/src/loader/data_loader.cpp:10:data_loader_t] Loader - host and device caches initialized
[BENCHMARK 0] [/home/keveltun/research/recup/veloc/apps/state-diff/src/loader/data_loader.cpp:11:data_loader_t] [time elapsed: 0 ms] Initialized data loader
Data size = 7497964768
[BENCHMARK 0] [/home/keveltun/research/recup/veloc/apps/state-diff/include/statediff.hpp:143:client_t] [time elapsed: 0 ms] State-diff client 1 initialized
[INFO 0] [/home/keveltun/research/recup/veloc/apps/state-diff/src/loader/host_cache.cpp:50:set_reader] Host (0)- Setting reader to read from file
[INFO 0] [/home/keveltun/research/recup/veloc/apps/state-diff/src/loader/host_cache.cpp:32:activate] Host (0)- Started fetch thread on host cache
[INFO 0] [/home/keveltun/research/recup/veloc/apps/state-diff/src/loader/data_loader.cpp:137:file_load] Loader (0)- Creating segments without given file offsets
[BENCHMARK 0] [/home/keveltun/research/recup/veloc/apps/state-diff/src/loader/data_loader.cpp:161:file_load] [time elapsed: 0 ms] Created segments and staged for file read
[BENCHMARK 0] [/home/keveltun/research/recup/veloc/apps/state-diff/src/loader/host_cache.cpp:75:fetch_] [time elapsed: 0 ms] Host (0)- Waited any batch for host fetch
[INFO 0] [/home/keveltun/research/recup/veloc/apps/state-diff/src/loader/host_cache.cpp:138:get_completed] Host (0)- Getting completed jobs from ready_q
[BENCHMARK 2] [/home/keveltun/research/recup/veloc/apps/state-diff/src/loader/host_cache.cpp:93:fetch_] [time elapsed: 2334 ms] Host (0)- Fetched 1 batches to host cache
[BENCHMARK 2] [/home/keveltun/research/recup/veloc/apps/state-diff/src/loader/data_loader.cpp:223:next] [time elapsed: 2334 ms] Retrieved pointer to next batch of data for computation
[BENCHMARK 3] [/home/keveltun/research/recup/veloc/apps/state-diff/include/statediff.hpp:203:create] [time elapsed: 3093 ms] State-diff tree -1 created from reader
(0.0001) Chunk size: 524288, Creation time: 3.09373 seconds, throughput: 2.25716 GB/s
Evicting /lus/eagle/projects/RECUP/kassogba/veloc-ckpt/haac/sc-experiments/4gpus/np796-500mil/run1/m000p.mpirestart-combined-0-40.dat
Evicting /lus/eagle/projects/RECUP/kassogba/veloc-ckpt/haac/sc-experiments/4gpus/np796-500mil/run1/m000p.mpirestart-combined-0-20.dat
Evicting /lus/eagle/projects/RECUP/kassogba/veloc-ckpt/haac/sc-experiments/4gpus/np796-500mil/run1/m000p.mpirestart-combined-0-30.dat
Evicting /lus/eagle/projects/RECUP/kassogba/veloc-ckpt/haac/sc-experiments/4gpus/np796-500mil/run1/m000p.mpirestart-combined-0-10.dat

           Files: 4
     Directories: 1
   Evicted Pages: 7324790 (27G)
         Elapsed: 1.9202 seconds
[INFO 0] [/home/keveltun/research/recup/veloc/apps/state-diff/src/loader/host_cache.cpp:11:host_cache_t] Host - Creating a cache of size 16384 MB
[INFO 0] [/home/keveltun/research/recup/veloc/apps/state-diff/src/loader/data_loader.cpp:10:data_loader_t] Loader - host and device caches initialized
[BENCHMARK 0] [/home/keveltun/research/recup/veloc/apps/state-diff/src/loader/data_loader.cpp:11:data_loader_t] [time elapsed: 0 ms] Initialized data loader
Data size = 7497964768
[BENCHMARK 0] [/home/keveltun/research/recup/veloc/apps/state-diff/include/statediff.hpp:143:client_t] [time elapsed: 0 ms] State-diff client 1 initialized
[INFO 0] [/home/keveltun/research/recup/veloc/apps/state-diff/src/loader/host_cache.cpp:50:set_reader] Host (0)- Setting reader to read from file
[INFO 0] [/home/keveltun/research/recup/veloc/apps/state-diff/src/loader/host_cache.cpp:32:activate] Host (0)- Started fetch thread on host cache
[INFO 0] [/home/keveltun/research/recup/veloc/apps/state-diff/src/loader/data_loader.cpp:137:file_load] Loader (0)- Creating segments without given file offsets
[BENCHMARK 0] [/home/keveltun/research/recup/veloc/apps/state-diff/src/loader/data_loader.cpp:161:file_load] [time elapsed: 0 ms] Created segments and staged for file read
[BENCHMARK 0] [/home/keveltun/research/recup/veloc/apps/state-diff/src/loader/host_cache.cpp:75:fetch_] [time elapsed: 0 ms] Host (0)- Waited any batch for host fetch
[INFO 0] [/home/keveltun/research/recup/veloc/apps/state-diff/src/loader/host_cache.cpp:138:get_completed] Host (0)- Getting completed jobs from ready_q
[BENCHMARK 2] [/home/keveltun/research/recup/veloc/apps/state-diff/src/loader/host_cache.cpp:93:fetch_] [time elapsed: 2404 ms] Host (0)- Fetched 1 batches to host cache
[BENCHMARK 2] [/home/keveltun/research/recup/veloc/apps/state-diff/src/loader/data_loader.cpp:223:next] [time elapsed: 2404 ms] Retrieved pointer to next batch of data for computation
[BENCHMARK 3] [/home/keveltun/research/recup/veloc/apps/state-diff/include/statediff.hpp:203:create] [time elapsed: 3165 ms] State-diff tree -1 created from reader
(1e-07) Chunk size: 524288, Creation time: 3.16548 seconds, throughput: 2.20599 GB/s
Evicting /lus/eagle/projects/RECUP/kassogba/veloc-ckpt/haac/sc-experiments/4gpus/np796-500mil/run1/m000p.mpirestart-combined-0-40.dat
Evicting /lus/eagle/projects/RECUP/kassogba/veloc-ckpt/haac/sc-experiments/4gpus/np796-500mil/run1/m000p.mpirestart-combined-0-20.dat
Evicting /lus/eagle/projects/RECUP/kassogba/veloc-ckpt/haac/sc-experiments/4gpus/np796-500mil/run1/m000p.mpirestart-combined-0-30.dat
Evicting /lus/eagle/projects/RECUP/kassogba/veloc-ckpt/haac/sc-experiments/4gpus/np796-500mil/run1/m000p.mpirestart-combined-0-10.dat

           Files: 4
     Directories: 1
   Evicted Pages: 7324790 (27G)
         Elapsed: 1.9224 seconds
[INFO 0] [/home/keveltun/research/recup/veloc/apps/state-diff/src/loader/host_cache.cpp:11:host_cache_t] Host - Creating a cache of size 16384 MB
[INFO 0] [/home/keveltun/research/recup/veloc/apps/state-diff/src/loader/data_loader.cpp:10:data_loader_t] Loader - host and device caches initialized
[BENCHMARK 0] [/home/keveltun/research/recup/veloc/apps/state-diff/src/loader/data_loader.cpp:11:data_loader_t] [time elapsed: 0 ms] Initialized data loader
Data size = 7497964768
[BENCHMARK 0] [/home/keveltun/research/recup/veloc/apps/state-diff/include/statediff.hpp:143:client_t] [time elapsed: 0 ms] State-diff client 1 initialized
[INFO 0] [/home/keveltun/research/recup/veloc/apps/state-diff/src/loader/host_cache.cpp:50:set_reader] Host (0)- Setting reader to read from file
[INFO 0] [/home/keveltun/research/recup/veloc/apps/state-diff/src/loader/host_cache.cpp:32:activate] Host (0)- Started fetch thread on host cache
[INFO 0] [/home/keveltun/research/recup/veloc/apps/state-diff/src/loader/data_loader.cpp:137:file_load] Loader (0)- Creating segments without given file offsets
[BENCHMARK 0] [/home/keveltun/research/recup/veloc/apps/state-diff/src/loader/data_loader.cpp:161:file_load] [time elapsed: 0 ms] Created segments and staged for file read
[BENCHMARK 0] [/home/keveltun/research/recup/veloc/apps/state-diff/src/loader/host_cache.cpp:75:fetch_] [time elapsed: 0 ms] Host (0)- Waited any batch for host fetch
[INFO 0] [/home/keveltun/research/recup/veloc/apps/state-diff/src/loader/host_cache.cpp:138:get_completed] Host (0)- Getting completed jobs from ready_q
[BENCHMARK 2] [/home/keveltun/research/recup/veloc/apps/state-diff/src/loader/host_cache.cpp:93:fetch_] [time elapsed: 2043 ms] Host (0)- Fetched 1 batches to host cache
[BENCHMARK 2] [/home/keveltun/research/recup/veloc/apps/state-diff/src/loader/data_loader.cpp:223:next] [time elapsed: 2043 ms] Retrieved pointer to next batch of data for computation
[BENCHMARK 3] [/home/keveltun/research/recup/veloc/apps/state-diff/include/statediff.hpp:203:create] [time elapsed: 3118 ms] State-diff tree -1 created from reader
(0.01) Chunk size: 1048576, Creation time: 3.11813 seconds, throughput: 2.23949 GB/s
Evicting /lus/eagle/projects/RECUP/kassogba/veloc-ckpt/haac/sc-experiments/4gpus/np796-500mil/run1/m000p.mpirestart-combined-0-40.dat
Evicting /lus/eagle/projects/RECUP/kassogba/veloc-ckpt/haac/sc-experiments/4gpus/np796-500mil/run1/m000p.mpirestart-combined-0-20.dat
Evicting /lus/eagle/projects/RECUP/kassogba/veloc-ckpt/haac/sc-experiments/4gpus/np796-500mil/run1/m000p.mpirestart-combined-0-30.dat
Evicting /lus/eagle/projects/RECUP/kassogba/veloc-ckpt/haac/sc-experiments/4gpus/np796-500mil/run1/m000p.mpirestart-combined-0-10.dat

           Files: 4
     Directories: 1
   Evicted Pages: 7324790 (27G)
         Elapsed: 1.9289 seconds
[INFO 0] [/home/keveltun/research/recup/veloc/apps/state-diff/src/loader/host_cache.cpp:11:host_cache_t] Host - Creating a cache of size 16384 MB
[INFO 0] [/home/keveltun/research/recup/veloc/apps/state-diff/src/loader/data_loader.cpp:10:data_loader_t] Loader - host and device caches initialized
[BENCHMARK 0] [/home/keveltun/research/recup/veloc/apps/state-diff/src/loader/data_loader.cpp:11:data_loader_t] [time elapsed: 0 ms] Initialized data loader
Data size = 7497964768
[BENCHMARK 0] [/home/keveltun/research/recup/veloc/apps/state-diff/include/statediff.hpp:143:client_t] [time elapsed: 0 ms] State-diff client 1 initialized
[INFO 0] [/home/keveltun/research/recup/veloc/apps/state-diff/src/loader/host_cache.cpp:50:set_reader] Host (0)- Setting reader to read from file
[INFO 0] [/home/keveltun/research/recup/veloc/apps/state-diff/src/loader/host_cache.cpp:32:activate] Host (0)- Started fetch thread on host cache
[INFO 0] [/home/keveltun/research/recup/veloc/apps/state-diff/src/loader/data_loader.cpp:137:file_load] Loader (0)- Creating segments without given file offsets
[BENCHMARK 0] [/home/keveltun/research/recup/veloc/apps/state-diff/src/loader/data_loader.cpp:161:file_load] [time elapsed: 0 ms] Created segments and staged for file read
[BENCHMARK 0] [/home/keveltun/research/recup/veloc/apps/state-diff/src/loader/host_cache.cpp:75:fetch_] [time elapsed: 0 ms] Host (0)- Waited any batch for host fetch
[INFO 0] [/home/keveltun/research/recup/veloc/apps/state-diff/src/loader/host_cache.cpp:138:get_completed] Host (0)- Getting completed jobs from ready_q
[BENCHMARK 2] [/home/keveltun/research/recup/veloc/apps/state-diff/src/loader/host_cache.cpp:93:fetch_] [time elapsed: 2028 ms] Host (0)- Fetched 1 batches to host cache
[BENCHMARK 2] [/home/keveltun/research/recup/veloc/apps/state-diff/src/loader/data_loader.cpp:223:next] [time elapsed: 2028 ms] Retrieved pointer to next batch of data for computation
[BENCHMARK 2] [/home/keveltun/research/recup/veloc/apps/state-diff/include/statediff.hpp:203:create] [time elapsed: 2788 ms] State-diff tree -1 created from reader
(0.0001) Chunk size: 1048576, Creation time: 2.78829 seconds, throughput: 2.50441 GB/s
Evicting /lus/eagle/projects/RECUP/kassogba/veloc-ckpt/haac/sc-experiments/4gpus/np796-500mil/run1/m000p.mpirestart-combined-0-40.dat
Evicting /lus/eagle/projects/RECUP/kassogba/veloc-ckpt/haac/sc-experiments/4gpus/np796-500mil/run1/m000p.mpirestart-combined-0-20.dat
Evicting /lus/eagle/projects/RECUP/kassogba/veloc-ckpt/haac/sc-experiments/4gpus/np796-500mil/run1/m000p.mpirestart-combined-0-30.dat
Evicting /lus/eagle/projects/RECUP/kassogba/veloc-ckpt/haac/sc-experiments/4gpus/np796-500mil/run1/m000p.mpirestart-combined-0-10.dat

           Files: 4
     Directories: 1
   Evicted Pages: 7324790 (27G)
         Elapsed: 1.9474 seconds
[INFO 0] [/home/keveltun/research/recup/veloc/apps/state-diff/src/loader/host_cache.cpp:11:host_cache_t] Host - Creating a cache of size 16384 MB
[INFO 0] [/home/keveltun/research/recup/veloc/apps/state-diff/src/loader/data_loader.cpp:10:data_loader_t] Loader - host and device caches initialized
[BENCHMARK 0] [/home/keveltun/research/recup/veloc/apps/state-diff/src/loader/data_loader.cpp:11:data_loader_t] [time elapsed: 0 ms] Initialized data loader
Data size = 7497964768
[BENCHMARK 0] [/home/keveltun/research/recup/veloc/apps/state-diff/include/statediff.hpp:143:client_t] [time elapsed: 0 ms] State-diff client 1 initialized
[INFO 0] [/home/keveltun/research/recup/veloc/apps/state-diff/src/loader/host_cache.cpp:50:set_reader] Host (0)- Setting reader to read from file
[INFO 0] [/home/keveltun/research/recup/veloc/apps/state-diff/src/loader/host_cache.cpp:32:activate] Host (0)- Started fetch thread on host cache
[INFO 0] [/home/keveltun/research/recup/veloc/apps/state-diff/src/loader/data_loader.cpp:137:file_load] Loader (0)- Creating segments without given file offsets
[BENCHMARK 0] [/home/keveltun/research/recup/veloc/apps/state-diff/src/loader/data_loader.cpp:161:file_load] [time elapsed: 0 ms] Created segments and staged for file read
[BENCHMARK 0] [/home/keveltun/research/recup/veloc/apps/state-diff/src/loader/host_cache.cpp:75:fetch_] [time elapsed: 0 ms] Host (0)- Waited any batch for host fetch
[INFO 0] [/home/keveltun/research/recup/veloc/apps/state-diff/src/loader/host_cache.cpp:138:get_completed] Host (0)- Getting completed jobs from ready_q
[BENCHMARK 2] [/home/keveltun/research/recup/veloc/apps/state-diff/src/loader/host_cache.cpp:93:fetch_] [time elapsed: 2063 ms] Host (0)- Fetched 1 batches to host cache
[BENCHMARK 2] [/home/keveltun/research/recup/veloc/apps/state-diff/src/loader/data_loader.cpp:223:next] [time elapsed: 2063 ms] Retrieved pointer to next batch of data for computation
[BENCHMARK 2] [/home/keveltun/research/recup/veloc/apps/state-diff/include/statediff.hpp:203:create] [time elapsed: 2825 ms] State-diff tree -1 created from reader
(1e-07) Chunk size: 1048576, Creation time: 2.82512 seconds, throughput: 2.47176 GB/s
Evicting /lus/eagle/projects/RECUP/kassogba/veloc-ckpt/haac/sc-experiments/4gpus/np796-500mil/run1/m000p.mpirestart-combined-0-40.dat
Evicting /lus/eagle/projects/RECUP/kassogba/veloc-ckpt/haac/sc-experiments/4gpus/np796-500mil/run1/m000p.mpirestart-combined-0-20.dat
Evicting /lus/eagle/projects/RECUP/kassogba/veloc-ckpt/haac/sc-experiments/4gpus/np796-500mil/run1/m000p.mpirestart-combined-0-30.dat
Evicting /lus/eagle/projects/RECUP/kassogba/veloc-ckpt/haac/sc-experiments/4gpus/np796-500mil/run1/m000p.mpirestart-combined-0-10.dat

           Files: 4
     Directories: 1
   Evicted Pages: 7324790 (27G)
         Elapsed: 1.9344 seconds
[INFO 0] [/home/keveltun/research/recup/veloc/apps/state-diff/src/loader/host_cache.cpp:11:host_cache_t] Host - Creating a cache of size 16384 MB
[INFO 0] [/home/keveltun/research/recup/veloc/apps/state-diff/src/loader/data_loader.cpp:10:data_loader_t] Loader - host and device caches initialized
[BENCHMARK 0] [/home/keveltun/research/recup/veloc/apps/state-diff/src/loader/data_loader.cpp:11:data_loader_t] [time elapsed: 0 ms] Initialized data loader
Data size = 7497964768
[BENCHMARK 0] [/home/keveltun/research/recup/veloc/apps/state-diff/include/statediff.hpp:143:client_t] [time elapsed: 0 ms] State-diff client 1 initialized
[INFO 0] [/home/keveltun/research/recup/veloc/apps/state-diff/src/loader/host_cache.cpp:50:set_reader] Host (0)- Setting reader to read from file
[INFO 0] [/home/keveltun/research/recup/veloc/apps/state-diff/src/loader/host_cache.cpp:32:activate] Host (0)- Started fetch thread on host cache
[INFO 0] [/home/keveltun/research/recup/veloc/apps/state-diff/src/loader/data_loader.cpp:137:file_load] Loader (0)- Creating segments without given file offsets
[BENCHMARK 0] [/home/keveltun/research/recup/veloc/apps/state-diff/src/loader/data_loader.cpp:161:file_load] [time elapsed: 0 ms] Created segments and staged for file read
[BENCHMARK 0] [/home/keveltun/research/recup/veloc/apps/state-diff/src/loader/host_cache.cpp:75:fetch_] [time elapsed: 0 ms] Host (0)- Waited any batch for host fetch
[INFO 0] [/home/keveltun/research/recup/veloc/apps/state-diff/src/loader/host_cache.cpp:138:get_completed] Host (0)- Getting completed jobs from ready_q
[BENCHMARK 2] [/home/keveltun/research/recup/veloc/apps/state-diff/src/loader/host_cache.cpp:93:fetch_] [time elapsed: 1989 ms] Host (0)- Fetched 1 batches to host cache
[BENCHMARK 2] [/home/keveltun/research/recup/veloc/apps/state-diff/src/loader/data_loader.cpp:223:next] [time elapsed: 1989 ms] Retrieved pointer to next batch of data for computation
[BENCHMARK 3] [/home/keveltun/research/recup/veloc/apps/state-diff/include/statediff.hpp:203:create] [time elapsed: 3067 ms] State-diff tree -1 created from reader
(0.01) Chunk size: 2097152, Creation time: 3.0673 seconds, throughput: 2.2766 GB/s
Evicting /lus/eagle/projects/RECUP/kassogba/veloc-ckpt/haac/sc-experiments/4gpus/np796-500mil/run1/m000p.mpirestart-combined-0-40.dat
Evicting /lus/eagle/projects/RECUP/kassogba/veloc-ckpt/haac/sc-experiments/4gpus/np796-500mil/run1/m000p.mpirestart-combined-0-20.dat
Evicting /lus/eagle/projects/RECUP/kassogba/veloc-ckpt/haac/sc-experiments/4gpus/np796-500mil/run1/m000p.mpirestart-combined-0-30.dat
Evicting /lus/eagle/projects/RECUP/kassogba/veloc-ckpt/haac/sc-experiments/4gpus/np796-500mil/run1/m000p.mpirestart-combined-0-10.dat

           Files: 4
     Directories: 1
   Evicted Pages: 7324790 (27G)
         Elapsed: 1.9192 seconds
[INFO 0] [/home/keveltun/research/recup/veloc/apps/state-diff/src/loader/host_cache.cpp:11:host_cache_t] Host - Creating a cache of size 16384 MB
[INFO 0] [/home/keveltun/research/recup/veloc/apps/state-diff/src/loader/data_loader.cpp:10:data_loader_t] Loader - host and device caches initialized
[BENCHMARK 0] [/home/keveltun/research/recup/veloc/apps/state-diff/src/loader/data_loader.cpp:11:data_loader_t] [time elapsed: 0 ms] Initialized data loader
Data size = 7497964768
[BENCHMARK 0] [/home/keveltun/research/recup/veloc/apps/state-diff/include/statediff.hpp:143:client_t] [time elapsed: 0 ms] State-diff client 1 initialized
[INFO 0] [/home/keveltun/research/recup/veloc/apps/state-diff/src/loader/host_cache.cpp:50:set_reader] Host (0)- Setting reader to read from file
[INFO 0] [/home/keveltun/research/recup/veloc/apps/state-diff/src/loader/host_cache.cpp:32:activate] Host (0)- Started fetch thread on host cache
[INFO 0] [/home/keveltun/research/recup/veloc/apps/state-diff/src/loader/data_loader.cpp:137:file_load] Loader (0)- Creating segments without given file offsets
[BENCHMARK 0] [/home/keveltun/research/recup/veloc/apps/state-diff/src/loader/data_loader.cpp:161:file_load] [time elapsed: 0 ms] Created segments and staged for file read
[BENCHMARK 0] [/home/keveltun/research/recup/veloc/apps/state-diff/src/loader/host_cache.cpp:75:fetch_] [time elapsed: 0 ms] Host (0)- Waited any batch for host fetch
[INFO 0] [/home/keveltun/research/recup/veloc/apps/state-diff/src/loader/host_cache.cpp:138:get_completed] Host (0)- Getting completed jobs from ready_q
[BENCHMARK 2] [/home/keveltun/research/recup/veloc/apps/state-diff/src/loader/host_cache.cpp:93:fetch_] [time elapsed: 2011 ms] Host (0)- Fetched 1 batches to host cache
[BENCHMARK 2] [/home/keveltun/research/recup/veloc/apps/state-diff/src/loader/data_loader.cpp:223:next] [time elapsed: 2011 ms] Retrieved pointer to next batch of data for computation
[BENCHMARK 2] [/home/keveltun/research/recup/veloc/apps/state-diff/include/statediff.hpp:203:create] [time elapsed: 2781 ms] State-diff tree -1 created from reader
(0.0001) Chunk size: 2097152, Creation time: 2.78102 seconds, throughput: 2.51096 GB/s
Evicting /lus/eagle/projects/RECUP/kassogba/veloc-ckpt/haac/sc-experiments/4gpus/np796-500mil/run1/m000p.mpirestart-combined-0-40.dat
Evicting /lus/eagle/projects/RECUP/kassogba/veloc-ckpt/haac/sc-experiments/4gpus/np796-500mil/run1/m000p.mpirestart-combined-0-20.dat
Evicting /lus/eagle/projects/RECUP/kassogba/veloc-ckpt/haac/sc-experiments/4gpus/np796-500mil/run1/m000p.mpirestart-combined-0-30.dat
Evicting /lus/eagle/projects/RECUP/kassogba/veloc-ckpt/haac/sc-experiments/4gpus/np796-500mil/run1/m000p.mpirestart-combined-0-10.dat

           Files: 4
     Directories: 1
   Evicted Pages: 7324790 (27G)
         Elapsed: 1.9196 seconds
[INFO 0] [/home/keveltun/research/recup/veloc/apps/state-diff/src/loader/host_cache.cpp:11:host_cache_t] Host - Creating a cache of size 16384 MB
[INFO 0] [/home/keveltun/research/recup/veloc/apps/state-diff/src/loader/data_loader.cpp:10:data_loader_t] Loader - host and device caches initialized
[BENCHMARK 0] [/home/keveltun/research/recup/veloc/apps/state-diff/src/loader/data_loader.cpp:11:data_loader_t] [time elapsed: 0 ms] Initialized data loader
Data size = 7497964768
[BENCHMARK 0] [/home/keveltun/research/recup/veloc/apps/state-diff/include/statediff.hpp:143:client_t] [time elapsed: 0 ms] State-diff client 1 initialized
[INFO 0] [/home/keveltun/research/recup/veloc/apps/state-diff/src/loader/host_cache.cpp:50:set_reader] Host (0)- Setting reader to read from file
[INFO 0] [/home/keveltun/research/recup/veloc/apps/state-diff/src/loader/host_cache.cpp:32:activate] Host (0)- Started fetch thread on host cache
[INFO 0] [/home/keveltun/research/recup/veloc/apps/state-diff/src/loader/data_loader.cpp:137:file_load] Loader (0)- Creating segments without given file offsets
[BENCHMARK 0] [/home/keveltun/research/recup/veloc/apps/state-diff/src/loader/data_loader.cpp:161:file_load] [time elapsed: 0 ms] Created segments and staged for file read
[BENCHMARK 0] [/home/keveltun/research/recup/veloc/apps/state-diff/src/loader/host_cache.cpp:75:fetch_] [time elapsed: 0 ms] Host (0)- Waited any batch for host fetch
[INFO 0] [/home/keveltun/research/recup/veloc/apps/state-diff/src/loader/host_cache.cpp:138:get_completed] Host (0)- Getting completed jobs from ready_q
[BENCHMARK 2] [/home/keveltun/research/recup/veloc/apps/state-diff/src/loader/host_cache.cpp:93:fetch_] [time elapsed: 1997 ms] Host (0)- Fetched 1 batches to host cache
[BENCHMARK 2] [/home/keveltun/research/recup/veloc/apps/state-diff/src/loader/data_loader.cpp:223:next] [time elapsed: 1997 ms] Retrieved pointer to next batch of data for computation
[BENCHMARK 2] [/home/keveltun/research/recup/veloc/apps/state-diff/include/statediff.hpp:203:create] [time elapsed: 2752 ms] State-diff tree -1 created from reader
(1e-07) Chunk size: 2097152, Creation time: 2.75256 seconds, throughput: 2.53692 GB/s
Evicting /lus/eagle/projects/RECUP/kassogba/veloc-ckpt/haac/sc-experiments/4gpus/np796-500mil/run1/m000p.mpirestart-combined-0-40.dat
Evicting /lus/eagle/projects/RECUP/kassogba/veloc-ckpt/haac/sc-experiments/4gpus/np796-500mil/run1/m000p.mpirestart-combined-0-20.dat
Evicting /lus/eagle/projects/RECUP/kassogba/veloc-ckpt/haac/sc-experiments/4gpus/np796-500mil/run1/m000p.mpirestart-combined-0-30.dat
Evicting /lus/eagle/projects/RECUP/kassogba/veloc-ckpt/haac/sc-experiments/4gpus/np796-500mil/run1/m000p.mpirestart-combined-0-10.dat

           Files: 4
     Directories: 1
   Evicted Pages: 7324790 (27G)
         Elapsed: 2.0462 seconds
[INFO 0] [/home/keveltun/research/recup/veloc/apps/state-diff/src/loader/host_cache.cpp:11:host_cache_t] Host - Creating a cache of size 16384 MB
[INFO 0] [/home/keveltun/research/recup/veloc/apps/state-diff/src/loader/data_loader.cpp:10:data_loader_t] Loader - host and device caches initialized
[BENCHMARK 0] [/home/keveltun/research/recup/veloc/apps/state-diff/src/loader/data_loader.cpp:11:data_loader_t] [time elapsed: 0 ms] Initialized data loader
Data size = 7497964768
[BENCHMARK 0] [/home/keveltun/research/recup/veloc/apps/state-diff/include/statediff.hpp:143:client_t] [time elapsed: 0 ms] State-diff client 1 initialized
[INFO 0] [/home/keveltun/research/recup/veloc/apps/state-diff/src/loader/host_cache.cpp:50:set_reader] Host (0)- Setting reader to read from file
[INFO 0] [/home/keveltun/research/recup/veloc/apps/state-diff/src/loader/host_cache.cpp:32:activate] Host (0)- Started fetch thread on host cache
[INFO 0] [/home/keveltun/research/recup/veloc/apps/state-diff/src/loader/data_loader.cpp:137:file_load] Loader (0)- Creating segments without given file offsets
[BENCHMARK 0] [/home/keveltun/research/recup/veloc/apps/state-diff/src/loader/data_loader.cpp:161:file_load] [time elapsed: 0 ms] Created segments and staged for file read
[BENCHMARK 0] [/home/keveltun/research/recup/veloc/apps/state-diff/src/loader/host_cache.cpp:75:fetch_] [time elapsed: 0 ms] Host (0)- Waited any batch for host fetch
[INFO 0] [/home/keveltun/research/recup/veloc/apps/state-diff/src/loader/host_cache.cpp:138:get_completed] Host (0)- Getting completed jobs from ready_q
[BENCHMARK 2] [/home/keveltun/research/recup/veloc/apps/state-diff/src/loader/host_cache.cpp:93:fetch_] [time elapsed: 2016 ms] Host (0)- Fetched 1 batches to host cache
[BENCHMARK 2] [/home/keveltun/research/recup/veloc/apps/state-diff/src/loader/data_loader.cpp:223:next] [time elapsed: 2016 ms] Retrieved pointer to next batch of data for computation
[BENCHMARK 3] [/home/keveltun/research/recup/veloc/apps/state-diff/include/statediff.hpp:203:create] [time elapsed: 3102 ms] State-diff tree -1 created from reader
(0.01) Chunk size: 4194304, Creation time: 3.10236 seconds, throughput: 2.25088 GB/s
Evicting /lus/eagle/projects/RECUP/kassogba/veloc-ckpt/haac/sc-experiments/4gpus/np796-500mil/run1/m000p.mpirestart-combined-0-40.dat
Evicting /lus/eagle/projects/RECUP/kassogba/veloc-ckpt/haac/sc-experiments/4gpus/np796-500mil/run1/m000p.mpirestart-combined-0-20.dat
Evicting /lus/eagle/projects/RECUP/kassogba/veloc-ckpt/haac/sc-experiments/4gpus/np796-500mil/run1/m000p.mpirestart-combined-0-30.dat
Evicting /lus/eagle/projects/RECUP/kassogba/veloc-ckpt/haac/sc-experiments/4gpus/np796-500mil/run1/m000p.mpirestart-combined-0-10.dat

           Files: 4
     Directories: 1
   Evicted Pages: 7324790 (27G)
         Elapsed: 1.9435 seconds
[INFO 0] [/home/keveltun/research/recup/veloc/apps/state-diff/src/loader/host_cache.cpp:11:host_cache_t] Host - Creating a cache of size 16384 MB
[INFO 0] [/home/keveltun/research/recup/veloc/apps/state-diff/src/loader/data_loader.cpp:10:data_loader_t] Loader - host and device caches initialized
[BENCHMARK 0] [/home/keveltun/research/recup/veloc/apps/state-diff/src/loader/data_loader.cpp:11:data_loader_t] [time elapsed: 0 ms] Initialized data loader
Data size = 7497964768
[BENCHMARK 0] [/home/keveltun/research/recup/veloc/apps/state-diff/include/statediff.hpp:143:client_t] [time elapsed: 0 ms] State-diff client 1 initialized
[INFO 0] [/home/keveltun/research/recup/veloc/apps/state-diff/src/loader/host_cache.cpp:50:set_reader] Host (0)- Setting reader to read from file
[INFO 0] [/home/keveltun/research/recup/veloc/apps/state-diff/src/loader/host_cache.cpp:32:activate] Host (0)- Started fetch thread on host cache
[INFO 0] [/home/keveltun/research/recup/veloc/apps/state-diff/src/loader/data_loader.cpp:137:file_load] Loader (0)- Creating segments without given file offsets
[BENCHMARK 0] [/home/keveltun/research/recup/veloc/apps/state-diff/src/loader/data_loader.cpp:161:file_load] [time elapsed: 0 ms] Created segments and staged for file read
[BENCHMARK 0] [/home/keveltun/research/recup/veloc/apps/state-diff/src/loader/host_cache.cpp:75:fetch_] [time elapsed: 0 ms] Host (0)- Waited any batch for host fetch
[INFO 0] [/home/keveltun/research/recup/veloc/apps/state-diff/src/loader/host_cache.cpp:138:get_completed] Host (0)- Getting completed jobs from ready_q
[BENCHMARK 1] [/home/keveltun/research/recup/veloc/apps/state-diff/src/loader/host_cache.cpp:93:fetch_] [time elapsed: 1970 ms] Host (0)- Fetched 1 batches to host cache
[BENCHMARK 1] [/home/keveltun/research/recup/veloc/apps/state-diff/src/loader/data_loader.cpp:223:next] [time elapsed: 1970 ms] Retrieved pointer to next batch of data for computation
[BENCHMARK 2] [/home/keveltun/research/recup/veloc/apps/state-diff/include/statediff.hpp:203:create] [time elapsed: 2732 ms] State-diff tree -1 created from reader
(0.0001) Chunk size: 4194304, Creation time: 2.73216 seconds, throughput: 2.55586 GB/s
Evicting /lus/eagle/projects/RECUP/kassogba/veloc-ckpt/haac/sc-experiments/4gpus/np796-500mil/run1/m000p.mpirestart-combined-0-40.dat
Evicting /lus/eagle/projects/RECUP/kassogba/veloc-ckpt/haac/sc-experiments/4gpus/np796-500mil/run1/m000p.mpirestart-combined-0-20.dat
Evicting /lus/eagle/projects/RECUP/kassogba/veloc-ckpt/haac/sc-experiments/4gpus/np796-500mil/run1/m000p.mpirestart-combined-0-30.dat
Evicting /lus/eagle/projects/RECUP/kassogba/veloc-ckpt/haac/sc-experiments/4gpus/np796-500mil/run1/m000p.mpirestart-combined-0-10.dat

           Files: 4
     Directories: 1
   Evicted Pages: 7324790 (27G)
         Elapsed: 1.9528 seconds
[INFO 0] [/home/keveltun/research/recup/veloc/apps/state-diff/src/loader/host_cache.cpp:11:host_cache_t] Host - Creating a cache of size 16384 MB
[INFO 0] [/home/keveltun/research/recup/veloc/apps/state-diff/src/loader/data_loader.cpp:10:data_loader_t] Loader - host and device caches initialized
[BENCHMARK 0] [/home/keveltun/research/recup/veloc/apps/state-diff/src/loader/data_loader.cpp:11:data_loader_t] [time elapsed: 0 ms] Initialized data loader
Data size = 7497964768
[BENCHMARK 0] [/home/keveltun/research/recup/veloc/apps/state-diff/include/statediff.hpp:143:client_t] [time elapsed: 0 ms] State-diff client 1 initialized
[INFO 0] [/home/keveltun/research/recup/veloc/apps/state-diff/src/loader/host_cache.cpp:50:set_reader] Host (0)- Setting reader to read from file
[INFO 0] [/home/keveltun/research/recup/veloc/apps/state-diff/src/loader/host_cache.cpp:32:activate] Host (0)- Started fetch thread on host cache
[INFO 0] [/home/keveltun/research/recup/veloc/apps/state-diff/src/loader/data_loader.cpp:137:file_load] Loader (0)- Creating segments without given file offsets
[BENCHMARK 0] [/home/keveltun/research/recup/veloc/apps/state-diff/src/loader/data_loader.cpp:161:file_load] [time elapsed: 0 ms] Created segments and staged for file read
[BENCHMARK 0] [/home/keveltun/research/recup/veloc/apps/state-diff/src/loader/host_cache.cpp:75:fetch_] [time elapsed: 0 ms] Host (0)- Waited any batch for host fetch
[INFO 0] [/home/keveltun/research/recup/veloc/apps/state-diff/src/loader/host_cache.cpp:138:get_completed] Host (0)- Getting completed jobs from ready_q
[BENCHMARK 1] [/home/keveltun/research/recup/veloc/apps/state-diff/src/loader/host_cache.cpp:93:fetch_] [time elapsed: 1903 ms] Host (0)- Fetched 1 batches to host cache
[BENCHMARK 1] [/home/keveltun/research/recup/veloc/apps/state-diff/src/loader/data_loader.cpp:223:next] [time elapsed: 1903 ms] Retrieved pointer to next batch of data for computation
[BENCHMARK 2] [/home/keveltun/research/recup/veloc/apps/state-diff/include/statediff.hpp:203:create] [time elapsed: 2677 ms] State-diff tree -1 created from reader
(1e-07) Chunk size: 4194304, Creation time: 2.67711 seconds, throughput: 2.60841 GB/s
Evicting /lus/eagle/projects/RECUP/kassogba/veloc-ckpt/haac/sc-experiments/4gpus/np796-500mil/run1/m000p.mpirestart-combined-0-40.dat
Evicting /lus/eagle/projects/RECUP/kassogba/veloc-ckpt/haac/sc-experiments/4gpus/np796-500mil/run1/m000p.mpirestart-combined-0-20.dat
Evicting /lus/eagle/projects/RECUP/kassogba/veloc-ckpt/haac/sc-experiments/4gpus/np796-500mil/run1/m000p.mpirestart-combined-0-30.dat
Evicting /lus/eagle/projects/RECUP/kassogba/veloc-ckpt/haac/sc-experiments/4gpus/np796-500mil/run1/m000p.mpirestart-combined-0-10.dat

           Files: 4
     Directories: 1
   Evicted Pages: 7324790 (27G)
         Elapsed: 1.9438 seconds
[INFO 0] [/home/keveltun/research/recup/veloc/apps/state-diff/src/loader/host_cache.cpp:11:host_cache_t] Host - Creating a cache of size 16384 MB
[INFO 0] [/home/keveltun/research/recup/veloc/apps/state-diff/src/loader/data_loader.cpp:10:data_loader_t] Loader - host and device caches initialized
[BENCHMARK 0] [/home/keveltun/research/recup/veloc/apps/state-diff/src/loader/data_loader.cpp:11:data_loader_t] [time elapsed: 0 ms] Initialized data loader
Data size = 7497964768
[BENCHMARK 0] [/home/keveltun/research/recup/veloc/apps/state-diff/include/statediff.hpp:143:client_t] [time elapsed: 0 ms] State-diff client 1 initialized
[INFO 0] [/home/keveltun/research/recup/veloc/apps/state-diff/src/loader/host_cache.cpp:50:set_reader] Host (0)- Setting reader to read from file
[INFO 0] [/home/keveltun/research/recup/veloc/apps/state-diff/src/loader/host_cache.cpp:32:activate] Host (0)- Started fetch thread on host cache
[INFO 0] [/home/keveltun/research/recup/veloc/apps/state-diff/src/loader/data_loader.cpp:137:file_load] Loader (0)- Creating segments without given file offsets
[BENCHMARK 0] [/home/keveltun/research/recup/veloc/apps/state-diff/src/loader/data_loader.cpp:161:file_load] [time elapsed: 0 ms] Created segments and staged for file read
[BENCHMARK 0] [/home/keveltun/research/recup/veloc/apps/state-diff/src/loader/host_cache.cpp:75:fetch_] [time elapsed: 0 ms] Host (0)- Waited any batch for host fetch
[INFO 0] [/home/keveltun/research/recup/veloc/apps/state-diff/src/loader/host_cache.cpp:138:get_completed] Host (0)- Getting completed jobs from ready_q
[BENCHMARK 2] [/home/keveltun/research/recup/veloc/apps/state-diff/src/loader/host_cache.cpp:93:fetch_] [time elapsed: 2160 ms] Host (0)- Fetched 1 batches to host cache
[BENCHMARK 2] [/home/keveltun/research/recup/veloc/apps/state-diff/src/loader/data_loader.cpp:223:next] [time elapsed: 2160 ms] Retrieved pointer to next batch of data for computation
[BENCHMARK 3] [/home/keveltun/research/recup/veloc/apps/state-diff/include/statediff.hpp:203:create] [time elapsed: 3245 ms] State-diff tree -1 created from reader
(0.01) Chunk size: 8388608, Creation time: 3.24509 seconds, throughput: 2.15187 GB/s
Evicting /lus/eagle/projects/RECUP/kassogba/veloc-ckpt/haac/sc-experiments/4gpus/np796-500mil/run1/m000p.mpirestart-combined-0-40.dat
Evicting /lus/eagle/projects/RECUP/kassogba/veloc-ckpt/haac/sc-experiments/4gpus/np796-500mil/run1/m000p.mpirestart-combined-0-20.dat
Evicting /lus/eagle/projects/RECUP/kassogba/veloc-ckpt/haac/sc-experiments/4gpus/np796-500mil/run1/m000p.mpirestart-combined-0-30.dat
Evicting /lus/eagle/projects/RECUP/kassogba/veloc-ckpt/haac/sc-experiments/4gpus/np796-500mil/run1/m000p.mpirestart-combined-0-10.dat

           Files: 4
     Directories: 1
   Evicted Pages: 7324790 (27G)
         Elapsed: 1.9032 seconds
[INFO 0] [/home/keveltun/research/recup/veloc/apps/state-diff/src/loader/host_cache.cpp:11:host_cache_t] Host - Creating a cache of size 16384 MB
[INFO 0] [/home/keveltun/research/recup/veloc/apps/state-diff/src/loader/data_loader.cpp:10:data_loader_t] Loader - host and device caches initialized
[BENCHMARK 0] [/home/keveltun/research/recup/veloc/apps/state-diff/src/loader/data_loader.cpp:11:data_loader_t] [time elapsed: 0 ms] Initialized data loader
Data size = 7497964768
[BENCHMARK 0] [/home/keveltun/research/recup/veloc/apps/state-diff/include/statediff.hpp:143:client_t] [time elapsed: 0 ms] State-diff client 1 initialized
[INFO 0] [/home/keveltun/research/recup/veloc/apps/state-diff/src/loader/host_cache.cpp:50:set_reader] Host (0)- Setting reader to read from file
[INFO 0] [/home/keveltun/research/recup/veloc/apps/state-diff/src/loader/host_cache.cpp:32:activate] Host (0)- Started fetch thread on host cache
[INFO 0] [/home/keveltun/research/recup/veloc/apps/state-diff/src/loader/data_loader.cpp:137:file_load] Loader (0)- Creating segments without given file offsets
[BENCHMARK 0] [/home/keveltun/research/recup/veloc/apps/state-diff/src/loader/data_loader.cpp:161:file_load] [time elapsed: 0 ms] Created segments and staged for file read
[BENCHMARK 0] [/home/keveltun/research/recup/veloc/apps/state-diff/src/loader/host_cache.cpp:75:fetch_] [time elapsed: 0 ms] Host (0)- Waited any batch for host fetch
[INFO 0] [/home/keveltun/research/recup/veloc/apps/state-diff/src/loader/host_cache.cpp:138:get_completed] Host (0)- Getting completed jobs from ready_q
[BENCHMARK 2] [/home/keveltun/research/recup/veloc/apps/state-diff/src/loader/host_cache.cpp:93:fetch_] [time elapsed: 1996 ms] Host (0)- Fetched 1 batches to host cache
[BENCHMARK 2] [/home/keveltun/research/recup/veloc/apps/state-diff/src/loader/data_loader.cpp:223:next] [time elapsed: 1996 ms] Retrieved pointer to next batch of data for computation
[BENCHMARK 2] [/home/keveltun/research/recup/veloc/apps/state-diff/include/statediff.hpp:203:create] [time elapsed: 2764 ms] State-diff tree -1 created from reader
(0.0001) Chunk size: 8388608, Creation time: 2.76471 seconds, throughput: 2.52578 GB/s
Evicting /lus/eagle/projects/RECUP/kassogba/veloc-ckpt/haac/sc-experiments/4gpus/np796-500mil/run1/m000p.mpirestart-combined-0-40.dat
Evicting /lus/eagle/projects/RECUP/kassogba/veloc-ckpt/haac/sc-experiments/4gpus/np796-500mil/run1/m000p.mpirestart-combined-0-20.dat
Evicting /lus/eagle/projects/RECUP/kassogba/veloc-ckpt/haac/sc-experiments/4gpus/np796-500mil/run1/m000p.mpirestart-combined-0-30.dat
Evicting /lus/eagle/projects/RECUP/kassogba/veloc-ckpt/haac/sc-experiments/4gpus/np796-500mil/run1/m000p.mpirestart-combined-0-10.dat

           Files: 4
     Directories: 1
   Evicted Pages: 7324790 (27G)
         Elapsed: 1.944 seconds
[INFO 0] [/home/keveltun/research/recup/veloc/apps/state-diff/src/loader/host_cache.cpp:11:host_cache_t] Host - Creating a cache of size 16384 MB
[INFO 0] [/home/keveltun/research/recup/veloc/apps/state-diff/src/loader/data_loader.cpp:10:data_loader_t] Loader - host and device caches initialized
[BENCHMARK 0] [/home/keveltun/research/recup/veloc/apps/state-diff/src/loader/data_loader.cpp:11:data_loader_t] [time elapsed: 0 ms] Initialized data loader
Data size = 7497964768
[BENCHMARK 0] [/home/keveltun/research/recup/veloc/apps/state-diff/include/statediff.hpp:143:client_t] [time elapsed: 0 ms] State-diff client 1 initialized
[INFO 0] [/home/keveltun/research/recup/veloc/apps/state-diff/src/loader/host_cache.cpp:50:set_reader] Host (0)- Setting reader to read from file
[INFO 0] [/home/keveltun/research/recup/veloc/apps/state-diff/src/loader/host_cache.cpp:32:activate] Host (0)- Started fetch thread on host cache
[INFO 0] [/home/keveltun/research/recup/veloc/apps/state-diff/src/loader/data_loader.cpp:137:file_load] Loader (0)- Creating segments without given file offsets
[BENCHMARK 0] [/home/keveltun/research/recup/veloc/apps/state-diff/src/loader/data_loader.cpp:161:file_load] [time elapsed: 0 ms] Created segments and staged for file read
[BENCHMARK 0] [/home/keveltun/research/recup/veloc/apps/state-diff/src/loader/host_cache.cpp:75:fetch_] [time elapsed: 0 ms] Host (0)- Waited any batch for host fetch
[INFO 0] [/home/keveltun/research/recup/veloc/apps/state-diff/src/loader/host_cache.cpp:138:get_completed] Host (0)- Getting completed jobs from ready_q
[BENCHMARK 2] [/home/keveltun/research/recup/veloc/apps/state-diff/src/loader/host_cache.cpp:93:fetch_] [time elapsed: 2014 ms] Host (0)- Fetched 1 batches to host cache
[BENCHMARK 2] [/home/keveltun/research/recup/veloc/apps/state-diff/src/loader/data_loader.cpp:223:next] [time elapsed: 2014 ms] Retrieved pointer to next batch of data for computation
[BENCHMARK 2] [/home/keveltun/research/recup/veloc/apps/state-diff/include/statediff.hpp:203:create] [time elapsed: 2790 ms] State-diff tree -1 created from reader
(1e-07) Chunk size: 8388608, Creation time: 2.79096 seconds, throughput: 2.50201 GB/s
Evicting /lus/eagle/projects/RECUP/kassogba/veloc-ckpt/haac/sc-experiments/4gpus/np796-500mil/run1/m000p.mpirestart-combined-0-40.dat
Evicting /lus/eagle/projects/RECUP/kassogba/veloc-ckpt/haac/sc-experiments/4gpus/np796-500mil/run1/m000p.mpirestart-combined-0-20.dat
Evicting /lus/eagle/projects/RECUP/kassogba/veloc-ckpt/haac/sc-experiments/4gpus/np796-500mil/run1/m000p.mpirestart-combined-0-30.dat
Evicting /lus/eagle/projects/RECUP/kassogba/veloc-ckpt/haac/sc-experiments/4gpus/np796-500mil/run1/m000p.mpirestart-combined-0-10.dat

           Files: 4
     Directories: 1
   Evicted Pages: 7324790 (27G)
         Elapsed: 1.9296 seconds
[INFO 0] [/home/keveltun/research/recup/veloc/apps/state-diff/src/loader/host_cache.cpp:11:host_cache_t] Host - Creating a cache of size 16384 MB
[INFO 0] [/home/keveltun/research/recup/veloc/apps/state-diff/src/loader/data_loader.cpp:10:data_loader_t] Loader - host and device caches initialized
[BENCHMARK 0] [/home/keveltun/research/recup/veloc/apps/state-diff/src/loader/data_loader.cpp:11:data_loader_t] [time elapsed: 0 ms] Initialized data loader
Data size = 7497964768
[BENCHMARK 0] [/home/keveltun/research/recup/veloc/apps/state-diff/include/statediff.hpp:143:client_t] [time elapsed: 7 ms] State-diff client 1 initialized
[INFO 0] [/home/keveltun/research/recup/veloc/apps/state-diff/src/loader/host_cache.cpp:50:set_reader] Host (0)- Setting reader to read from file
[INFO 0] [/home/keveltun/research/recup/veloc/apps/state-diff/src/loader/host_cache.cpp:32:activate] Host (0)- Started fetch thread on host cache
[INFO 0] [/home/keveltun/research/recup/veloc/apps/state-diff/src/loader/data_loader.cpp:137:file_load] Loader (0)- Creating segments without given file offsets
[BENCHMARK 0] [/home/keveltun/research/recup/veloc/apps/state-diff/src/loader/data_loader.cpp:161:file_load] [time elapsed: 6 ms] Created segments and staged for file read
[BENCHMARK 0] [/home/keveltun/research/recup/veloc/apps/state-diff/src/loader/host_cache.cpp:75:fetch_] [time elapsed: 6 ms] Host (0)- Waited any batch for host fetch
[INFO 0] [/home/keveltun/research/recup/veloc/apps/state-diff/src/loader/host_cache.cpp:138:get_completed] Host (0)- Getting completed jobs from ready_q
[BENCHMARK 6] [/home/keveltun/research/recup/veloc/apps/state-diff/src/loader/host_cache.cpp:93:fetch_] [time elapsed: 6838 ms] Host (0)- Fetched 1 batches to host cache
[BENCHMARK 6] [/home/keveltun/research/recup/veloc/apps/state-diff/src/loader/data_loader.cpp:223:next] [time elapsed: 6838 ms] Retrieved pointer to next batch of data for computation
[BENCHMARK 7] [/home/keveltun/research/recup/veloc/apps/state-diff/include/statediff.hpp:203:create] [time elapsed: 7922 ms] State-diff tree -1 created from reader
(0.01) Chunk size: 4096, Creation time: 7.92266 seconds, throughput: 0.881399 GB/s
Evicting /lus/eagle/projects/RECUP/kassogba/veloc-ckpt/haac/sc-experiments/4gpus/np796-500mil/run1/m000p.mpirestart-combined-0-40.dat
Evicting /lus/eagle/projects/RECUP/kassogba/veloc-ckpt/haac/sc-experiments/4gpus/np796-500mil/run1/m000p.mpirestart-combined-0-20.dat
Evicting /lus/eagle/projects/RECUP/kassogba/veloc-ckpt/haac/sc-experiments/4gpus/np796-500mil/run1/m000p.mpirestart-combined-0-30.dat
Evicting /lus/eagle/projects/RECUP/kassogba/veloc-ckpt/haac/sc-experiments/4gpus/np796-500mil/run1/m000p.mpirestart-combined-0-10.dat

           Files: 4
     Directories: 1
   Evicted Pages: 7324790 (27G)
         Elapsed: 1.947 seconds
[INFO 0] [/home/keveltun/research/recup/veloc/apps/state-diff/src/loader/host_cache.cpp:11:host_cache_t] Host - Creating a cache of size 16384 MB
[INFO 0] [/home/keveltun/research/recup/veloc/apps/state-diff/src/loader/data_loader.cpp:10:data_loader_t] Loader - host and device caches initialized
[BENCHMARK 0] [/home/keveltun/research/recup/veloc/apps/state-diff/src/loader/data_loader.cpp:11:data_loader_t] [time elapsed: 0 ms] Initialized data loader
Data size = 7497964768
[BENCHMARK 0] [/home/keveltun/research/recup/veloc/apps/state-diff/include/statediff.hpp:143:client_t] [time elapsed: 7 ms] State-diff client 1 initialized
[INFO 0] [/home/keveltun/research/recup/veloc/apps/state-diff/src/loader/host_cache.cpp:50:set_reader] Host (0)- Setting reader to read from file
[INFO 0] [/home/keveltun/research/recup/veloc/apps/state-diff/src/loader/host_cache.cpp:32:activate] Host (0)- Started fetch thread on host cache
[INFO 0] [/home/keveltun/research/recup/veloc/apps/state-diff/src/loader/data_loader.cpp:137:file_load] Loader (0)- Creating segments without given file offsets
[BENCHMARK 0] [/home/keveltun/research/recup/veloc/apps/state-diff/src/loader/data_loader.cpp:161:file_load] [time elapsed: 6 ms] Created segments and staged for file read
[BENCHMARK 0] [/home/keveltun/research/recup/veloc/apps/state-diff/src/loader/host_cache.cpp:75:fetch_] [time elapsed: 6 ms] Host (0)- Waited any batch for host fetch
[INFO 0] [/home/keveltun/research/recup/veloc/apps/state-diff/src/loader/host_cache.cpp:138:get_completed] Host (0)- Getting completed jobs from ready_q
[BENCHMARK 7] [/home/keveltun/research/recup/veloc/apps/state-diff/src/loader/host_cache.cpp:93:fetch_] [time elapsed: 6980 ms] Host (0)- Fetched 1 batches to host cache
[BENCHMARK 7] [/home/keveltun/research/recup/veloc/apps/state-diff/src/loader/data_loader.cpp:223:next] [time elapsed: 6980 ms] Retrieved pointer to next batch of data for computation
[BENCHMARK 7] [/home/keveltun/research/recup/veloc/apps/state-diff/include/statediff.hpp:203:create] [time elapsed: 7752 ms] State-diff tree -1 created from reader
(0.0001) Chunk size: 4096, Creation time: 7.75258 seconds, throughput: 0.900735 GB/s
Evicting /lus/eagle/projects/RECUP/kassogba/veloc-ckpt/haac/sc-experiments/4gpus/np796-500mil/run1/m000p.mpirestart-combined-0-40.dat
Evicting /lus/eagle/projects/RECUP/kassogba/veloc-ckpt/haac/sc-experiments/4gpus/np796-500mil/run1/m000p.mpirestart-combined-0-20.dat
Evicting /lus/eagle/projects/RECUP/kassogba/veloc-ckpt/haac/sc-experiments/4gpus/np796-500mil/run1/m000p.mpirestart-combined-0-30.dat
Evicting /lus/eagle/projects/RECUP/kassogba/veloc-ckpt/haac/sc-experiments/4gpus/np796-500mil/run1/m000p.mpirestart-combined-0-10.dat

           Files: 4
     Directories: 1
   Evicted Pages: 7324790 (27G)
         Elapsed: 1.9438 seconds
[INFO 0] [/home/keveltun/research/recup/veloc/apps/state-diff/src/loader/host_cache.cpp:11:host_cache_t] Host - Creating a cache of size 16384 MB
[INFO 0] [/home/keveltun/research/recup/veloc/apps/state-diff/src/loader/data_loader.cpp:10:data_loader_t] Loader - host and device caches initialized
[BENCHMARK 0] [/home/keveltun/research/recup/veloc/apps/state-diff/src/loader/data_loader.cpp:11:data_loader_t] [time elapsed: 0 ms] Initialized data loader
Data size = 7497964768
[BENCHMARK 0] [/home/keveltun/research/recup/veloc/apps/state-diff/include/statediff.hpp:143:client_t] [time elapsed: 7 ms] State-diff client 1 initialized
[INFO 0] [/home/keveltun/research/recup/veloc/apps/state-diff/src/loader/host_cache.cpp:50:set_reader] Host (0)- Setting reader to read from file
[INFO 0] [/home/keveltun/research/recup/veloc/apps/state-diff/src/loader/host_cache.cpp:32:activate] Host (0)- Started fetch thread on host cache
[INFO 0] [/home/keveltun/research/recup/veloc/apps/state-diff/src/loader/data_loader.cpp:137:file_load] Loader (0)- Creating segments without given file offsets
[BENCHMARK 0] [/home/keveltun/research/recup/veloc/apps/state-diff/src/loader/data_loader.cpp:161:file_load] [time elapsed: 6 ms] Created segments and staged for file read
[BENCHMARK 0] [/home/keveltun/research/recup/veloc/apps/state-diff/src/loader/host_cache.cpp:75:fetch_] [time elapsed: 6 ms] Host (0)- Waited any batch for host fetch
[INFO 0] [/home/keveltun/research/recup/veloc/apps/state-diff/src/loader/host_cache.cpp:138:get_completed] Host (0)- Getting completed jobs from ready_q
[BENCHMARK 7] [/home/keveltun/research/recup/veloc/apps/state-diff/src/loader/host_cache.cpp:93:fetch_] [time elapsed: 7022 ms] Host (0)- Fetched 1 batches to host cache
[BENCHMARK 7] [/home/keveltun/research/recup/veloc/apps/state-diff/src/loader/data_loader.cpp:223:next] [time elapsed: 7022 ms] Retrieved pointer to next batch of data for computation
[BENCHMARK 7] [/home/keveltun/research/recup/veloc/apps/state-diff/include/statediff.hpp:203:create] [time elapsed: 7779 ms] State-diff tree -1 created from reader
(1e-07) Chunk size: 4096, Creation time: 7.77949 seconds, throughput: 0.897619 GB/s
Evicting /lus/eagle/projects/RECUP/kassogba/veloc-ckpt/haac/sc-experiments/4gpus/np796-500mil/run1/m000p.mpirestart-combined-0-40.dat
Evicting /lus/eagle/projects/RECUP/kassogba/veloc-ckpt/haac/sc-experiments/4gpus/np796-500mil/run1/m000p.mpirestart-combined-0-20.dat
Evicting /lus/eagle/projects/RECUP/kassogba/veloc-ckpt/haac/sc-experiments/4gpus/np796-500mil/run1/m000p.mpirestart-combined-0-30.dat
Evicting /lus/eagle/projects/RECUP/kassogba/veloc-ckpt/haac/sc-experiments/4gpus/np796-500mil/run1/m000p.mpirestart-combined-0-10.dat

           Files: 4
     Directories: 1
   Evicted Pages: 7324790 (27G)
         Elapsed: 1.9522 seconds
[INFO 0] [/home/keveltun/research/recup/veloc/apps/state-diff/src/loader/host_cache.cpp:11:host_cache_t] Host - Creating a cache of size 16384 MB
[INFO 0] [/home/keveltun/research/recup/veloc/apps/state-diff/src/loader/data_loader.cpp:10:data_loader_t] Loader - host and device caches initialized
[BENCHMARK 0] [/home/keveltun/research/recup/veloc/apps/state-diff/src/loader/data_loader.cpp:11:data_loader_t] [time elapsed: 0 ms] Initialized data loader
Data size = 7497964768
[BENCHMARK 0] [/home/keveltun/research/recup/veloc/apps/state-diff/include/statediff.hpp:143:client_t] [time elapsed: 5 ms] State-diff client 1 initialized
[INFO 0] [/home/keveltun/research/recup/veloc/apps/state-diff/src/loader/host_cache.cpp:50:set_reader] Host (0)- Setting reader to read from file
[INFO 0] [/home/keveltun/research/recup/veloc/apps/state-diff/src/loader/host_cache.cpp:32:activate] Host (0)- Started fetch thread on host cache
[INFO 0] [/home/keveltun/research/recup/veloc/apps/state-diff/src/loader/data_loader.cpp:137:file_load] Loader (0)- Creating segments without given file offsets
[BENCHMARK 0] [/home/keveltun/research/recup/veloc/apps/state-diff/src/loader/data_loader.cpp:161:file_load] [time elapsed: 3 ms] Created segments and staged for file read
[BENCHMARK 0] [/home/keveltun/research/recup/veloc/apps/state-diff/src/loader/host_cache.cpp:75:fetch_] [time elapsed: 3 ms] Host (0)- Waited any batch for host fetch
[INFO 0] [/home/keveltun/research/recup/veloc/apps/state-diff/src/loader/host_cache.cpp:138:get_completed] Host (0)- Getting completed jobs from ready_q
[BENCHMARK 6] [/home/keveltun/research/recup/veloc/apps/state-diff/src/loader/host_cache.cpp:93:fetch_] [time elapsed: 6799 ms] Host (0)- Fetched 1 batches to host cache
[BENCHMARK 6] [/home/keveltun/research/recup/veloc/apps/state-diff/src/loader/data_loader.cpp:223:next] [time elapsed: 6799 ms] Retrieved pointer to next batch of data for computation
[BENCHMARK 7] [/home/keveltun/research/recup/veloc/apps/state-diff/include/statediff.hpp:203:create] [time elapsed: 7874 ms] State-diff tree -1 created from reader
(0.01) Chunk size: 8192, Creation time: 7.87435 seconds, throughput: 0.886807 GB/s
Evicting /lus/eagle/projects/RECUP/kassogba/veloc-ckpt/haac/sc-experiments/4gpus/np796-500mil/run1/m000p.mpirestart-combined-0-40.dat
Evicting /lus/eagle/projects/RECUP/kassogba/veloc-ckpt/haac/sc-experiments/4gpus/np796-500mil/run1/m000p.mpirestart-combined-0-20.dat
Evicting /lus/eagle/projects/RECUP/kassogba/veloc-ckpt/haac/sc-experiments/4gpus/np796-500mil/run1/m000p.mpirestart-combined-0-30.dat
Evicting /lus/eagle/projects/RECUP/kassogba/veloc-ckpt/haac/sc-experiments/4gpus/np796-500mil/run1/m000p.mpirestart-combined-0-10.dat

           Files: 4
     Directories: 1
   Evicted Pages: 7324790 (27G)
         Elapsed: 1.95 seconds
[INFO 0] [/home/keveltun/research/recup/veloc/apps/state-diff/src/loader/host_cache.cpp:11:host_cache_t] Host - Creating a cache of size 16384 MB
[INFO 0] [/home/keveltun/research/recup/veloc/apps/state-diff/src/loader/data_loader.cpp:10:data_loader_t] Loader - host and device caches initialized
[BENCHMARK 0] [/home/keveltun/research/recup/veloc/apps/state-diff/src/loader/data_loader.cpp:11:data_loader_t] [time elapsed: 0 ms] Initialized data loader
Data size = 7497964768
[BENCHMARK 0] [/home/keveltun/research/recup/veloc/apps/state-diff/include/statediff.hpp:143:client_t] [time elapsed: 5 ms] State-diff client 1 initialized
[INFO 0] [/home/keveltun/research/recup/veloc/apps/state-diff/src/loader/host_cache.cpp:50:set_reader] Host (0)- Setting reader to read from file
[INFO 0] [/home/keveltun/research/recup/veloc/apps/state-diff/src/loader/host_cache.cpp:32:activate] Host (0)- Started fetch thread on host cache
[INFO 0] [/home/keveltun/research/recup/veloc/apps/state-diff/src/loader/data_loader.cpp:137:file_load] Loader (0)- Creating segments without given file offsets
[BENCHMARK 0] [/home/keveltun/research/recup/veloc/apps/state-diff/src/loader/data_loader.cpp:161:file_load] [time elapsed: 4 ms] Created segments and staged for file read
[BENCHMARK 0] [/home/keveltun/research/recup/veloc/apps/state-diff/src/loader/host_cache.cpp:75:fetch_] [time elapsed: 4 ms] Host (0)- Waited any batch for host fetch
[INFO 0] [/home/keveltun/research/recup/veloc/apps/state-diff/src/loader/host_cache.cpp:138:get_completed] Host (0)- Getting completed jobs from ready_q
[BENCHMARK 6] [/home/keveltun/research/recup/veloc/apps/state-diff/src/loader/host_cache.cpp:93:fetch_] [time elapsed: 6455 ms] Host (0)- Fetched 1 batches to host cache
[BENCHMARK 6] [/home/keveltun/research/recup/veloc/apps/state-diff/src/loader/data_loader.cpp:223:next] [time elapsed: 6455 ms] Retrieved pointer to next batch of data for computation
[BENCHMARK 7] [/home/keveltun/research/recup/veloc/apps/state-diff/include/statediff.hpp:203:create] [time elapsed: 7227 ms] State-diff tree -1 created from reader
(0.0001) Chunk size: 8192, Creation time: 7.22763 seconds, throughput: 0.966156 GB/s
Evicting /lus/eagle/projects/RECUP/kassogba/veloc-ckpt/haac/sc-experiments/4gpus/np796-500mil/run1/m000p.mpirestart-combined-0-40.dat
Evicting /lus/eagle/projects/RECUP/kassogba/veloc-ckpt/haac/sc-experiments/4gpus/np796-500mil/run1/m000p.mpirestart-combined-0-20.dat
Evicting /lus/eagle/projects/RECUP/kassogba/veloc-ckpt/haac/sc-experiments/4gpus/np796-500mil/run1/m000p.mpirestart-combined-0-30.dat
Evicting /lus/eagle/projects/RECUP/kassogba/veloc-ckpt/haac/sc-experiments/4gpus/np796-500mil/run1/m000p.mpirestart-combined-0-10.dat

           Files: 4
     Directories: 1
   Evicted Pages: 7324790 (27G)
         Elapsed: 1.966 seconds
[INFO 0] [/home/keveltun/research/recup/veloc/apps/state-diff/src/loader/host_cache.cpp:11:host_cache_t] Host - Creating a cache of size 16384 MB
[INFO 0] [/home/keveltun/research/recup/veloc/apps/state-diff/src/loader/data_loader.cpp:10:data_loader_t] Loader - host and device caches initialized
[BENCHMARK 0] [/home/keveltun/research/recup/veloc/apps/state-diff/src/loader/data_loader.cpp:11:data_loader_t] [time elapsed: 0 ms] Initialized data loader
Data size = 7497964768
[BENCHMARK 0] [/home/keveltun/research/recup/veloc/apps/state-diff/include/statediff.hpp:143:client_t] [time elapsed: 6 ms] State-diff client 1 initialized
[INFO 0] [/home/keveltun/research/recup/veloc/apps/state-diff/src/loader/host_cache.cpp:50:set_reader] Host (0)- Setting reader to read from file
[INFO 0] [/home/keveltun/research/recup/veloc/apps/state-diff/src/loader/host_cache.cpp:32:activate] Host (0)- Started fetch thread on host cache
[INFO 0] [/home/keveltun/research/recup/veloc/apps/state-diff/src/loader/data_loader.cpp:137:file_load] Loader (0)- Creating segments without given file offsets
[BENCHMARK 0] [/home/keveltun/research/recup/veloc/apps/state-diff/src/loader/data_loader.cpp:161:file_load] [time elapsed: 3 ms] Created segments and staged for file read
[BENCHMARK 0] [/home/keveltun/research/recup/veloc/apps/state-diff/src/loader/host_cache.cpp:75:fetch_] [time elapsed: 3 ms] Host (0)- Waited any batch for host fetch
[INFO 0] [/home/keveltun/research/recup/veloc/apps/state-diff/src/loader/host_cache.cpp:138:get_completed] Host (0)- Getting completed jobs from ready_q
[BENCHMARK 6] [/home/keveltun/research/recup/veloc/apps/state-diff/src/loader/host_cache.cpp:93:fetch_] [time elapsed: 6451 ms] Host (0)- Fetched 1 batches to host cache
[BENCHMARK 6] [/home/keveltun/research/recup/veloc/apps/state-diff/src/loader/data_loader.cpp:223:next] [time elapsed: 6451 ms] Retrieved pointer to next batch of data for computation
[BENCHMARK 7] [/home/keveltun/research/recup/veloc/apps/state-diff/include/statediff.hpp:203:create] [time elapsed: 7218 ms] State-diff tree -1 created from reader
(1e-07) Chunk size: 8192, Creation time: 7.21821 seconds, throughput: 0.967417 GB/s
Evicting /lus/eagle/projects/RECUP/kassogba/veloc-ckpt/haac/sc-experiments/4gpus/np796-500mil/run1/m000p.mpirestart-combined-0-40.dat
Evicting /lus/eagle/projects/RECUP/kassogba/veloc-ckpt/haac/sc-experiments/4gpus/np796-500mil/run1/m000p.mpirestart-combined-0-20.dat
Evicting /lus/eagle/projects/RECUP/kassogba/veloc-ckpt/haac/sc-experiments/4gpus/np796-500mil/run1/m000p.mpirestart-combined-0-30.dat
Evicting /lus/eagle/projects/RECUP/kassogba/veloc-ckpt/haac/sc-experiments/4gpus/np796-500mil/run1/m000p.mpirestart-combined-0-10.dat

           Files: 4
     Directories: 1
   Evicted Pages: 7324790 (27G)
         Elapsed: 1.9593 seconds
[INFO 0] [/home/keveltun/research/recup/veloc/apps/state-diff/src/loader/host_cache.cpp:11:host_cache_t] Host - Creating a cache of size 16384 MB
[INFO 0] [/home/keveltun/research/recup/veloc/apps/state-diff/src/loader/data_loader.cpp:10:data_loader_t] Loader - host and device caches initialized
[BENCHMARK 0] [/home/keveltun/research/recup/veloc/apps/state-diff/src/loader/data_loader.cpp:11:data_loader_t] [time elapsed: 0 ms] Initialized data loader
Data size = 7497964768
[BENCHMARK 0] [/home/keveltun/research/recup/veloc/apps/state-diff/include/statediff.hpp:143:client_t] [time elapsed: 3 ms] State-diff client 1 initialized
[INFO 0] [/home/keveltun/research/recup/veloc/apps/state-diff/src/loader/host_cache.cpp:50:set_reader] Host (0)- Setting reader to read from file
[INFO 0] [/home/keveltun/research/recup/veloc/apps/state-diff/src/loader/host_cache.cpp:32:activate] Host (0)- Started fetch thread on host cache
[INFO 0] [/home/keveltun/research/recup/veloc/apps/state-diff/src/loader/data_loader.cpp:137:file_load] Loader (0)- Creating segments without given file offsets
[BENCHMARK 0] [/home/keveltun/research/recup/veloc/apps/state-diff/src/loader/data_loader.cpp:161:file_load] [time elapsed: 2 ms] Created segments and staged for file read
[BENCHMARK 0] [/home/keveltun/research/recup/veloc/apps/state-diff/src/loader/host_cache.cpp:75:fetch_] [time elapsed: 2 ms] Host (0)- Waited any batch for host fetch
[INFO 0] [/home/keveltun/research/recup/veloc/apps/state-diff/src/loader/host_cache.cpp:138:get_completed] Host (0)- Getting completed jobs from ready_q
[BENCHMARK 6] [/home/keveltun/research/recup/veloc/apps/state-diff/src/loader/host_cache.cpp:93:fetch_] [time elapsed: 6237 ms] Host (0)- Fetched 1 batches to host cache
[BENCHMARK 6] [/home/keveltun/research/recup/veloc/apps/state-diff/src/loader/data_loader.cpp:223:next] [time elapsed: 6237 ms] Retrieved pointer to next batch of data for computation
[BENCHMARK 7] [/home/keveltun/research/recup/veloc/apps/state-diff/include/statediff.hpp:203:create] [time elapsed: 7310 ms] State-diff tree -1 created from reader
(0.01) Chunk size: 16384, Creation time: 7.31005 seconds, throughput: 0.955264 GB/s
Evicting /lus/eagle/projects/RECUP/kassogba/veloc-ckpt/haac/sc-experiments/4gpus/np796-500mil/run1/m000p.mpirestart-combined-0-40.dat
Evicting /lus/eagle/projects/RECUP/kassogba/veloc-ckpt/haac/sc-experiments/4gpus/np796-500mil/run1/m000p.mpirestart-combined-0-20.dat
Evicting /lus/eagle/projects/RECUP/kassogba/veloc-ckpt/haac/sc-experiments/4gpus/np796-500mil/run1/m000p.mpirestart-combined-0-30.dat
Evicting /lus/eagle/projects/RECUP/kassogba/veloc-ckpt/haac/sc-experiments/4gpus/np796-500mil/run1/m000p.mpirestart-combined-0-10.dat

           Files: 4
     Directories: 1
   Evicted Pages: 7324790 (27G)
         Elapsed: 1.9513 seconds
[INFO 0] [/home/keveltun/research/recup/veloc/apps/state-diff/src/loader/host_cache.cpp:11:host_cache_t] Host - Creating a cache of size 16384 MB
[INFO 0] [/home/keveltun/research/recup/veloc/apps/state-diff/src/loader/data_loader.cpp:10:data_loader_t] Loader - host and device caches initialized
[BENCHMARK 0] [/home/keveltun/research/recup/veloc/apps/state-diff/src/loader/data_loader.cpp:11:data_loader_t] [time elapsed: 0 ms] Initialized data loader
Data size = 7497964768
[BENCHMARK 0] [/home/keveltun/research/recup/veloc/apps/state-diff/include/statediff.hpp:143:client_t] [time elapsed: 3 ms] State-diff client 1 initialized
[INFO 0] [/home/keveltun/research/recup/veloc/apps/state-diff/src/loader/host_cache.cpp:50:set_reader] Host (0)- Setting reader to read from file
[INFO 0] [/home/keveltun/research/recup/veloc/apps/state-diff/src/loader/host_cache.cpp:32:activate] Host (0)- Started fetch thread on host cache
[INFO 0] [/home/keveltun/research/recup/veloc/apps/state-diff/src/loader/data_loader.cpp:137:file_load] Loader (0)- Creating segments without given file offsets
[BENCHMARK 0] [/home/keveltun/research/recup/veloc/apps/state-diff/src/loader/data_loader.cpp:161:file_load] [time elapsed: 2 ms] Created segments and staged for file read
[BENCHMARK 0] [/home/keveltun/research/recup/veloc/apps/state-diff/src/loader/host_cache.cpp:75:fetch_] [time elapsed: 2 ms] Host (0)- Waited any batch for host fetch
[INFO 0] [/home/keveltun/research/recup/veloc/apps/state-diff/src/loader/host_cache.cpp:138:get_completed] Host (0)- Getting completed jobs from ready_q
[BENCHMARK 6] [/home/keveltun/research/recup/veloc/apps/state-diff/src/loader/host_cache.cpp:93:fetch_] [time elapsed: 6522 ms] Host (0)- Fetched 1 batches to host cache
[BENCHMARK 6] [/home/keveltun/research/recup/veloc/apps/state-diff/src/loader/data_loader.cpp:223:next] [time elapsed: 6523 ms] Retrieved pointer to next batch of data for computation
[BENCHMARK 7] [/home/keveltun/research/recup/veloc/apps/state-diff/include/statediff.hpp:203:create] [time elapsed: 7281 ms] State-diff tree -1 created from reader
(0.0001) Chunk size: 16384, Creation time: 7.28106 seconds, throughput: 0.959068 GB/s
Evicting /lus/eagle/projects/RECUP/kassogba/veloc-ckpt/haac/sc-experiments/4gpus/np796-500mil/run1/m000p.mpirestart-combined-0-40.dat
Evicting /lus/eagle/projects/RECUP/kassogba/veloc-ckpt/haac/sc-experiments/4gpus/np796-500mil/run1/m000p.mpirestart-combined-0-20.dat
Evicting /lus/eagle/projects/RECUP/kassogba/veloc-ckpt/haac/sc-experiments/4gpus/np796-500mil/run1/m000p.mpirestart-combined-0-30.dat
Evicting /lus/eagle/projects/RECUP/kassogba/veloc-ckpt/haac/sc-experiments/4gpus/np796-500mil/run1/m000p.mpirestart-combined-0-10.dat

           Files: 4
     Directories: 1
   Evicted Pages: 7324790 (27G)
         Elapsed: 1.9591 seconds
[INFO 0] [/home/keveltun/research/recup/veloc/apps/state-diff/src/loader/host_cache.cpp:11:host_cache_t] Host - Creating a cache of size 16384 MB
[INFO 0] [/home/keveltun/research/recup/veloc/apps/state-diff/src/loader/data_loader.cpp:10:data_loader_t] Loader - host and device caches initialized
[BENCHMARK 0] [/home/keveltun/research/recup/veloc/apps/state-diff/src/loader/data_loader.cpp:11:data_loader_t] [time elapsed: 0 ms] Initialized data loader
Data size = 7497964768
[BENCHMARK 0] [/home/keveltun/research/recup/veloc/apps/state-diff/include/statediff.hpp:143:client_t] [time elapsed: 3 ms] State-diff client 1 initialized
[INFO 0] [/home/keveltun/research/recup/veloc/apps/state-diff/src/loader/host_cache.cpp:50:set_reader] Host (0)- Setting reader to read from file
[INFO 0] [/home/keveltun/research/recup/veloc/apps/state-diff/src/loader/host_cache.cpp:32:activate] Host (0)- Started fetch thread on host cache
[INFO 0] [/home/keveltun/research/recup/veloc/apps/state-diff/src/loader/data_loader.cpp:137:file_load] Loader (0)- Creating segments without given file offsets
[BENCHMARK 0] [/home/keveltun/research/recup/veloc/apps/state-diff/src/loader/data_loader.cpp:161:file_load] [time elapsed: 2 ms] Created segments and staged for file read
[BENCHMARK 0] [/home/keveltun/research/recup/veloc/apps/state-diff/src/loader/host_cache.cpp:75:fetch_] [time elapsed: 2 ms] Host (0)- Waited any batch for host fetch
[INFO 0] [/home/keveltun/research/recup/veloc/apps/state-diff/src/loader/host_cache.cpp:138:get_completed] Host (0)- Getting completed jobs from ready_q
[BENCHMARK 6] [/home/keveltun/research/recup/veloc/apps/state-diff/src/loader/host_cache.cpp:93:fetch_] [time elapsed: 6387 ms] Host (0)- Fetched 1 batches to host cache
[BENCHMARK 6] [/home/keveltun/research/recup/veloc/apps/state-diff/src/loader/data_loader.cpp:223:next] [time elapsed: 6387 ms] Retrieved pointer to next batch of data for computation
[BENCHMARK 7] [/home/keveltun/research/recup/veloc/apps/state-diff/include/statediff.hpp:203:create] [time elapsed: 7148 ms] State-diff tree -1 created from reader
(1e-07) Chunk size: 16384, Creation time: 7.14855 seconds, throughput: 0.976845 GB/s
Evicting /lus/eagle/projects/RECUP/kassogba/veloc-ckpt/haac/sc-experiments/4gpus/np796-500mil/run1/m000p.mpirestart-combined-0-40.dat
Evicting /lus/eagle/projects/RECUP/kassogba/veloc-ckpt/haac/sc-experiments/4gpus/np796-500mil/run1/m000p.mpirestart-combined-0-20.dat
Evicting /lus/eagle/projects/RECUP/kassogba/veloc-ckpt/haac/sc-experiments/4gpus/np796-500mil/run1/m000p.mpirestart-combined-0-30.dat
Evicting /lus/eagle/projects/RECUP/kassogba/veloc-ckpt/haac/sc-experiments/4gpus/np796-500mil/run1/m000p.mpirestart-combined-0-10.dat

           Files: 4
     Directories: 1
   Evicted Pages: 7324790 (27G)
         Elapsed: 1.9674 seconds
[INFO 0] [/home/keveltun/research/recup/veloc/apps/state-diff/src/loader/host_cache.cpp:11:host_cache_t] Host - Creating a cache of size 16384 MB
[INFO 0] [/home/keveltun/research/recup/veloc/apps/state-diff/src/loader/data_loader.cpp:10:data_loader_t] Loader - host and device caches initialized
[BENCHMARK 0] [/home/keveltun/research/recup/veloc/apps/state-diff/src/loader/data_loader.cpp:11:data_loader_t] [time elapsed: 0 ms] Initialized data loader
Data size = 7497964768
[BENCHMARK 0] [/home/keveltun/research/recup/veloc/apps/state-diff/include/statediff.hpp:143:client_t] [time elapsed: 3 ms] State-diff client 1 initialized
[INFO 0] [/home/keveltun/research/recup/veloc/apps/state-diff/src/loader/host_cache.cpp:50:set_reader] Host (0)- Setting reader to read from file
[INFO 0] [/home/keveltun/research/recup/veloc/apps/state-diff/src/loader/host_cache.cpp:32:activate] Host (0)- Started fetch thread on host cache
[INFO 0] [/home/keveltun/research/recup/veloc/apps/state-diff/src/loader/data_loader.cpp:137:file_load] Loader (0)- Creating segments without given file offsets
[BENCHMARK 0] [/home/keveltun/research/recup/veloc/apps/state-diff/src/loader/data_loader.cpp:161:file_load] [time elapsed: 1 ms] Created segments and staged for file read
[BENCHMARK 0] [/home/keveltun/research/recup/veloc/apps/state-diff/src/loader/host_cache.cpp:75:fetch_] [time elapsed: 1 ms] Host (0)- Waited any batch for host fetch
[INFO 0] [/home/keveltun/research/recup/veloc/apps/state-diff/src/loader/host_cache.cpp:138:get_completed] Host (0)- Getting completed jobs from ready_q
[BENCHMARK 6] [/home/keveltun/research/recup/veloc/apps/state-diff/src/loader/host_cache.cpp:93:fetch_] [time elapsed: 5983 ms] Host (0)- Fetched 1 batches to host cache
[BENCHMARK 6] [/home/keveltun/research/recup/veloc/apps/state-diff/src/loader/data_loader.cpp:223:next] [time elapsed: 5983 ms] Retrieved pointer to next batch of data for computation
[BENCHMARK 7] [/home/keveltun/research/recup/veloc/apps/state-diff/include/statediff.hpp:203:create] [time elapsed: 7054 ms] State-diff tree -1 created from reader
(0.01) Chunk size: 32768, Creation time: 7.05495 seconds, throughput: 0.989805 GB/s
Evicting /lus/eagle/projects/RECUP/kassogba/veloc-ckpt/haac/sc-experiments/4gpus/np796-500mil/run1/m000p.mpirestart-combined-0-40.dat
Evicting /lus/eagle/projects/RECUP/kassogba/veloc-ckpt/haac/sc-experiments/4gpus/np796-500mil/run1/m000p.mpirestart-combined-0-20.dat
Evicting /lus/eagle/projects/RECUP/kassogba/veloc-ckpt/haac/sc-experiments/4gpus/np796-500mil/run1/m000p.mpirestart-combined-0-30.dat
Evicting /lus/eagle/projects/RECUP/kassogba/veloc-ckpt/haac/sc-experiments/4gpus/np796-500mil/run1/m000p.mpirestart-combined-0-10.dat

           Files: 4
     Directories: 1
   Evicted Pages: 7324790 (27G)
         Elapsed: 1.9593 seconds
[INFO 0] [/home/keveltun/research/recup/veloc/apps/state-diff/src/loader/host_cache.cpp:11:host_cache_t] Host - Creating a cache of size 16384 MB
[INFO 0] [/home/keveltun/research/recup/veloc/apps/state-diff/src/loader/data_loader.cpp:10:data_loader_t] Loader - host and device caches initialized
[BENCHMARK 0] [/home/keveltun/research/recup/veloc/apps/state-diff/src/loader/data_loader.cpp:11:data_loader_t] [time elapsed: 0 ms] Initialized data loader
Data size = 7497964768
[BENCHMARK 0] [/home/keveltun/research/recup/veloc/apps/state-diff/include/statediff.hpp:143:client_t] [time elapsed: 3 ms] State-diff client 1 initialized
[INFO 0] [/home/keveltun/research/recup/veloc/apps/state-diff/src/loader/host_cache.cpp:50:set_reader] Host (0)- Setting reader to read from file
[INFO 0] [/home/keveltun/research/recup/veloc/apps/state-diff/src/loader/host_cache.cpp:32:activate] Host (0)- Started fetch thread on host cache
[INFO 0] [/home/keveltun/research/recup/veloc/apps/state-diff/src/loader/data_loader.cpp:137:file_load] Loader (0)- Creating segments without given file offsets
[BENCHMARK 0] [/home/keveltun/research/recup/veloc/apps/state-diff/src/loader/data_loader.cpp:161:file_load] [time elapsed: 1 ms] Created segments and staged for file read
[BENCHMARK 0] [/home/keveltun/research/recup/veloc/apps/state-diff/src/loader/host_cache.cpp:75:fetch_] [time elapsed: 1 ms] Host (0)- Waited any batch for host fetch
[INFO 0] [/home/keveltun/research/recup/veloc/apps/state-diff/src/loader/host_cache.cpp:138:get_completed] Host (0)- Getting completed jobs from ready_q
[BENCHMARK 5] [/home/keveltun/research/recup/veloc/apps/state-diff/src/loader/host_cache.cpp:93:fetch_] [time elapsed: 5883 ms] Host (0)- Fetched 1 batches to host cache
[BENCHMARK 5] [/home/keveltun/research/recup/veloc/apps/state-diff/src/loader/data_loader.cpp:223:next] [time elapsed: 5883 ms] Retrieved pointer to next batch of data for computation
[BENCHMARK 6] [/home/keveltun/research/recup/veloc/apps/state-diff/include/statediff.hpp:203:create] [time elapsed: 6639 ms] State-diff tree -1 created from reader
(0.0001) Chunk size: 32768, Creation time: 6.63936 seconds, throughput: 1.05176 GB/s
Evicting /lus/eagle/projects/RECUP/kassogba/veloc-ckpt/haac/sc-experiments/4gpus/np796-500mil/run1/m000p.mpirestart-combined-0-40.dat
Evicting /lus/eagle/projects/RECUP/kassogba/veloc-ckpt/haac/sc-experiments/4gpus/np796-500mil/run1/m000p.mpirestart-combined-0-20.dat
Evicting /lus/eagle/projects/RECUP/kassogba/veloc-ckpt/haac/sc-experiments/4gpus/np796-500mil/run1/m000p.mpirestart-combined-0-30.dat
Evicting /lus/eagle/projects/RECUP/kassogba/veloc-ckpt/haac/sc-experiments/4gpus/np796-500mil/run1/m000p.mpirestart-combined-0-10.dat

           Files: 4
     Directories: 1
   Evicted Pages: 7324790 (27G)
         Elapsed: 1.9671 seconds
[INFO 0] [/home/keveltun/research/recup/veloc/apps/state-diff/src/loader/host_cache.cpp:11:host_cache_t] Host - Creating a cache of size 16384 MB
[INFO 0] [/home/keveltun/research/recup/veloc/apps/state-diff/src/loader/data_loader.cpp:10:data_loader_t] Loader - host and device caches initialized
[BENCHMARK 0] [/home/keveltun/research/recup/veloc/apps/state-diff/src/loader/data_loader.cpp:11:data_loader_t] [time elapsed: 0 ms] Initialized data loader
Data size = 7497964768
[BENCHMARK 0] [/home/keveltun/research/recup/veloc/apps/state-diff/include/statediff.hpp:143:client_t] [time elapsed: 3 ms] State-diff client 1 initialized
[INFO 0] [/home/keveltun/research/recup/veloc/apps/state-diff/src/loader/host_cache.cpp:50:set_reader] Host (0)- Setting reader to read from file
[INFO 0] [/home/keveltun/research/recup/veloc/apps/state-diff/src/loader/host_cache.cpp:32:activate] Host (0)- Started fetch thread on host cache
[INFO 0] [/home/keveltun/research/recup/veloc/apps/state-diff/src/loader/data_loader.cpp:137:file_load] Loader (0)- Creating segments without given file offsets
[BENCHMARK 0] [/home/keveltun/research/recup/veloc/apps/state-diff/src/loader/data_loader.cpp:161:file_load] [time elapsed: 1 ms] Created segments and staged for file read
[BENCHMARK 0] [/home/keveltun/research/recup/veloc/apps/state-diff/src/loader/host_cache.cpp:75:fetch_] [time elapsed: 1 ms] Host (0)- Waited any batch for host fetch
[INFO 0] [/home/keveltun/research/recup/veloc/apps/state-diff/src/loader/host_cache.cpp:138:get_completed] Host (0)- Getting completed jobs from ready_q
[BENCHMARK 6] [/home/keveltun/research/recup/veloc/apps/state-diff/src/loader/host_cache.cpp:93:fetch_] [time elapsed: 6061 ms] Host (0)- Fetched 1 batches to host cache
[BENCHMARK 6] [/home/keveltun/research/recup/veloc/apps/state-diff/src/loader/data_loader.cpp:223:next] [time elapsed: 6061 ms] Retrieved pointer to next batch of data for computation
[BENCHMARK 6] [/home/keveltun/research/recup/veloc/apps/state-diff/include/statediff.hpp:203:create] [time elapsed: 6812 ms] State-diff tree -1 created from reader
(1e-07) Chunk size: 32768, Creation time: 6.81212 seconds, throughput: 1.02509 GB/s
Evicting /lus/eagle/projects/RECUP/kassogba/veloc-ckpt/haac/sc-experiments/4gpus/np796-500mil/run1/m000p.mpirestart-combined-0-40.dat
Evicting /lus/eagle/projects/RECUP/kassogba/veloc-ckpt/haac/sc-experiments/4gpus/np796-500mil/run1/m000p.mpirestart-combined-0-20.dat
Evicting /lus/eagle/projects/RECUP/kassogba/veloc-ckpt/haac/sc-experiments/4gpus/np796-500mil/run1/m000p.mpirestart-combined-0-30.dat
Evicting /lus/eagle/projects/RECUP/kassogba/veloc-ckpt/haac/sc-experiments/4gpus/np796-500mil/run1/m000p.mpirestart-combined-0-10.dat

           Files: 4
     Directories: 1
   Evicted Pages: 7324790 (27G)
         Elapsed: 1.9322 seconds
[INFO 0] [/home/keveltun/research/recup/veloc/apps/state-diff/src/loader/host_cache.cpp:11:host_cache_t] Host - Creating a cache of size 16384 MB
[INFO 0] [/home/keveltun/research/recup/veloc/apps/state-diff/src/loader/data_loader.cpp:10:data_loader_t] Loader - host and device caches initialized
[BENCHMARK 0] [/home/keveltun/research/recup/veloc/apps/state-diff/src/loader/data_loader.cpp:11:data_loader_t] [time elapsed: 0 ms] Initialized data loader
Data size = 7497964768
[BENCHMARK 0] [/home/keveltun/research/recup/veloc/apps/state-diff/include/statediff.hpp:143:client_t] [time elapsed: 1 ms] State-diff client 1 initialized
[INFO 0] [/home/keveltun/research/recup/veloc/apps/state-diff/src/loader/host_cache.cpp:50:set_reader] Host (0)- Setting reader to read from file
[INFO 0] [/home/keveltun/research/recup/veloc/apps/state-diff/src/loader/host_cache.cpp:32:activate] Host (0)- Started fetch thread on host cache
[INFO 0] [/home/keveltun/research/recup/veloc/apps/state-diff/src/loader/data_loader.cpp:137:file_load] Loader (0)- Creating segments without given file offsets
[BENCHMARK 0] [/home/keveltun/research/recup/veloc/apps/state-diff/src/loader/data_loader.cpp:161:file_load] [time elapsed: 0 ms] Created segments and staged for file read
[BENCHMARK 0] [/home/keveltun/research/recup/veloc/apps/state-diff/src/loader/host_cache.cpp:75:fetch_] [time elapsed: 0 ms] Host (0)- Waited any batch for host fetch
[INFO 0] [/home/keveltun/research/recup/veloc/apps/state-diff/src/loader/host_cache.cpp:138:get_completed] Host (0)- Getting completed jobs from ready_q
[BENCHMARK 5] [/home/keveltun/research/recup/veloc/apps/state-diff/src/loader/host_cache.cpp:93:fetch_] [time elapsed: 5254 ms] Host (0)- Fetched 1 batches to host cache
[BENCHMARK 5] [/home/keveltun/research/recup/veloc/apps/state-diff/src/loader/data_loader.cpp:223:next] [time elapsed: 5254 ms] Retrieved pointer to next batch of data for computation
[BENCHMARK 6] [/home/keveltun/research/recup/veloc/apps/state-diff/include/statediff.hpp:203:create] [time elapsed: 6326 ms] State-diff tree -1 created from reader
(0.01) Chunk size: 65536, Creation time: 6.32674 seconds, throughput: 1.10373 GB/s
Evicting /lus/eagle/projects/RECUP/kassogba/veloc-ckpt/haac/sc-experiments/4gpus/np796-500mil/run1/m000p.mpirestart-combined-0-40.dat
Evicting /lus/eagle/projects/RECUP/kassogba/veloc-ckpt/haac/sc-experiments/4gpus/np796-500mil/run1/m000p.mpirestart-combined-0-20.dat
Evicting /lus/eagle/projects/RECUP/kassogba/veloc-ckpt/haac/sc-experiments/4gpus/np796-500mil/run1/m000p.mpirestart-combined-0-30.dat
Evicting /lus/eagle/projects/RECUP/kassogba/veloc-ckpt/haac/sc-experiments/4gpus/np796-500mil/run1/m000p.mpirestart-combined-0-10.dat

           Files: 4
     Directories: 1
   Evicted Pages: 7324790 (27G)
         Elapsed: 1.9383 seconds
[INFO 0] [/home/keveltun/research/recup/veloc/apps/state-diff/src/loader/host_cache.cpp:11:host_cache_t] Host - Creating a cache of size 16384 MB
[INFO 0] [/home/keveltun/research/recup/veloc/apps/state-diff/src/loader/data_loader.cpp:10:data_loader_t] Loader - host and device caches initialized
[BENCHMARK 0] [/home/keveltun/research/recup/veloc/apps/state-diff/src/loader/data_loader.cpp:11:data_loader_t] [time elapsed: 0 ms] Initialized data loader
Data size = 7497964768
[BENCHMARK 0] [/home/keveltun/research/recup/veloc/apps/state-diff/include/statediff.hpp:143:client_t] [time elapsed: 1 ms] State-diff client 1 initialized
[INFO 0] [/home/keveltun/research/recup/veloc/apps/state-diff/src/loader/host_cache.cpp:50:set_reader] Host (0)- Setting reader to read from file
[INFO 0] [/home/keveltun/research/recup/veloc/apps/state-diff/src/loader/host_cache.cpp:32:activate] Host (0)- Started fetch thread on host cache
[INFO 0] [/home/keveltun/research/recup/veloc/apps/state-diff/src/loader/data_loader.cpp:137:file_load] Loader (0)- Creating segments without given file offsets
[BENCHMARK 0] [/home/keveltun/research/recup/veloc/apps/state-diff/src/loader/data_loader.cpp:161:file_load] [time elapsed: 0 ms] Created segments and staged for file read
[BENCHMARK 0] [/home/keveltun/research/recup/veloc/apps/state-diff/src/loader/host_cache.cpp:75:fetch_] [time elapsed: 0 ms] Host (0)- Waited any batch for host fetch
[INFO 0] [/home/keveltun/research/recup/veloc/apps/state-diff/src/loader/host_cache.cpp:138:get_completed] Host (0)- Getting completed jobs from ready_q
[BENCHMARK 5] [/home/keveltun/research/recup/veloc/apps/state-diff/src/loader/host_cache.cpp:93:fetch_] [time elapsed: 5721 ms] Host (0)- Fetched 1 batches to host cache
[BENCHMARK 5] [/home/keveltun/research/recup/veloc/apps/state-diff/src/loader/data_loader.cpp:223:next] [time elapsed: 5721 ms] Retrieved pointer to next batch of data for computation
[BENCHMARK 6] [/home/keveltun/research/recup/veloc/apps/state-diff/include/statediff.hpp:203:create] [time elapsed: 6477 ms] State-diff tree -1 created from reader
(0.0001) Chunk size: 65536, Creation time: 6.47765 seconds, throughput: 1.07802 GB/s
Evicting /lus/eagle/projects/RECUP/kassogba/veloc-ckpt/haac/sc-experiments/4gpus/np796-500mil/run1/m000p.mpirestart-combined-0-40.dat
Evicting /lus/eagle/projects/RECUP/kassogba/veloc-ckpt/haac/sc-experiments/4gpus/np796-500mil/run1/m000p.mpirestart-combined-0-20.dat
Evicting /lus/eagle/projects/RECUP/kassogba/veloc-ckpt/haac/sc-experiments/4gpus/np796-500mil/run1/m000p.mpirestart-combined-0-30.dat
Evicting /lus/eagle/projects/RECUP/kassogba/veloc-ckpt/haac/sc-experiments/4gpus/np796-500mil/run1/m000p.mpirestart-combined-0-10.dat

           Files: 4
     Directories: 1
   Evicted Pages: 7324790 (27G)
         Elapsed: 1.9654 seconds
[INFO 0] [/home/keveltun/research/recup/veloc/apps/state-diff/src/loader/host_cache.cpp:11:host_cache_t] Host - Creating a cache of size 16384 MB
[INFO 0] [/home/keveltun/research/recup/veloc/apps/state-diff/src/loader/data_loader.cpp:10:data_loader_t] Loader - host and device caches initialized
[BENCHMARK 0] [/home/keveltun/research/recup/veloc/apps/state-diff/src/loader/data_loader.cpp:11:data_loader_t] [time elapsed: 0 ms] Initialized data loader
Data size = 7497964768
[BENCHMARK 0] [/home/keveltun/research/recup/veloc/apps/state-diff/include/statediff.hpp:143:client_t] [time elapsed: 1 ms] State-diff client 1 initialized
[INFO 0] [/home/keveltun/research/recup/veloc/apps/state-diff/src/loader/host_cache.cpp:50:set_reader] Host (0)- Setting reader to read from file
[INFO 0] [/home/keveltun/research/recup/veloc/apps/state-diff/src/loader/host_cache.cpp:32:activate] Host (0)- Started fetch thread on host cache
[INFO 0] [/home/keveltun/research/recup/veloc/apps/state-diff/src/loader/data_loader.cpp:137:file_load] Loader (0)- Creating segments without given file offsets
[BENCHMARK 0] [/home/keveltun/research/recup/veloc/apps/state-diff/src/loader/data_loader.cpp:161:file_load] [time elapsed: 0 ms] Created segments and staged for file read
[BENCHMARK 0] [/home/keveltun/research/recup/veloc/apps/state-diff/src/loader/host_cache.cpp:75:fetch_] [time elapsed: 0 ms] Host (0)- Waited any batch for host fetch
[INFO 0] [/home/keveltun/research/recup/veloc/apps/state-diff/src/loader/host_cache.cpp:138:get_completed] Host (0)- Getting completed jobs from ready_q
[BENCHMARK 5] [/home/keveltun/research/recup/veloc/apps/state-diff/src/loader/host_cache.cpp:93:fetch_] [time elapsed: 5685 ms] Host (0)- Fetched 1 batches to host cache
[BENCHMARK 5] [/home/keveltun/research/recup/veloc/apps/state-diff/src/loader/data_loader.cpp:223:next] [time elapsed: 5685 ms] Retrieved pointer to next batch of data for computation
[BENCHMARK 6] [/home/keveltun/research/recup/veloc/apps/state-diff/include/statediff.hpp:203:create] [time elapsed: 6443 ms] State-diff tree -1 created from reader
(1e-07) Chunk size: 65536, Creation time: 6.44324 seconds, throughput: 1.08378 GB/s
Evicting /lus/eagle/projects/RECUP/kassogba/veloc-ckpt/haac/sc-experiments/4gpus/np796-500mil/run1/m000p.mpirestart-combined-0-40.dat
Evicting /lus/eagle/projects/RECUP/kassogba/veloc-ckpt/haac/sc-experiments/4gpus/np796-500mil/run1/m000p.mpirestart-combined-0-20.dat
Evicting /lus/eagle/projects/RECUP/kassogba/veloc-ckpt/haac/sc-experiments/4gpus/np796-500mil/run1/m000p.mpirestart-combined-0-30.dat
Evicting /lus/eagle/projects/RECUP/kassogba/veloc-ckpt/haac/sc-experiments/4gpus/np796-500mil/run1/m000p.mpirestart-combined-0-10.dat

           Files: 4
     Directories: 1
   Evicted Pages: 7324790 (27G)
         Elapsed: 1.9208 seconds
[INFO 0] [/home/keveltun/research/recup/veloc/apps/state-diff/src/loader/host_cache.cpp:11:host_cache_t] Host - Creating a cache of size 16384 MB
[INFO 0] [/home/keveltun/research/recup/veloc/apps/state-diff/src/loader/data_loader.cpp:10:data_loader_t] Loader - host and device caches initialized
[BENCHMARK 0] [/home/keveltun/research/recup/veloc/apps/state-diff/src/loader/data_loader.cpp:11:data_loader_t] [time elapsed: 0 ms] Initialized data loader
Data size = 7497964768
[BENCHMARK 0] [/home/keveltun/research/recup/veloc/apps/state-diff/include/statediff.hpp:143:client_t] [time elapsed: 1 ms] State-diff client 1 initialized
[INFO 0] [/home/keveltun/research/recup/veloc/apps/state-diff/src/loader/host_cache.cpp:50:set_reader] Host (0)- Setting reader to read from file
[INFO 0] [/home/keveltun/research/recup/veloc/apps/state-diff/src/loader/host_cache.cpp:32:activate] Host (0)- Started fetch thread on host cache
[INFO 0] [/home/keveltun/research/recup/veloc/apps/state-diff/src/loader/data_loader.cpp:137:file_load] Loader (0)- Creating segments without given file offsets
[BENCHMARK 0] [/home/keveltun/research/recup/veloc/apps/state-diff/src/loader/data_loader.cpp:161:file_load] [time elapsed: 0 ms] Created segments and staged for file read
[BENCHMARK 0] [/home/keveltun/research/recup/veloc/apps/state-diff/src/loader/host_cache.cpp:75:fetch_] [time elapsed: 0 ms] Host (0)- Waited any batch for host fetch
[INFO 0] [/home/keveltun/research/recup/veloc/apps/state-diff/src/loader/host_cache.cpp:138:get_completed] Host (0)- Getting completed jobs from ready_q
[BENCHMARK 4] [/home/keveltun/research/recup/veloc/apps/state-diff/src/loader/host_cache.cpp:93:fetch_] [time elapsed: 4143 ms] Host (0)- Fetched 1 batches to host cache
[BENCHMARK 4] [/home/keveltun/research/recup/veloc/apps/state-diff/src/loader/data_loader.cpp:223:next] [time elapsed: 4143 ms] Retrieved pointer to next batch of data for computation
[BENCHMARK 5] [/home/keveltun/research/recup/veloc/apps/state-diff/include/statediff.hpp:203:create] [time elapsed: 5222 ms] State-diff tree -1 created from reader
(0.01) Chunk size: 131072, Creation time: 5.22229 seconds, throughput: 1.33716 GB/s
Evicting /lus/eagle/projects/RECUP/kassogba/veloc-ckpt/haac/sc-experiments/4gpus/np796-500mil/run1/m000p.mpirestart-combined-0-40.dat
Evicting /lus/eagle/projects/RECUP/kassogba/veloc-ckpt/haac/sc-experiments/4gpus/np796-500mil/run1/m000p.mpirestart-combined-0-20.dat
Evicting /lus/eagle/projects/RECUP/kassogba/veloc-ckpt/haac/sc-experiments/4gpus/np796-500mil/run1/m000p.mpirestart-combined-0-30.dat
Evicting /lus/eagle/projects/RECUP/kassogba/veloc-ckpt/haac/sc-experiments/4gpus/np796-500mil/run1/m000p.mpirestart-combined-0-10.dat

           Files: 4
     Directories: 1
   Evicted Pages: 7324790 (27G)
         Elapsed: 1.9067 seconds
[INFO 0] [/home/keveltun/research/recup/veloc/apps/state-diff/src/loader/host_cache.cpp:11:host_cache_t] Host - Creating a cache of size 16384 MB
[INFO 0] [/home/keveltun/research/recup/veloc/apps/state-diff/src/loader/data_loader.cpp:10:data_loader_t] Loader - host and device caches initialized
[BENCHMARK 0] [/home/keveltun/research/recup/veloc/apps/state-diff/src/loader/data_loader.cpp:11:data_loader_t] [time elapsed: 0 ms] Initialized data loader
Data size = 7497964768
[BENCHMARK 0] [/home/keveltun/research/recup/veloc/apps/state-diff/include/statediff.hpp:143:client_t] [time elapsed: 1 ms] State-diff client 1 initialized
[INFO 0] [/home/keveltun/research/recup/veloc/apps/state-diff/src/loader/host_cache.cpp:50:set_reader] Host (0)- Setting reader to read from file
[INFO 0] [/home/keveltun/research/recup/veloc/apps/state-diff/src/loader/host_cache.cpp:32:activate] Host (0)- Started fetch thread on host cache
[INFO 0] [/home/keveltun/research/recup/veloc/apps/state-diff/src/loader/data_loader.cpp:137:file_load] Loader (0)- Creating segments without given file offsets
[BENCHMARK 0] [/home/keveltun/research/recup/veloc/apps/state-diff/src/loader/data_loader.cpp:161:file_load] [time elapsed: 0 ms] Created segments and staged for file read
[BENCHMARK 0] [/home/keveltun/research/recup/veloc/apps/state-diff/src/loader/host_cache.cpp:75:fetch_] [time elapsed: 0 ms] Host (0)- Waited any batch for host fetch
[INFO 0] [/home/keveltun/research/recup/veloc/apps/state-diff/src/loader/host_cache.cpp:138:get_completed] Host (0)- Getting completed jobs from ready_q
[BENCHMARK 4] [/home/keveltun/research/recup/veloc/apps/state-diff/src/loader/host_cache.cpp:93:fetch_] [time elapsed: 4922 ms] Host (0)- Fetched 1 batches to host cache
[BENCHMARK 4] [/home/keveltun/research/recup/veloc/apps/state-diff/src/loader/data_loader.cpp:223:next] [time elapsed: 4922 ms] Retrieved pointer to next batch of data for computation
[BENCHMARK 5] [/home/keveltun/research/recup/veloc/apps/state-diff/include/statediff.hpp:203:create] [time elapsed: 5683 ms] State-diff tree -1 created from reader
(0.0001) Chunk size: 131072, Creation time: 5.68385 seconds, throughput: 1.22857 GB/s
Evicting /lus/eagle/projects/RECUP/kassogba/veloc-ckpt/haac/sc-experiments/4gpus/np796-500mil/run1/m000p.mpirestart-combined-0-40.dat
Evicting /lus/eagle/projects/RECUP/kassogba/veloc-ckpt/haac/sc-experiments/4gpus/np796-500mil/run1/m000p.mpirestart-combined-0-20.dat
Evicting /lus/eagle/projects/RECUP/kassogba/veloc-ckpt/haac/sc-experiments/4gpus/np796-500mil/run1/m000p.mpirestart-combined-0-30.dat
Evicting /lus/eagle/projects/RECUP/kassogba/veloc-ckpt/haac/sc-experiments/4gpus/np796-500mil/run1/m000p.mpirestart-combined-0-10.dat

           Files: 4
     Directories: 1
   Evicted Pages: 7324790 (27G)
         Elapsed: 1.955 seconds
[INFO 0] [/home/keveltun/research/recup/veloc/apps/state-diff/src/loader/host_cache.cpp:11:host_cache_t] Host - Creating a cache of size 16384 MB
[INFO 0] [/home/keveltun/research/recup/veloc/apps/state-diff/src/loader/data_loader.cpp:10:data_loader_t] Loader - host and device caches initialized
[BENCHMARK 0] [/home/keveltun/research/recup/veloc/apps/state-diff/src/loader/data_loader.cpp:11:data_loader_t] [time elapsed: 0 ms] Initialized data loader
Data size = 7497964768
[BENCHMARK 0] [/home/keveltun/research/recup/veloc/apps/state-diff/include/statediff.hpp:143:client_t] [time elapsed: 1 ms] State-diff client 1 initialized
[INFO 0] [/home/keveltun/research/recup/veloc/apps/state-diff/src/loader/host_cache.cpp:50:set_reader] Host (0)- Setting reader to read from file
[INFO 0] [/home/keveltun/research/recup/veloc/apps/state-diff/src/loader/host_cache.cpp:32:activate] Host (0)- Started fetch thread on host cache
[INFO 0] [/home/keveltun/research/recup/veloc/apps/state-diff/src/loader/data_loader.cpp:137:file_load] Loader (0)- Creating segments without given file offsets
[BENCHMARK 0] [/home/keveltun/research/recup/veloc/apps/state-diff/src/loader/data_loader.cpp:161:file_load] [time elapsed: 0 ms] Created segments and staged for file read
[BENCHMARK 0] [/home/keveltun/research/recup/veloc/apps/state-diff/src/loader/host_cache.cpp:75:fetch_] [time elapsed: 0 ms] Host (0)- Waited any batch for host fetch
[INFO 0] [/home/keveltun/research/recup/veloc/apps/state-diff/src/loader/host_cache.cpp:138:get_completed] Host (0)- Getting completed jobs from ready_q
[BENCHMARK 3] [/home/keveltun/research/recup/veloc/apps/state-diff/src/loader/host_cache.cpp:93:fetch_] [time elapsed: 3869 ms] Host (0)- Fetched 1 batches to host cache
[BENCHMARK 3] [/home/keveltun/research/recup/veloc/apps/state-diff/src/loader/data_loader.cpp:223:next] [time elapsed: 3869 ms] Retrieved pointer to next batch of data for computation
[BENCHMARK 4] [/home/keveltun/research/recup/veloc/apps/state-diff/include/statediff.hpp:203:create] [time elapsed: 4632 ms] State-diff tree -1 created from reader
(1e-07) Chunk size: 131072, Creation time: 4.63286 seconds, throughput: 1.50728 GB/s
Evicting /lus/eagle/projects/RECUP/kassogba/veloc-ckpt/haac/sc-experiments/4gpus/np796-500mil/run1/m000p.mpirestart-combined-0-40.dat
Evicting /lus/eagle/projects/RECUP/kassogba/veloc-ckpt/haac/sc-experiments/4gpus/np796-500mil/run1/m000p.mpirestart-combined-0-20.dat
Evicting /lus/eagle/projects/RECUP/kassogba/veloc-ckpt/haac/sc-experiments/4gpus/np796-500mil/run1/m000p.mpirestart-combined-0-30.dat
Evicting /lus/eagle/projects/RECUP/kassogba/veloc-ckpt/haac/sc-experiments/4gpus/np796-500mil/run1/m000p.mpirestart-combined-0-10.dat

           Files: 4
     Directories: 1
   Evicted Pages: 7324790 (27G)
         Elapsed: 1.9514 seconds
[INFO 0] [/home/keveltun/research/recup/veloc/apps/state-diff/src/loader/host_cache.cpp:11:host_cache_t] Host - Creating a cache of size 16384 MB
[INFO 0] [/home/keveltun/research/recup/veloc/apps/state-diff/src/loader/data_loader.cpp:10:data_loader_t] Loader - host and device caches initialized
[BENCHMARK 0] [/home/keveltun/research/recup/veloc/apps/state-diff/src/loader/data_loader.cpp:11:data_loader_t] [time elapsed: 0 ms] Initialized data loader
Data size = 7497964768
[BENCHMARK 0] [/home/keveltun/research/recup/veloc/apps/state-diff/include/statediff.hpp:143:client_t] [time elapsed: 0 ms] State-diff client 1 initialized
[INFO 0] [/home/keveltun/research/recup/veloc/apps/state-diff/src/loader/host_cache.cpp:50:set_reader] Host (0)- Setting reader to read from file
[INFO 0] [/home/keveltun/research/recup/veloc/apps/state-diff/src/loader/host_cache.cpp:32:activate] Host (0)- Started fetch thread on host cache
[INFO 0] [/home/keveltun/research/recup/veloc/apps/state-diff/src/loader/data_loader.cpp:137:file_load] Loader (0)- Creating segments without given file offsets
[BENCHMARK 0] [/home/keveltun/research/recup/veloc/apps/state-diff/src/loader/data_loader.cpp:161:file_load] [time elapsed: 0 ms] Created segments and staged for file read
[BENCHMARK 0] [/home/keveltun/research/recup/veloc/apps/state-diff/src/loader/host_cache.cpp:75:fetch_] [time elapsed: 0 ms] Host (0)- Waited any batch for host fetch
[INFO 0] [/home/keveltun/research/recup/veloc/apps/state-diff/src/loader/host_cache.cpp:138:get_completed] Host (0)- Getting completed jobs from ready_q
[BENCHMARK 3] [/home/keveltun/research/recup/veloc/apps/state-diff/src/loader/host_cache.cpp:93:fetch_] [time elapsed: 3756 ms] Host (0)- Fetched 1 batches to host cache
[BENCHMARK 3] [/home/keveltun/research/recup/veloc/apps/state-diff/src/loader/data_loader.cpp:223:next] [time elapsed: 3756 ms] Retrieved pointer to next batch of data for computation
[BENCHMARK 4] [/home/keveltun/research/recup/veloc/apps/state-diff/include/statediff.hpp:203:create] [time elapsed: 4832 ms] State-diff tree -1 created from reader
(0.01) Chunk size: 262144, Creation time: 4.83268 seconds, throughput: 1.44496 GB/s
Evicting /lus/eagle/projects/RECUP/kassogba/veloc-ckpt/haac/sc-experiments/4gpus/np796-500mil/run1/m000p.mpirestart-combined-0-40.dat
Evicting /lus/eagle/projects/RECUP/kassogba/veloc-ckpt/haac/sc-experiments/4gpus/np796-500mil/run1/m000p.mpirestart-combined-0-20.dat
Evicting /lus/eagle/projects/RECUP/kassogba/veloc-ckpt/haac/sc-experiments/4gpus/np796-500mil/run1/m000p.mpirestart-combined-0-30.dat
Evicting /lus/eagle/projects/RECUP/kassogba/veloc-ckpt/haac/sc-experiments/4gpus/np796-500mil/run1/m000p.mpirestart-combined-0-10.dat

           Files: 4
     Directories: 1
   Evicted Pages: 7324790 (27G)
         Elapsed: 1.9373 seconds
[INFO 0] [/home/keveltun/research/recup/veloc/apps/state-diff/src/loader/host_cache.cpp:11:host_cache_t] Host - Creating a cache of size 16384 MB
[INFO 0] [/home/keveltun/research/recup/veloc/apps/state-diff/src/loader/data_loader.cpp:10:data_loader_t] Loader - host and device caches initialized
[BENCHMARK 0] [/home/keveltun/research/recup/veloc/apps/state-diff/src/loader/data_loader.cpp:11:data_loader_t] [time elapsed: 0 ms] Initialized data loader
Data size = 7497964768
[BENCHMARK 0] [/home/keveltun/research/recup/veloc/apps/state-diff/include/statediff.hpp:143:client_t] [time elapsed: 0 ms] State-diff client 1 initialized
[INFO 0] [/home/keveltun/research/recup/veloc/apps/state-diff/src/loader/host_cache.cpp:50:set_reader] Host (0)- Setting reader to read from file
[INFO 0] [/home/keveltun/research/recup/veloc/apps/state-diff/src/loader/host_cache.cpp:32:activate] Host (0)- Started fetch thread on host cache
[INFO 0] [/home/keveltun/research/recup/veloc/apps/state-diff/src/loader/data_loader.cpp:137:file_load] Loader (0)- Creating segments without given file offsets
[BENCHMARK 0] [/home/keveltun/research/recup/veloc/apps/state-diff/src/loader/data_loader.cpp:161:file_load] [time elapsed: 0 ms] Created segments and staged for file read
[BENCHMARK 0] [/home/keveltun/research/recup/veloc/apps/state-diff/src/loader/host_cache.cpp:75:fetch_] [time elapsed: 0 ms] Host (0)- Waited any batch for host fetch
[INFO 0] [/home/keveltun/research/recup/veloc/apps/state-diff/src/loader/host_cache.cpp:138:get_completed] Host (0)- Getting completed jobs from ready_q
[BENCHMARK 3] [/home/keveltun/research/recup/veloc/apps/state-diff/src/loader/host_cache.cpp:93:fetch_] [time elapsed: 3442 ms] Host (0)- Fetched 1 batches to host cache
[BENCHMARK 3] [/home/keveltun/research/recup/veloc/apps/state-diff/src/loader/data_loader.cpp:223:next] [time elapsed: 3443 ms] Retrieved pointer to next batch of data for computation
[BENCHMARK 4] [/home/keveltun/research/recup/veloc/apps/state-diff/include/statediff.hpp:203:create] [time elapsed: 4200 ms] State-diff tree -1 created from reader
(0.0001) Chunk size: 262144, Creation time: 4.20092 seconds, throughput: 1.66226 GB/s
Evicting /lus/eagle/projects/RECUP/kassogba/veloc-ckpt/haac/sc-experiments/4gpus/np796-500mil/run1/m000p.mpirestart-combined-0-40.dat
Evicting /lus/eagle/projects/RECUP/kassogba/veloc-ckpt/haac/sc-experiments/4gpus/np796-500mil/run1/m000p.mpirestart-combined-0-20.dat
Evicting /lus/eagle/projects/RECUP/kassogba/veloc-ckpt/haac/sc-experiments/4gpus/np796-500mil/run1/m000p.mpirestart-combined-0-30.dat
Evicting /lus/eagle/projects/RECUP/kassogba/veloc-ckpt/haac/sc-experiments/4gpus/np796-500mil/run1/m000p.mpirestart-combined-0-10.dat

           Files: 4
     Directories: 1
   Evicted Pages: 7324790 (27G)
         Elapsed: 1.9308 seconds
[INFO 0] [/home/keveltun/research/recup/veloc/apps/state-diff/src/loader/host_cache.cpp:11:host_cache_t] Host - Creating a cache of size 16384 MB
[INFO 0] [/home/keveltun/research/recup/veloc/apps/state-diff/src/loader/data_loader.cpp:10:data_loader_t] Loader - host and device caches initialized
[BENCHMARK 0] [/home/keveltun/research/recup/veloc/apps/state-diff/src/loader/data_loader.cpp:11:data_loader_t] [time elapsed: 0 ms] Initialized data loader
Data size = 7497964768
[BENCHMARK 0] [/home/keveltun/research/recup/veloc/apps/state-diff/include/statediff.hpp:143:client_t] [time elapsed: 0 ms] State-diff client 1 initialized
[INFO 0] [/home/keveltun/research/recup/veloc/apps/state-diff/src/loader/host_cache.cpp:50:set_reader] Host (0)- Setting reader to read from file
[INFO 0] [/home/keveltun/research/recup/veloc/apps/state-diff/src/loader/host_cache.cpp:32:activate] Host (0)- Started fetch thread on host cache
[INFO 0] [/home/keveltun/research/recup/veloc/apps/state-diff/src/loader/data_loader.cpp:137:file_load] Loader (0)- Creating segments without given file offsets
[BENCHMARK 0] [/home/keveltun/research/recup/veloc/apps/state-diff/src/loader/data_loader.cpp:161:file_load] [time elapsed: 0 ms] Created segments and staged for file read
[BENCHMARK 0] [/home/keveltun/research/recup/veloc/apps/state-diff/src/loader/host_cache.cpp:75:fetch_] [time elapsed: 0 ms] Host (0)- Waited any batch for host fetch
[INFO 0] [/home/keveltun/research/recup/veloc/apps/state-diff/src/loader/host_cache.cpp:138:get_completed] Host (0)- Getting completed jobs from ready_q
[BENCHMARK 3] [/home/keveltun/research/recup/veloc/apps/state-diff/src/loader/host_cache.cpp:93:fetch_] [time elapsed: 3617 ms] Host (0)- Fetched 1 batches to host cache
[BENCHMARK 3] [/home/keveltun/research/recup/veloc/apps/state-diff/src/loader/data_loader.cpp:223:next] [time elapsed: 3617 ms] Retrieved pointer to next batch of data for computation
[BENCHMARK 4] [/home/keveltun/research/recup/veloc/apps/state-diff/include/statediff.hpp:203:create] [time elapsed: 4386 ms] State-diff tree -1 created from reader
(1e-07) Chunk size: 262144, Creation time: 4.38605 seconds, throughput: 1.5921 GB/s
Evicting /lus/eagle/projects/RECUP/kassogba/veloc-ckpt/haac/sc-experiments/4gpus/np796-500mil/run1/m000p.mpirestart-combined-0-40.dat
Evicting /lus/eagle/projects/RECUP/kassogba/veloc-ckpt/haac/sc-experiments/4gpus/np796-500mil/run1/m000p.mpirestart-combined-0-20.dat
Evicting /lus/eagle/projects/RECUP/kassogba/veloc-ckpt/haac/sc-experiments/4gpus/np796-500mil/run1/m000p.mpirestart-combined-0-30.dat
Evicting /lus/eagle/projects/RECUP/kassogba/veloc-ckpt/haac/sc-experiments/4gpus/np796-500mil/run1/m000p.mpirestart-combined-0-10.dat

           Files: 4
     Directories: 1
   Evicted Pages: 7324790 (27G)
         Elapsed: 1.9386 seconds
[INFO 0] [/home/keveltun/research/recup/veloc/apps/state-diff/src/loader/host_cache.cpp:11:host_cache_t] Host - Creating a cache of size 16384 MB
[INFO 0] [/home/keveltun/research/recup/veloc/apps/state-diff/src/loader/data_loader.cpp:10:data_loader_t] Loader - host and device caches initialized
[BENCHMARK 0] [/home/keveltun/research/recup/veloc/apps/state-diff/src/loader/data_loader.cpp:11:data_loader_t] [time elapsed: 0 ms] Initialized data loader
Data size = 7497964768
[BENCHMARK 0] [/home/keveltun/research/recup/veloc/apps/state-diff/include/statediff.hpp:143:client_t] [time elapsed: 0 ms] State-diff client 1 initialized
[INFO 0] [/home/keveltun/research/recup/veloc/apps/state-diff/src/loader/host_cache.cpp:50:set_reader] Host (0)- Setting reader to read from file
[INFO 0] [/home/keveltun/research/recup/veloc/apps/state-diff/src/loader/host_cache.cpp:32:activate] Host (0)- Started fetch thread on host cache
[INFO 0] [/home/keveltun/research/recup/veloc/apps/state-diff/src/loader/data_loader.cpp:137:file_load] Loader (0)- Creating segments without given file offsets
[BENCHMARK 0] [/home/keveltun/research/recup/veloc/apps/state-diff/src/loader/data_loader.cpp:161:file_load] [time elapsed: 0 ms] Created segments and staged for file read
[BENCHMARK 0] [/home/keveltun/research/recup/veloc/apps/state-diff/src/loader/host_cache.cpp:75:fetch_] [time elapsed: 0 ms] Host (0)- Waited any batch for host fetch
[INFO 0] [/home/keveltun/research/recup/veloc/apps/state-diff/src/loader/host_cache.cpp:138:get_completed] Host (0)- Getting completed jobs from ready_q
[BENCHMARK 2] [/home/keveltun/research/recup/veloc/apps/state-diff/src/loader/host_cache.cpp:93:fetch_] [time elapsed: 2278 ms] Host (0)- Fetched 1 batches to host cache
[BENCHMARK 2] [/home/keveltun/research/recup/veloc/apps/state-diff/src/loader/data_loader.cpp:223:next] [time elapsed: 2278 ms] Retrieved pointer to next batch of data for computation
[BENCHMARK 3] [/home/keveltun/research/recup/veloc/apps/state-diff/include/statediff.hpp:203:create] [time elapsed: 3352 ms] State-diff tree -1 created from reader
(0.01) Chunk size: 524288, Creation time: 3.35272 seconds, throughput: 2.08279 GB/s
Evicting /lus/eagle/projects/RECUP/kassogba/veloc-ckpt/haac/sc-experiments/4gpus/np796-500mil/run1/m000p.mpirestart-combined-0-40.dat
Evicting /lus/eagle/projects/RECUP/kassogba/veloc-ckpt/haac/sc-experiments/4gpus/np796-500mil/run1/m000p.mpirestart-combined-0-20.dat
Evicting /lus/eagle/projects/RECUP/kassogba/veloc-ckpt/haac/sc-experiments/4gpus/np796-500mil/run1/m000p.mpirestart-combined-0-30.dat
Evicting /lus/eagle/projects/RECUP/kassogba/veloc-ckpt/haac/sc-experiments/4gpus/np796-500mil/run1/m000p.mpirestart-combined-0-10.dat

           Files: 4
     Directories: 1
   Evicted Pages: 7324790 (27G)
         Elapsed: 1.9406 seconds
[INFO 0] [/home/keveltun/research/recup/veloc/apps/state-diff/src/loader/host_cache.cpp:11:host_cache_t] Host - Creating a cache of size 16384 MB
[INFO 0] [/home/keveltun/research/recup/veloc/apps/state-diff/src/loader/data_loader.cpp:10:data_loader_t] Loader - host and device caches initialized
[BENCHMARK 0] [/home/keveltun/research/recup/veloc/apps/state-diff/src/loader/data_loader.cpp:11:data_loader_t] [time elapsed: 0 ms] Initialized data loader
Data size = 7497964768
[BENCHMARK 0] [/home/keveltun/research/recup/veloc/apps/state-diff/include/statediff.hpp:143:client_t] [time elapsed: 0 ms] State-diff client 1 initialized
[INFO 0] [/home/keveltun/research/recup/veloc/apps/state-diff/src/loader/host_cache.cpp:50:set_reader] Host (0)- Setting reader to read from file
[INFO 0] [/home/keveltun/research/recup/veloc/apps/state-diff/src/loader/host_cache.cpp:32:activate] Host (0)- Started fetch thread on host cache
[INFO 0] [/home/keveltun/research/recup/veloc/apps/state-diff/src/loader/data_loader.cpp:137:file_load] Loader (0)- Creating segments without given file offsets
[BENCHMARK 0] [/home/keveltun/research/recup/veloc/apps/state-diff/src/loader/data_loader.cpp:161:file_load] [time elapsed: 0 ms] Created segments and staged for file read
[BENCHMARK 0] [/home/keveltun/research/recup/veloc/apps/state-diff/src/loader/host_cache.cpp:75:fetch_] [time elapsed: 0 ms] Host (0)- Waited any batch for host fetch
[INFO 0] [/home/keveltun/research/recup/veloc/apps/state-diff/src/loader/host_cache.cpp:138:get_completed] Host (0)- Getting completed jobs from ready_q
[BENCHMARK 2] [/home/keveltun/research/recup/veloc/apps/state-diff/src/loader/host_cache.cpp:93:fetch_] [time elapsed: 2238 ms] Host (0)- Fetched 1 batches to host cache
[BENCHMARK 2] [/home/keveltun/research/recup/veloc/apps/state-diff/src/loader/data_loader.cpp:223:next] [time elapsed: 2238 ms] Retrieved pointer to next batch of data for computation
[BENCHMARK 3] [/home/keveltun/research/recup/veloc/apps/state-diff/include/statediff.hpp:203:create] [time elapsed: 2996 ms] State-diff tree -1 created from reader
(0.0001) Chunk size: 524288, Creation time: 2.99688 seconds, throughput: 2.3301 GB/s
Evicting /lus/eagle/projects/RECUP/kassogba/veloc-ckpt/haac/sc-experiments/4gpus/np796-500mil/run1/m000p.mpirestart-combined-0-40.dat
Evicting /lus/eagle/projects/RECUP/kassogba/veloc-ckpt/haac/sc-experiments/4gpus/np796-500mil/run1/m000p.mpirestart-combined-0-20.dat
Evicting /lus/eagle/projects/RECUP/kassogba/veloc-ckpt/haac/sc-experiments/4gpus/np796-500mil/run1/m000p.mpirestart-combined-0-30.dat
Evicting /lus/eagle/projects/RECUP/kassogba/veloc-ckpt/haac/sc-experiments/4gpus/np796-500mil/run1/m000p.mpirestart-combined-0-10.dat

           Files: 4
     Directories: 1
   Evicted Pages: 7324790 (27G)
         Elapsed: 1.9545 seconds
[INFO 0] [/home/keveltun/research/recup/veloc/apps/state-diff/src/loader/host_cache.cpp:11:host_cache_t] Host - Creating a cache of size 16384 MB
[INFO 0] [/home/keveltun/research/recup/veloc/apps/state-diff/src/loader/data_loader.cpp:10:data_loader_t] Loader - host and device caches initialized
[BENCHMARK 0] [/home/keveltun/research/recup/veloc/apps/state-diff/src/loader/data_loader.cpp:11:data_loader_t] [time elapsed: 0 ms] Initialized data loader
Data size = 7497964768
[BENCHMARK 0] [/home/keveltun/research/recup/veloc/apps/state-diff/include/statediff.hpp:143:client_t] [time elapsed: 0 ms] State-diff client 1 initialized
[INFO 0] [/home/keveltun/research/recup/veloc/apps/state-diff/src/loader/host_cache.cpp:50:set_reader] Host (0)- Setting reader to read from file
[INFO 0] [/home/keveltun/research/recup/veloc/apps/state-diff/src/loader/host_cache.cpp:32:activate] Host (0)- Started fetch thread on host cache
[INFO 0] [/home/keveltun/research/recup/veloc/apps/state-diff/src/loader/data_loader.cpp:137:file_load] Loader (0)- Creating segments without given file offsets
[BENCHMARK 0] [/home/keveltun/research/recup/veloc/apps/state-diff/src/loader/data_loader.cpp:161:file_load] [time elapsed: 0 ms] Created segments and staged for file read
[BENCHMARK 0] [/home/keveltun/research/recup/veloc/apps/state-diff/src/loader/host_cache.cpp:75:fetch_] [time elapsed: 0 ms] Host (0)- Waited any batch for host fetch
[INFO 0] [/home/keveltun/research/recup/veloc/apps/state-diff/src/loader/host_cache.cpp:138:get_completed] Host (0)- Getting completed jobs from ready_q
[BENCHMARK 2] [/home/keveltun/research/recup/veloc/apps/state-diff/src/loader/host_cache.cpp:93:fetch_] [time elapsed: 2491 ms] Host (0)- Fetched 1 batches to host cache
[BENCHMARK 2] [/home/keveltun/research/recup/veloc/apps/state-diff/src/loader/data_loader.cpp:223:next] [time elapsed: 2491 ms] Retrieved pointer to next batch of data for computation
[BENCHMARK 3] [/home/keveltun/research/recup/veloc/apps/state-diff/include/statediff.hpp:203:create] [time elapsed: 3244 ms] State-diff tree -1 created from reader
(1e-07) Chunk size: 524288, Creation time: 3.24475 seconds, throughput: 2.1521 GB/s
Evicting /lus/eagle/projects/RECUP/kassogba/veloc-ckpt/haac/sc-experiments/4gpus/np796-500mil/run1/m000p.mpirestart-combined-0-40.dat
Evicting /lus/eagle/projects/RECUP/kassogba/veloc-ckpt/haac/sc-experiments/4gpus/np796-500mil/run1/m000p.mpirestart-combined-0-20.dat
Evicting /lus/eagle/projects/RECUP/kassogba/veloc-ckpt/haac/sc-experiments/4gpus/np796-500mil/run1/m000p.mpirestart-combined-0-30.dat
Evicting /lus/eagle/projects/RECUP/kassogba/veloc-ckpt/haac/sc-experiments/4gpus/np796-500mil/run1/m000p.mpirestart-combined-0-10.dat

           Files: 4
     Directories: 1
   Evicted Pages: 7324790 (27G)
         Elapsed: 1.9658 seconds
[INFO 0] [/home/keveltun/research/recup/veloc/apps/state-diff/src/loader/host_cache.cpp:11:host_cache_t] Host - Creating a cache of size 16384 MB
[INFO 0] [/home/keveltun/research/recup/veloc/apps/state-diff/src/loader/data_loader.cpp:10:data_loader_t] Loader - host and device caches initialized
[BENCHMARK 0] [/home/keveltun/research/recup/veloc/apps/state-diff/src/loader/data_loader.cpp:11:data_loader_t] [time elapsed: 0 ms] Initialized data loader
Data size = 7497964768
[BENCHMARK 0] [/home/keveltun/research/recup/veloc/apps/state-diff/include/statediff.hpp:143:client_t] [time elapsed: 0 ms] State-diff client 1 initialized
[INFO 0] [/home/keveltun/research/recup/veloc/apps/state-diff/src/loader/host_cache.cpp:50:set_reader] Host (0)- Setting reader to read from file
[INFO 0] [/home/keveltun/research/recup/veloc/apps/state-diff/src/loader/host_cache.cpp:32:activate] Host (0)- Started fetch thread on host cache
[INFO 0] [/home/keveltun/research/recup/veloc/apps/state-diff/src/loader/data_loader.cpp:137:file_load] Loader (0)- Creating segments without given file offsets
[BENCHMARK 0] [/home/keveltun/research/recup/veloc/apps/state-diff/src/loader/data_loader.cpp:161:file_load] [time elapsed: 0 ms] Created segments and staged for file read
[BENCHMARK 0] [/home/keveltun/research/recup/veloc/apps/state-diff/src/loader/host_cache.cpp:75:fetch_] [time elapsed: 0 ms] Host (0)- Waited any batch for host fetch
[INFO 0] [/home/keveltun/research/recup/veloc/apps/state-diff/src/loader/host_cache.cpp:138:get_completed] Host (0)- Getting completed jobs from ready_q
[BENCHMARK 2] [/home/keveltun/research/recup/veloc/apps/state-diff/src/loader/host_cache.cpp:93:fetch_] [time elapsed: 2085 ms] Host (0)- Fetched 1 batches to host cache
[BENCHMARK 2] [/home/keveltun/research/recup/veloc/apps/state-diff/src/loader/data_loader.cpp:223:next] [time elapsed: 2085 ms] Retrieved pointer to next batch of data for computation
[BENCHMARK 3] [/home/keveltun/research/recup/veloc/apps/state-diff/include/statediff.hpp:203:create] [time elapsed: 3159 ms] State-diff tree -1 created from reader
(0.01) Chunk size: 1048576, Creation time: 3.15952 seconds, throughput: 2.21015 GB/s
Evicting /lus/eagle/projects/RECUP/kassogba/veloc-ckpt/haac/sc-experiments/4gpus/np796-500mil/run1/m000p.mpirestart-combined-0-40.dat
Evicting /lus/eagle/projects/RECUP/kassogba/veloc-ckpt/haac/sc-experiments/4gpus/np796-500mil/run1/m000p.mpirestart-combined-0-20.dat
Evicting /lus/eagle/projects/RECUP/kassogba/veloc-ckpt/haac/sc-experiments/4gpus/np796-500mil/run1/m000p.mpirestart-combined-0-30.dat
Evicting /lus/eagle/projects/RECUP/kassogba/veloc-ckpt/haac/sc-experiments/4gpus/np796-500mil/run1/m000p.mpirestart-combined-0-10.dat

           Files: 4
     Directories: 1
   Evicted Pages: 7324790 (27G)
         Elapsed: 1.9156 seconds
[INFO 0] [/home/keveltun/research/recup/veloc/apps/state-diff/src/loader/host_cache.cpp:11:host_cache_t] Host - Creating a cache of size 16384 MB
[INFO 0] [/home/keveltun/research/recup/veloc/apps/state-diff/src/loader/data_loader.cpp:10:data_loader_t] Loader - host and device caches initialized
[BENCHMARK 0] [/home/keveltun/research/recup/veloc/apps/state-diff/src/loader/data_loader.cpp:11:data_loader_t] [time elapsed: 0 ms] Initialized data loader
Data size = 7497964768
[BENCHMARK 0] [/home/keveltun/research/recup/veloc/apps/state-diff/include/statediff.hpp:143:client_t] [time elapsed: 0 ms] State-diff client 1 initialized
[INFO 0] [/home/keveltun/research/recup/veloc/apps/state-diff/src/loader/host_cache.cpp:50:set_reader] Host (0)- Setting reader to read from file
[INFO 0] [/home/keveltun/research/recup/veloc/apps/state-diff/src/loader/host_cache.cpp:32:activate] Host (0)- Started fetch thread on host cache
[INFO 0] [/home/keveltun/research/recup/veloc/apps/state-diff/src/loader/data_loader.cpp:137:file_load] Loader (0)- Creating segments without given file offsets
[BENCHMARK 0] [/home/keveltun/research/recup/veloc/apps/state-diff/src/loader/data_loader.cpp:161:file_load] [time elapsed: 0 ms] Created segments and staged for file read
[BENCHMARK 0] [/home/keveltun/research/recup/veloc/apps/state-diff/src/loader/host_cache.cpp:75:fetch_] [time elapsed: 0 ms] Host (0)- Waited any batch for host fetch
[INFO 0] [/home/keveltun/research/recup/veloc/apps/state-diff/src/loader/host_cache.cpp:138:get_completed] Host (0)- Getting completed jobs from ready_q
[BENCHMARK 2] [/home/keveltun/research/recup/veloc/apps/state-diff/src/loader/host_cache.cpp:93:fetch_] [time elapsed: 2097 ms] Host (0)- Fetched 1 batches to host cache
[BENCHMARK 2] [/home/keveltun/research/recup/veloc/apps/state-diff/src/loader/data_loader.cpp:223:next] [time elapsed: 2097 ms] Retrieved pointer to next batch of data for computation
[BENCHMARK 2] [/home/keveltun/research/recup/veloc/apps/state-diff/include/statediff.hpp:203:create] [time elapsed: 2858 ms] State-diff tree -1 created from reader
(0.0001) Chunk size: 1048576, Creation time: 2.8584 seconds, throughput: 2.44299 GB/s
Evicting /lus/eagle/projects/RECUP/kassogba/veloc-ckpt/haac/sc-experiments/4gpus/np796-500mil/run1/m000p.mpirestart-combined-0-40.dat
Evicting /lus/eagle/projects/RECUP/kassogba/veloc-ckpt/haac/sc-experiments/4gpus/np796-500mil/run1/m000p.mpirestart-combined-0-20.dat
Evicting /lus/eagle/projects/RECUP/kassogba/veloc-ckpt/haac/sc-experiments/4gpus/np796-500mil/run1/m000p.mpirestart-combined-0-30.dat
Evicting /lus/eagle/projects/RECUP/kassogba/veloc-ckpt/haac/sc-experiments/4gpus/np796-500mil/run1/m000p.mpirestart-combined-0-10.dat

           Files: 4
     Directories: 1
   Evicted Pages: 7324790 (27G)
         Elapsed: 1.9469 seconds
[INFO 0] [/home/keveltun/research/recup/veloc/apps/state-diff/src/loader/host_cache.cpp:11:host_cache_t] Host - Creating a cache of size 16384 MB
[INFO 0] [/home/keveltun/research/recup/veloc/apps/state-diff/src/loader/data_loader.cpp:10:data_loader_t] Loader - host and device caches initialized
[BENCHMARK 0] [/home/keveltun/research/recup/veloc/apps/state-diff/src/loader/data_loader.cpp:11:data_loader_t] [time elapsed: 0 ms] Initialized data loader
Data size = 7497964768
[BENCHMARK 0] [/home/keveltun/research/recup/veloc/apps/state-diff/include/statediff.hpp:143:client_t] [time elapsed: 0 ms] State-diff client 1 initialized
[INFO 0] [/home/keveltun/research/recup/veloc/apps/state-diff/src/loader/host_cache.cpp:50:set_reader] Host (0)- Setting reader to read from file
[INFO 0] [/home/keveltun/research/recup/veloc/apps/state-diff/src/loader/host_cache.cpp:32:activate] Host (0)- Started fetch thread on host cache
[INFO 0] [/home/keveltun/research/recup/veloc/apps/state-diff/src/loader/data_loader.cpp:137:file_load] Loader (0)- Creating segments without given file offsets
[BENCHMARK 0] [/home/keveltun/research/recup/veloc/apps/state-diff/src/loader/data_loader.cpp:161:file_load] [time elapsed: 0 ms] Created segments and staged for file read
[BENCHMARK 0] [/home/keveltun/research/recup/veloc/apps/state-diff/src/loader/host_cache.cpp:75:fetch_] [time elapsed: 0 ms] Host (0)- Waited any batch for host fetch
[INFO 0] [/home/keveltun/research/recup/veloc/apps/state-diff/src/loader/host_cache.cpp:138:get_completed] Host (0)- Getting completed jobs from ready_q
[BENCHMARK 2] [/home/keveltun/research/recup/veloc/apps/state-diff/src/loader/host_cache.cpp:93:fetch_] [time elapsed: 1984 ms] Host (0)- Fetched 1 batches to host cache
[BENCHMARK 2] [/home/keveltun/research/recup/veloc/apps/state-diff/src/loader/data_loader.cpp:223:next] [time elapsed: 1984 ms] Retrieved pointer to next batch of data for computation
[BENCHMARK 2] [/home/keveltun/research/recup/veloc/apps/state-diff/include/statediff.hpp:203:create] [time elapsed: 2739 ms] State-diff tree -1 created from reader
(1e-07) Chunk size: 1048576, Creation time: 2.73961 seconds, throughput: 2.54891 GB/s
Evicting /lus/eagle/projects/RECUP/kassogba/veloc-ckpt/haac/sc-experiments/4gpus/np796-500mil/run1/m000p.mpirestart-combined-0-40.dat
Evicting /lus/eagle/projects/RECUP/kassogba/veloc-ckpt/haac/sc-experiments/4gpus/np796-500mil/run1/m000p.mpirestart-combined-0-20.dat
Evicting /lus/eagle/projects/RECUP/kassogba/veloc-ckpt/haac/sc-experiments/4gpus/np796-500mil/run1/m000p.mpirestart-combined-0-30.dat
Evicting /lus/eagle/projects/RECUP/kassogba/veloc-ckpt/haac/sc-experiments/4gpus/np796-500mil/run1/m000p.mpirestart-combined-0-10.dat

           Files: 4
     Directories: 1
   Evicted Pages: 7324790 (27G)
         Elapsed: 1.9414 seconds
[INFO 0] [/home/keveltun/research/recup/veloc/apps/state-diff/src/loader/host_cache.cpp:11:host_cache_t] Host - Creating a cache of size 16384 MB
[INFO 0] [/home/keveltun/research/recup/veloc/apps/state-diff/src/loader/data_loader.cpp:10:data_loader_t] Loader - host and device caches initialized
[BENCHMARK 0] [/home/keveltun/research/recup/veloc/apps/state-diff/src/loader/data_loader.cpp:11:data_loader_t] [time elapsed: 0 ms] Initialized data loader
Data size = 7497964768
[BENCHMARK 0] [/home/keveltun/research/recup/veloc/apps/state-diff/include/statediff.hpp:143:client_t] [time elapsed: 0 ms] State-diff client 1 initialized
[INFO 0] [/home/keveltun/research/recup/veloc/apps/state-diff/src/loader/host_cache.cpp:50:set_reader] Host (0)- Setting reader to read from file
[INFO 0] [/home/keveltun/research/recup/veloc/apps/state-diff/src/loader/host_cache.cpp:32:activate] Host (0)- Started fetch thread on host cache
[INFO 0] [/home/keveltun/research/recup/veloc/apps/state-diff/src/loader/data_loader.cpp:137:file_load] Loader (0)- Creating segments without given file offsets
[BENCHMARK 0] [/home/keveltun/research/recup/veloc/apps/state-diff/src/loader/data_loader.cpp:161:file_load] [time elapsed: 0 ms] Created segments and staged for file read
[BENCHMARK 0] [/home/keveltun/research/recup/veloc/apps/state-diff/src/loader/host_cache.cpp:75:fetch_] [time elapsed: 0 ms] Host (0)- Waited any batch for host fetch
[INFO 0] [/home/keveltun/research/recup/veloc/apps/state-diff/src/loader/host_cache.cpp:138:get_completed] Host (0)- Getting completed jobs from ready_q
[BENCHMARK 1] [/home/keveltun/research/recup/veloc/apps/state-diff/src/loader/host_cache.cpp:93:fetch_] [time elapsed: 1980 ms] Host (0)- Fetched 1 batches to host cache
[BENCHMARK 1] [/home/keveltun/research/recup/veloc/apps/state-diff/src/loader/data_loader.cpp:223:next] [time elapsed: 1980 ms] Retrieved pointer to next batch of data for computation
[BENCHMARK 3] [/home/keveltun/research/recup/veloc/apps/state-diff/include/statediff.hpp:203:create] [time elapsed: 3059 ms] State-diff tree -1 created from reader
(0.01) Chunk size: 2097152, Creation time: 3.05994 seconds, throughput: 2.28208 GB/s
Evicting /lus/eagle/projects/RECUP/kassogba/veloc-ckpt/haac/sc-experiments/4gpus/np796-500mil/run1/m000p.mpirestart-combined-0-40.dat
Evicting /lus/eagle/projects/RECUP/kassogba/veloc-ckpt/haac/sc-experiments/4gpus/np796-500mil/run1/m000p.mpirestart-combined-0-20.dat
Evicting /lus/eagle/projects/RECUP/kassogba/veloc-ckpt/haac/sc-experiments/4gpus/np796-500mil/run1/m000p.mpirestart-combined-0-30.dat
Evicting /lus/eagle/projects/RECUP/kassogba/veloc-ckpt/haac/sc-experiments/4gpus/np796-500mil/run1/m000p.mpirestart-combined-0-10.dat

           Files: 4
     Directories: 1
   Evicted Pages: 7324790 (27G)
         Elapsed: 1.9419 seconds
[INFO 0] [/home/keveltun/research/recup/veloc/apps/state-diff/src/loader/host_cache.cpp:11:host_cache_t] Host - Creating a cache of size 16384 MB
[INFO 0] [/home/keveltun/research/recup/veloc/apps/state-diff/src/loader/data_loader.cpp:10:data_loader_t] Loader - host and device caches initialized
[BENCHMARK 0] [/home/keveltun/research/recup/veloc/apps/state-diff/src/loader/data_loader.cpp:11:data_loader_t] [time elapsed: 0 ms] Initialized data loader
Data size = 7497964768
[BENCHMARK 0] [/home/keveltun/research/recup/veloc/apps/state-diff/include/statediff.hpp:143:client_t] [time elapsed: 0 ms] State-diff client 1 initialized
[INFO 0] [/home/keveltun/research/recup/veloc/apps/state-diff/src/loader/host_cache.cpp:50:set_reader] Host (0)- Setting reader to read from file
[INFO 0] [/home/keveltun/research/recup/veloc/apps/state-diff/src/loader/host_cache.cpp:32:activate] Host (0)- Started fetch thread on host cache
[INFO 0] [/home/keveltun/research/recup/veloc/apps/state-diff/src/loader/data_loader.cpp:137:file_load] Loader (0)- Creating segments without given file offsets
[BENCHMARK 0] [/home/keveltun/research/recup/veloc/apps/state-diff/src/loader/data_loader.cpp:161:file_load] [time elapsed: 0 ms] Created segments and staged for file read
[BENCHMARK 0] [/home/keveltun/research/recup/veloc/apps/state-diff/src/loader/host_cache.cpp:75:fetch_] [time elapsed: 0 ms] Host (0)- Waited any batch for host fetch
[INFO 0] [/home/keveltun/research/recup/veloc/apps/state-diff/src/loader/host_cache.cpp:138:get_completed] Host (0)- Getting completed jobs from ready_q
[BENCHMARK 2] [/home/keveltun/research/recup/veloc/apps/state-diff/src/loader/host_cache.cpp:93:fetch_] [time elapsed: 1991 ms] Host (0)- Fetched 1 batches to host cache
[BENCHMARK 2] [/home/keveltun/research/recup/veloc/apps/state-diff/src/loader/data_loader.cpp:223:next] [time elapsed: 1991 ms] Retrieved pointer to next batch of data for computation
[BENCHMARK 2] [/home/keveltun/research/recup/veloc/apps/state-diff/include/statediff.hpp:203:create] [time elapsed: 2752 ms] State-diff tree -1 created from reader
(0.0001) Chunk size: 2097152, Creation time: 2.75252 seconds, throughput: 2.53696 GB/s
Evicting /lus/eagle/projects/RECUP/kassogba/veloc-ckpt/haac/sc-experiments/4gpus/np796-500mil/run1/m000p.mpirestart-combined-0-40.dat
Evicting /lus/eagle/projects/RECUP/kassogba/veloc-ckpt/haac/sc-experiments/4gpus/np796-500mil/run1/m000p.mpirestart-combined-0-20.dat
Evicting /lus/eagle/projects/RECUP/kassogba/veloc-ckpt/haac/sc-experiments/4gpus/np796-500mil/run1/m000p.mpirestart-combined-0-30.dat
Evicting /lus/eagle/projects/RECUP/kassogba/veloc-ckpt/haac/sc-experiments/4gpus/np796-500mil/run1/m000p.mpirestart-combined-0-10.dat

           Files: 4
     Directories: 1
   Evicted Pages: 7324790 (27G)
         Elapsed: 1.9269 seconds
[INFO 0] [/home/keveltun/research/recup/veloc/apps/state-diff/src/loader/host_cache.cpp:11:host_cache_t] Host - Creating a cache of size 16384 MB
[INFO 0] [/home/keveltun/research/recup/veloc/apps/state-diff/src/loader/data_loader.cpp:10:data_loader_t] Loader - host and device caches initialized
[BENCHMARK 0] [/home/keveltun/research/recup/veloc/apps/state-diff/src/loader/data_loader.cpp:11:data_loader_t] [time elapsed: 0 ms] Initialized data loader
Data size = 7497964768
[BENCHMARK 0] [/home/keveltun/research/recup/veloc/apps/state-diff/include/statediff.hpp:143:client_t] [time elapsed: 0 ms] State-diff client 1 initialized
[INFO 0] [/home/keveltun/research/recup/veloc/apps/state-diff/src/loader/host_cache.cpp:50:set_reader] Host (0)- Setting reader to read from file
[INFO 0] [/home/keveltun/research/recup/veloc/apps/state-diff/src/loader/host_cache.cpp:32:activate] Host (0)- Started fetch thread on host cache
[INFO 0] [/home/keveltun/research/recup/veloc/apps/state-diff/src/loader/data_loader.cpp:137:file_load] Loader (0)- Creating segments without given file offsets
[BENCHMARK 0] [/home/keveltun/research/recup/veloc/apps/state-diff/src/loader/data_loader.cpp:161:file_load] [time elapsed: 0 ms] Created segments and staged for file read
[BENCHMARK 0] [/home/keveltun/research/recup/veloc/apps/state-diff/src/loader/host_cache.cpp:75:fetch_] [time elapsed: 0 ms] Host (0)- Waited any batch for host fetch
[INFO 0] [/home/keveltun/research/recup/veloc/apps/state-diff/src/loader/host_cache.cpp:138:get_completed] Host (0)- Getting completed jobs from ready_q
[BENCHMARK 2] [/home/keveltun/research/recup/veloc/apps/state-diff/src/loader/host_cache.cpp:93:fetch_] [time elapsed: 2000 ms] Host (0)- Fetched 1 batches to host cache
[BENCHMARK 2] [/home/keveltun/research/recup/veloc/apps/state-diff/src/loader/data_loader.cpp:223:next] [time elapsed: 2000 ms] Retrieved pointer to next batch of data for computation
[BENCHMARK 2] [/home/keveltun/research/recup/veloc/apps/state-diff/include/statediff.hpp:203:create] [time elapsed: 2757 ms] State-diff tree -1 created from reader
(1e-07) Chunk size: 2097152, Creation time: 2.75729 seconds, throughput: 2.53257 GB/s
Evicting /lus/eagle/projects/RECUP/kassogba/veloc-ckpt/haac/sc-experiments/4gpus/np796-500mil/run1/m000p.mpirestart-combined-0-40.dat
Evicting /lus/eagle/projects/RECUP/kassogba/veloc-ckpt/haac/sc-experiments/4gpus/np796-500mil/run1/m000p.mpirestart-combined-0-20.dat
Evicting /lus/eagle/projects/RECUP/kassogba/veloc-ckpt/haac/sc-experiments/4gpus/np796-500mil/run1/m000p.mpirestart-combined-0-30.dat
Evicting /lus/eagle/projects/RECUP/kassogba/veloc-ckpt/haac/sc-experiments/4gpus/np796-500mil/run1/m000p.mpirestart-combined-0-10.dat

           Files: 4
     Directories: 1
   Evicted Pages: 7324790 (27G)
         Elapsed: 1.9521 seconds
[INFO 0] [/home/keveltun/research/recup/veloc/apps/state-diff/src/loader/host_cache.cpp:11:host_cache_t] Host - Creating a cache of size 16384 MB
[INFO 0] [/home/keveltun/research/recup/veloc/apps/state-diff/src/loader/data_loader.cpp:10:data_loader_t] Loader - host and device caches initialized
[BENCHMARK 0] [/home/keveltun/research/recup/veloc/apps/state-diff/src/loader/data_loader.cpp:11:data_loader_t] [time elapsed: 0 ms] Initialized data loader
Data size = 7497964768
[BENCHMARK 0] [/home/keveltun/research/recup/veloc/apps/state-diff/include/statediff.hpp:143:client_t] [time elapsed: 0 ms] State-diff client 1 initialized
[INFO 0] [/home/keveltun/research/recup/veloc/apps/state-diff/src/loader/host_cache.cpp:50:set_reader] Host (0)- Setting reader to read from file
[INFO 0] [/home/keveltun/research/recup/veloc/apps/state-diff/src/loader/host_cache.cpp:32:activate] Host (0)- Started fetch thread on host cache
[INFO 0] [/home/keveltun/research/recup/veloc/apps/state-diff/src/loader/data_loader.cpp:137:file_load] Loader (0)- Creating segments without given file offsets
[BENCHMARK 0] [/home/keveltun/research/recup/veloc/apps/state-diff/src/loader/data_loader.cpp:161:file_load] [time elapsed: 0 ms] Created segments and staged for file read
[BENCHMARK 0] [/home/keveltun/research/recup/veloc/apps/state-diff/src/loader/host_cache.cpp:75:fetch_] [time elapsed: 0 ms] Host (0)- Waited any batch for host fetch
[INFO 0] [/home/keveltun/research/recup/veloc/apps/state-diff/src/loader/host_cache.cpp:138:get_completed] Host (0)- Getting completed jobs from ready_q
[BENCHMARK 1] [/home/keveltun/research/recup/veloc/apps/state-diff/src/loader/host_cache.cpp:93:fetch_] [time elapsed: 1965 ms] Host (0)- Fetched 1 batches to host cache
[BENCHMARK 1] [/home/keveltun/research/recup/veloc/apps/state-diff/src/loader/data_loader.cpp:223:next] [time elapsed: 1965 ms] Retrieved pointer to next batch of data for computation
[BENCHMARK 3] [/home/keveltun/research/recup/veloc/apps/state-diff/include/statediff.hpp:203:create] [time elapsed: 3051 ms] State-diff tree -1 created from reader
(0.01) Chunk size: 4194304, Creation time: 3.05161 seconds, throughput: 2.28831 GB/s
Evicting /lus/eagle/projects/RECUP/kassogba/veloc-ckpt/haac/sc-experiments/4gpus/np796-500mil/run1/m000p.mpirestart-combined-0-40.dat
Evicting /lus/eagle/projects/RECUP/kassogba/veloc-ckpt/haac/sc-experiments/4gpus/np796-500mil/run1/m000p.mpirestart-combined-0-20.dat
Evicting /lus/eagle/projects/RECUP/kassogba/veloc-ckpt/haac/sc-experiments/4gpus/np796-500mil/run1/m000p.mpirestart-combined-0-30.dat
Evicting /lus/eagle/projects/RECUP/kassogba/veloc-ckpt/haac/sc-experiments/4gpus/np796-500mil/run1/m000p.mpirestart-combined-0-10.dat

           Files: 4
     Directories: 1
   Evicted Pages: 7324790 (27G)
         Elapsed: 1.9187 seconds
[INFO 0] [/home/keveltun/research/recup/veloc/apps/state-diff/src/loader/host_cache.cpp:11:host_cache_t] Host - Creating a cache of size 16384 MB
[INFO 0] [/home/keveltun/research/recup/veloc/apps/state-diff/src/loader/data_loader.cpp:10:data_loader_t] Loader - host and device caches initialized
[BENCHMARK 0] [/home/keveltun/research/recup/veloc/apps/state-diff/src/loader/data_loader.cpp:11:data_loader_t] [time elapsed: 0 ms] Initialized data loader
Data size = 7497964768
[BENCHMARK 0] [/home/keveltun/research/recup/veloc/apps/state-diff/include/statediff.hpp:143:client_t] [time elapsed: 0 ms] State-diff client 1 initialized
[INFO 0] [/home/keveltun/research/recup/veloc/apps/state-diff/src/loader/host_cache.cpp:50:set_reader] Host (0)- Setting reader to read from file
[INFO 0] [/home/keveltun/research/recup/veloc/apps/state-diff/src/loader/host_cache.cpp:32:activate] Host (0)- Started fetch thread on host cache
[INFO 0] [/home/keveltun/research/recup/veloc/apps/state-diff/src/loader/data_loader.cpp:137:file_load] Loader (0)- Creating segments without given file offsets
[BENCHMARK 0] [/home/keveltun/research/recup/veloc/apps/state-diff/src/loader/data_loader.cpp:161:file_load] [time elapsed: 0 ms] Created segments and staged for file read
[BENCHMARK 0] [/home/keveltun/research/recup/veloc/apps/state-diff/src/loader/host_cache.cpp:75:fetch_] [time elapsed: 0 ms] Host (0)- Waited any batch for host fetch
[INFO 0] [/home/keveltun/research/recup/veloc/apps/state-diff/src/loader/host_cache.cpp:138:get_completed] Host (0)- Getting completed jobs from ready_q
[BENCHMARK 2] [/home/keveltun/research/recup/veloc/apps/state-diff/src/loader/host_cache.cpp:93:fetch_] [time elapsed: 1988 ms] Host (0)- Fetched 1 batches to host cache
[BENCHMARK 2] [/home/keveltun/research/recup/veloc/apps/state-diff/src/loader/data_loader.cpp:223:next] [time elapsed: 1988 ms] Retrieved pointer to next batch of data for computation
[BENCHMARK 2] [/home/keveltun/research/recup/veloc/apps/state-diff/include/statediff.hpp:203:create] [time elapsed: 2753 ms] State-diff tree -1 created from reader
(0.0001) Chunk size: 4194304, Creation time: 2.75364 seconds, throughput: 2.53593 GB/s
Evicting /lus/eagle/projects/RECUP/kassogba/veloc-ckpt/haac/sc-experiments/4gpus/np796-500mil/run1/m000p.mpirestart-combined-0-40.dat
Evicting /lus/eagle/projects/RECUP/kassogba/veloc-ckpt/haac/sc-experiments/4gpus/np796-500mil/run1/m000p.mpirestart-combined-0-20.dat
Evicting /lus/eagle/projects/RECUP/kassogba/veloc-ckpt/haac/sc-experiments/4gpus/np796-500mil/run1/m000p.mpirestart-combined-0-30.dat
Evicting /lus/eagle/projects/RECUP/kassogba/veloc-ckpt/haac/sc-experiments/4gpus/np796-500mil/run1/m000p.mpirestart-combined-0-10.dat

           Files: 4
     Directories: 1
   Evicted Pages: 7324790 (27G)
         Elapsed: 1.9567 seconds
[INFO 0] [/home/keveltun/research/recup/veloc/apps/state-diff/src/loader/host_cache.cpp:11:host_cache_t] Host - Creating a cache of size 16384 MB
[INFO 0] [/home/keveltun/research/recup/veloc/apps/state-diff/src/loader/data_loader.cpp:10:data_loader_t] Loader - host and device caches initialized
[BENCHMARK 0] [/home/keveltun/research/recup/veloc/apps/state-diff/src/loader/data_loader.cpp:11:data_loader_t] [time elapsed: 0 ms] Initialized data loader
Data size = 7497964768
[BENCHMARK 0] [/home/keveltun/research/recup/veloc/apps/state-diff/include/statediff.hpp:143:client_t] [time elapsed: 0 ms] State-diff client 1 initialized
[INFO 0] [/home/keveltun/research/recup/veloc/apps/state-diff/src/loader/host_cache.cpp:50:set_reader] Host (0)- Setting reader to read from file
[INFO 0] [/home/keveltun/research/recup/veloc/apps/state-diff/src/loader/host_cache.cpp:32:activate] Host (0)- Started fetch thread on host cache
[INFO 0] [/home/keveltun/research/recup/veloc/apps/state-diff/src/loader/data_loader.cpp:137:file_load] Loader (0)- Creating segments without given file offsets
[BENCHMARK 0] [/home/keveltun/research/recup/veloc/apps/state-diff/src/loader/data_loader.cpp:161:file_load] [time elapsed: 0 ms] Created segments and staged for file read
[BENCHMARK 0] [/home/keveltun/research/recup/veloc/apps/state-diff/src/loader/host_cache.cpp:75:fetch_] [time elapsed: 0 ms] Host (0)- Waited any batch for host fetch
[INFO 0] [/home/keveltun/research/recup/veloc/apps/state-diff/src/loader/host_cache.cpp:138:get_completed] Host (0)- Getting completed jobs from ready_q
[BENCHMARK 2] [/home/keveltun/research/recup/veloc/apps/state-diff/src/loader/host_cache.cpp:93:fetch_] [time elapsed: 1994 ms] Host (0)- Fetched 1 batches to host cache
[BENCHMARK 2] [/home/keveltun/research/recup/veloc/apps/state-diff/src/loader/data_loader.cpp:223:next] [time elapsed: 1994 ms] Retrieved pointer to next batch of data for computation
[BENCHMARK 2] [/home/keveltun/research/recup/veloc/apps/state-diff/include/statediff.hpp:203:create] [time elapsed: 2757 ms] State-diff tree -1 created from reader
(1e-07) Chunk size: 4194304, Creation time: 2.75713 seconds, throughput: 2.53271 GB/s
Evicting /lus/eagle/projects/RECUP/kassogba/veloc-ckpt/haac/sc-experiments/4gpus/np796-500mil/run1/m000p.mpirestart-combined-0-40.dat
Evicting /lus/eagle/projects/RECUP/kassogba/veloc-ckpt/haac/sc-experiments/4gpus/np796-500mil/run1/m000p.mpirestart-combined-0-20.dat
Evicting /lus/eagle/projects/RECUP/kassogba/veloc-ckpt/haac/sc-experiments/4gpus/np796-500mil/run1/m000p.mpirestart-combined-0-30.dat
Evicting /lus/eagle/projects/RECUP/kassogba/veloc-ckpt/haac/sc-experiments/4gpus/np796-500mil/run1/m000p.mpirestart-combined-0-10.dat

           Files: 4
     Directories: 1
   Evicted Pages: 7324790 (27G)
         Elapsed: 1.9423 seconds
[INFO 0] [/home/keveltun/research/recup/veloc/apps/state-diff/src/loader/host_cache.cpp:11:host_cache_t] Host - Creating a cache of size 16384 MB
[INFO 0] [/home/keveltun/research/recup/veloc/apps/state-diff/src/loader/data_loader.cpp:10:data_loader_t] Loader - host and device caches initialized
[BENCHMARK 0] [/home/keveltun/research/recup/veloc/apps/state-diff/src/loader/data_loader.cpp:11:data_loader_t] [time elapsed: 0 ms] Initialized data loader
Data size = 7497964768
[BENCHMARK 0] [/home/keveltun/research/recup/veloc/apps/state-diff/include/statediff.hpp:143:client_t] [time elapsed: 0 ms] State-diff client 1 initialized
[INFO 0] [/home/keveltun/research/recup/veloc/apps/state-diff/src/loader/host_cache.cpp:50:set_reader] Host (0)- Setting reader to read from file
[INFO 0] [/home/keveltun/research/recup/veloc/apps/state-diff/src/loader/host_cache.cpp:32:activate] Host (0)- Started fetch thread on host cache
[INFO 0] [/home/keveltun/research/recup/veloc/apps/state-diff/src/loader/data_loader.cpp:137:file_load] Loader (0)- Creating segments without given file offsets
[BENCHMARK 0] [/home/keveltun/research/recup/veloc/apps/state-diff/src/loader/data_loader.cpp:161:file_load] [time elapsed: 0 ms] Created segments and staged for file read
[BENCHMARK 0] [/home/keveltun/research/recup/veloc/apps/state-diff/src/loader/host_cache.cpp:75:fetch_] [time elapsed: 0 ms] Host (0)- Waited any batch for host fetch
[INFO 0] [/home/keveltun/research/recup/veloc/apps/state-diff/src/loader/host_cache.cpp:138:get_completed] Host (0)- Getting completed jobs from ready_q
[BENCHMARK 2] [/home/keveltun/research/recup/veloc/apps/state-diff/src/loader/host_cache.cpp:93:fetch_] [time elapsed: 2103 ms] Host (0)- Fetched 1 batches to host cache
[BENCHMARK 2] [/home/keveltun/research/recup/veloc/apps/state-diff/src/loader/data_loader.cpp:223:next] [time elapsed: 2103 ms] Retrieved pointer to next batch of data for computation
[BENCHMARK 3] [/home/keveltun/research/recup/veloc/apps/state-diff/include/statediff.hpp:203:create] [time elapsed: 3188 ms] State-diff tree -1 created from reader
(0.01) Chunk size: 8388608, Creation time: 3.1881 seconds, throughput: 2.19034 GB/s
Evicting /lus/eagle/projects/RECUP/kassogba/veloc-ckpt/haac/sc-experiments/4gpus/np796-500mil/run1/m000p.mpirestart-combined-0-40.dat
Evicting /lus/eagle/projects/RECUP/kassogba/veloc-ckpt/haac/sc-experiments/4gpus/np796-500mil/run1/m000p.mpirestart-combined-0-20.dat
Evicting /lus/eagle/projects/RECUP/kassogba/veloc-ckpt/haac/sc-experiments/4gpus/np796-500mil/run1/m000p.mpirestart-combined-0-30.dat
Evicting /lus/eagle/projects/RECUP/kassogba/veloc-ckpt/haac/sc-experiments/4gpus/np796-500mil/run1/m000p.mpirestart-combined-0-10.dat

           Files: 4
     Directories: 1
   Evicted Pages: 7324790 (27G)
         Elapsed: 1.9341 seconds
[INFO 0] [/home/keveltun/research/recup/veloc/apps/state-diff/src/loader/host_cache.cpp:11:host_cache_t] Host - Creating a cache of size 16384 MB
[INFO 0] [/home/keveltun/research/recup/veloc/apps/state-diff/src/loader/data_loader.cpp:10:data_loader_t] Loader - host and device caches initialized
[BENCHMARK 0] [/home/keveltun/research/recup/veloc/apps/state-diff/src/loader/data_loader.cpp:11:data_loader_t] [time elapsed: 0 ms] Initialized data loader
Data size = 7497964768
[BENCHMARK 0] [/home/keveltun/research/recup/veloc/apps/state-diff/include/statediff.hpp:143:client_t] [time elapsed: 0 ms] State-diff client 1 initialized
[INFO 0] [/home/keveltun/research/recup/veloc/apps/state-diff/src/loader/host_cache.cpp:50:set_reader] Host (0)- Setting reader to read from file
[INFO 0] [/home/keveltun/research/recup/veloc/apps/state-diff/src/loader/host_cache.cpp:32:activate] Host (0)- Started fetch thread on host cache
[INFO 0] [/home/keveltun/research/recup/veloc/apps/state-diff/src/loader/data_loader.cpp:137:file_load] Loader (0)- Creating segments without given file offsets
[BENCHMARK 0] [/home/keveltun/research/recup/veloc/apps/state-diff/src/loader/data_loader.cpp:161:file_load] [time elapsed: 0 ms] Created segments and staged for file read
[BENCHMARK 0] [/home/keveltun/research/recup/veloc/apps/state-diff/src/loader/host_cache.cpp:75:fetch_] [time elapsed: 0 ms] Host (0)- Waited any batch for host fetch
[INFO 0] [/home/keveltun/research/recup/veloc/apps/state-diff/src/loader/host_cache.cpp:138:get_completed] Host (0)- Getting completed jobs from ready_q
[BENCHMARK 2] [/home/keveltun/research/recup/veloc/apps/state-diff/src/loader/host_cache.cpp:93:fetch_] [time elapsed: 2213 ms] Host (0)- Fetched 1 batches to host cache
[BENCHMARK 2] [/home/keveltun/research/recup/veloc/apps/state-diff/src/loader/data_loader.cpp:223:next] [time elapsed: 2213 ms] Retrieved pointer to next batch of data for computation
[BENCHMARK 2] [/home/keveltun/research/recup/veloc/apps/state-diff/include/statediff.hpp:203:create] [time elapsed: 2974 ms] State-diff tree -1 created from reader
(0.0001) Chunk size: 8388608, Creation time: 2.97466 seconds, throughput: 2.34751 GB/s
Evicting /lus/eagle/projects/RECUP/kassogba/veloc-ckpt/haac/sc-experiments/4gpus/np796-500mil/run1/m000p.mpirestart-combined-0-40.dat
Evicting /lus/eagle/projects/RECUP/kassogba/veloc-ckpt/haac/sc-experiments/4gpus/np796-500mil/run1/m000p.mpirestart-combined-0-20.dat
Evicting /lus/eagle/projects/RECUP/kassogba/veloc-ckpt/haac/sc-experiments/4gpus/np796-500mil/run1/m000p.mpirestart-combined-0-30.dat
Evicting /lus/eagle/projects/RECUP/kassogba/veloc-ckpt/haac/sc-experiments/4gpus/np796-500mil/run1/m000p.mpirestart-combined-0-10.dat

           Files: 4
     Directories: 1
   Evicted Pages: 7324790 (27G)
         Elapsed: 1.9331 seconds
[INFO 0] [/home/keveltun/research/recup/veloc/apps/state-diff/src/loader/host_cache.cpp:11:host_cache_t] Host - Creating a cache of size 16384 MB
[INFO 0] [/home/keveltun/research/recup/veloc/apps/state-diff/src/loader/data_loader.cpp:10:data_loader_t] Loader - host and device caches initialized
[BENCHMARK 0] [/home/keveltun/research/recup/veloc/apps/state-diff/src/loader/data_loader.cpp:11:data_loader_t] [time elapsed: 0 ms] Initialized data loader
Data size = 7497964768
[BENCHMARK 0] [/home/keveltun/research/recup/veloc/apps/state-diff/include/statediff.hpp:143:client_t] [time elapsed: 0 ms] State-diff client 1 initialized
[INFO 0] [/home/keveltun/research/recup/veloc/apps/state-diff/src/loader/host_cache.cpp:50:set_reader] Host (0)- Setting reader to read from file
[INFO 0] [/home/keveltun/research/recup/veloc/apps/state-diff/src/loader/host_cache.cpp:32:activate] Host (0)- Started fetch thread on host cache
[INFO 0] [/home/keveltun/research/recup/veloc/apps/state-diff/src/loader/data_loader.cpp:137:file_load] Loader (0)- Creating segments without given file offsets
[BENCHMARK 0] [/home/keveltun/research/recup/veloc/apps/state-diff/src/loader/data_loader.cpp:161:file_load] [time elapsed: 0 ms] Created segments and staged for file read
[BENCHMARK 0] [/home/keveltun/research/recup/veloc/apps/state-diff/src/loader/host_cache.cpp:75:fetch_] [time elapsed: 0 ms] Host (0)- Waited any batch for host fetch
[INFO 0] [/home/keveltun/research/recup/veloc/apps/state-diff/src/loader/host_cache.cpp:138:get_completed] Host (0)- Getting completed jobs from ready_q
[BENCHMARK 2] [/home/keveltun/research/recup/veloc/apps/state-diff/src/loader/host_cache.cpp:93:fetch_] [time elapsed: 2168 ms] Host (0)- Fetched 1 batches to host cache
[BENCHMARK 2] [/home/keveltun/research/recup/veloc/apps/state-diff/src/loader/data_loader.cpp:223:next] [time elapsed: 2168 ms] Retrieved pointer to next batch of data for computation
[BENCHMARK 2] [/home/keveltun/research/recup/veloc/apps/state-diff/include/statediff.hpp:203:create] [time elapsed: 2924 ms] State-diff tree -1 created from reader
(1e-07) Chunk size: 8388608, Creation time: 2.92456 seconds, throughput: 2.38772 GB/s
Evicting /lus/eagle/projects/RECUP/kassogba/veloc-ckpt/haac/sc-experiments/4gpus/np796-500mil/run1/m000p.mpirestart-combined-0-40.dat
Evicting /lus/eagle/projects/RECUP/kassogba/veloc-ckpt/haac/sc-experiments/4gpus/np796-500mil/run1/m000p.mpirestart-combined-0-20.dat
Evicting /lus/eagle/projects/RECUP/kassogba/veloc-ckpt/haac/sc-experiments/4gpus/np796-500mil/run1/m000p.mpirestart-combined-0-30.dat
Evicting /lus/eagle/projects/RECUP/kassogba/veloc-ckpt/haac/sc-experiments/4gpus/np796-500mil/run1/m000p.mpirestart-combined-0-10.dat

           Files: 4
     Directories: 1
   Evicted Pages: 7324790 (27G)
         Elapsed: 1.9274 seconds
[INFO 0] [/home/keveltun/research/recup/veloc/apps/state-diff/src/loader/host_cache.cpp:11:host_cache_t] Host - Creating a cache of size 16384 MB
[INFO 0] [/home/keveltun/research/recup/veloc/apps/state-diff/src/loader/data_loader.cpp:10:data_loader_t] Loader - host and device caches initialized
[BENCHMARK 0] [/home/keveltun/research/recup/veloc/apps/state-diff/src/loader/data_loader.cpp:11:data_loader_t] [time elapsed: 0 ms] Initialized data loader
Data size = 7497964768
[BENCHMARK 0] [/home/keveltun/research/recup/veloc/apps/state-diff/include/statediff.hpp:143:client_t] [time elapsed: 7 ms] State-diff client 1 initialized
[INFO 0] [/home/keveltun/research/recup/veloc/apps/state-diff/src/loader/host_cache.cpp:50:set_reader] Host (0)- Setting reader to read from file
[INFO 0] [/home/keveltun/research/recup/veloc/apps/state-diff/src/loader/host_cache.cpp:32:activate] Host (0)- Started fetch thread on host cache
[INFO 0] [/home/keveltun/research/recup/veloc/apps/state-diff/src/loader/data_loader.cpp:137:file_load] Loader (0)- Creating segments without given file offsets
[BENCHMARK 0] [/home/keveltun/research/recup/veloc/apps/state-diff/src/loader/data_loader.cpp:161:file_load] [time elapsed: 6 ms] Created segments and staged for file read
[BENCHMARK 0] [/home/keveltun/research/recup/veloc/apps/state-diff/src/loader/host_cache.cpp:75:fetch_] [time elapsed: 6 ms] Host (0)- Waited any batch for host fetch
[INFO 0] [/home/keveltun/research/recup/veloc/apps/state-diff/src/loader/host_cache.cpp:138:get_completed] Host (0)- Getting completed jobs from ready_q
[BENCHMARK 6] [/home/keveltun/research/recup/veloc/apps/state-diff/src/loader/host_cache.cpp:93:fetch_] [time elapsed: 6811 ms] Host (0)- Fetched 1 batches to host cache
[BENCHMARK 6] [/home/keveltun/research/recup/veloc/apps/state-diff/src/loader/data_loader.cpp:223:next] [time elapsed: 6811 ms] Retrieved pointer to next batch of data for computation
[BENCHMARK 7] [/home/keveltun/research/recup/veloc/apps/state-diff/include/statediff.hpp:203:create] [time elapsed: 7891 ms] State-diff tree -1 created from reader
(0.01) Chunk size: 4096, Creation time: 7.89108 seconds, throughput: 0.884926 GB/s
Evicting /lus/eagle/projects/RECUP/kassogba/veloc-ckpt/haac/sc-experiments/4gpus/np796-500mil/run1/m000p.mpirestart-combined-0-40.dat
Evicting /lus/eagle/projects/RECUP/kassogba/veloc-ckpt/haac/sc-experiments/4gpus/np796-500mil/run1/m000p.mpirestart-combined-0-20.dat
Evicting /lus/eagle/projects/RECUP/kassogba/veloc-ckpt/haac/sc-experiments/4gpus/np796-500mil/run1/m000p.mpirestart-combined-0-30.dat
Evicting /lus/eagle/projects/RECUP/kassogba/veloc-ckpt/haac/sc-experiments/4gpus/np796-500mil/run1/m000p.mpirestart-combined-0-10.dat

           Files: 4
     Directories: 1
   Evicted Pages: 7324790 (27G)
         Elapsed: 1.9517 seconds
[INFO 0] [/home/keveltun/research/recup/veloc/apps/state-diff/src/loader/host_cache.cpp:11:host_cache_t] Host - Creating a cache of size 16384 MB
[INFO 0] [/home/keveltun/research/recup/veloc/apps/state-diff/src/loader/data_loader.cpp:10:data_loader_t] Loader - host and device caches initialized
[BENCHMARK 0] [/home/keveltun/research/recup/veloc/apps/state-diff/src/loader/data_loader.cpp:11:data_loader_t] [time elapsed: 0 ms] Initialized data loader
Data size = 7497964768
[BENCHMARK 0] [/home/keveltun/research/recup/veloc/apps/state-diff/include/statediff.hpp:143:client_t] [time elapsed: 7 ms] State-diff client 1 initialized
[INFO 0] [/home/keveltun/research/recup/veloc/apps/state-diff/src/loader/host_cache.cpp:50:set_reader] Host (0)- Setting reader to read from file
[INFO 0] [/home/keveltun/research/recup/veloc/apps/state-diff/src/loader/host_cache.cpp:32:activate] Host (0)- Started fetch thread on host cache
[INFO 0] [/home/keveltun/research/recup/veloc/apps/state-diff/src/loader/data_loader.cpp:137:file_load] Loader (0)- Creating segments without given file offsets
[BENCHMARK 0] [/home/keveltun/research/recup/veloc/apps/state-diff/src/loader/data_loader.cpp:161:file_load] [time elapsed: 6 ms] Created segments and staged for file read
[BENCHMARK 0] [/home/keveltun/research/recup/veloc/apps/state-diff/src/loader/host_cache.cpp:75:fetch_] [time elapsed: 6 ms] Host (0)- Waited any batch for host fetch
[INFO 0] [/home/keveltun/research/recup/veloc/apps/state-diff/src/loader/host_cache.cpp:138:get_completed] Host (0)- Getting completed jobs from ready_q
[BENCHMARK 7] [/home/keveltun/research/recup/veloc/apps/state-diff/src/loader/host_cache.cpp:93:fetch_] [time elapsed: 7081 ms] Host (0)- Fetched 1 batches to host cache
[BENCHMARK 7] [/home/keveltun/research/recup/veloc/apps/state-diff/src/loader/data_loader.cpp:223:next] [time elapsed: 7081 ms] Retrieved pointer to next batch of data for computation
[BENCHMARK 7] [/home/keveltun/research/recup/veloc/apps/state-diff/include/statediff.hpp:203:create] [time elapsed: 7842 ms] State-diff tree -1 created from reader
(0.0001) Chunk size: 4096, Creation time: 7.84294 seconds, throughput: 0.890358 GB/s
Evicting /lus/eagle/projects/RECUP/kassogba/veloc-ckpt/haac/sc-experiments/4gpus/np796-500mil/run1/m000p.mpirestart-combined-0-40.dat
Evicting /lus/eagle/projects/RECUP/kassogba/veloc-ckpt/haac/sc-experiments/4gpus/np796-500mil/run1/m000p.mpirestart-combined-0-20.dat
Evicting /lus/eagle/projects/RECUP/kassogba/veloc-ckpt/haac/sc-experiments/4gpus/np796-500mil/run1/m000p.mpirestart-combined-0-30.dat
Evicting /lus/eagle/projects/RECUP/kassogba/veloc-ckpt/haac/sc-experiments/4gpus/np796-500mil/run1/m000p.mpirestart-combined-0-10.dat

           Files: 4
     Directories: 1
   Evicted Pages: 7324790 (27G)
         Elapsed: 1.9614 seconds
[INFO 0] [/home/keveltun/research/recup/veloc/apps/state-diff/src/loader/host_cache.cpp:11:host_cache_t] Host - Creating a cache of size 16384 MB
[INFO 0] [/home/keveltun/research/recup/veloc/apps/state-diff/src/loader/data_loader.cpp:10:data_loader_t] Loader - host and device caches initialized
[BENCHMARK 0] [/home/keveltun/research/recup/veloc/apps/state-diff/src/loader/data_loader.cpp:11:data_loader_t] [time elapsed: 0 ms] Initialized data loader
Data size = 7497964768
[BENCHMARK 0] [/home/keveltun/research/recup/veloc/apps/state-diff/include/statediff.hpp:143:client_t] [time elapsed: 8 ms] State-diff client 1 initialized
[INFO 0] [/home/keveltun/research/recup/veloc/apps/state-diff/src/loader/host_cache.cpp:50:set_reader] Host (0)- Setting reader to read from file
[INFO 0] [/home/keveltun/research/recup/veloc/apps/state-diff/src/loader/host_cache.cpp:32:activate] Host (0)- Started fetch thread on host cache
[INFO 0] [/home/keveltun/research/recup/veloc/apps/state-diff/src/loader/data_loader.cpp:137:file_load] Loader (0)- Creating segments without given file offsets
[BENCHMARK 0] [/home/keveltun/research/recup/veloc/apps/state-diff/src/loader/data_loader.cpp:161:file_load] [time elapsed: 6 ms] Created segments and staged for file read
[BENCHMARK 0] [/home/keveltun/research/recup/veloc/apps/state-diff/src/loader/host_cache.cpp:75:fetch_] [time elapsed: 6 ms] Host (0)- Waited any batch for host fetch
[INFO 0] [/home/keveltun/research/recup/veloc/apps/state-diff/src/loader/host_cache.cpp:138:get_completed] Host (0)- Getting completed jobs from ready_q
[BENCHMARK 7] [/home/keveltun/research/recup/veloc/apps/state-diff/src/loader/host_cache.cpp:93:fetch_] [time elapsed: 7128 ms] Host (0)- Fetched 1 batches to host cache
[BENCHMARK 7] [/home/keveltun/research/recup/veloc/apps/state-diff/src/loader/data_loader.cpp:223:next] [time elapsed: 7128 ms] Retrieved pointer to next batch of data for computation
[BENCHMARK 7] [/home/keveltun/research/recup/veloc/apps/state-diff/include/statediff.hpp:203:create] [time elapsed: 7896 ms] State-diff tree -1 created from reader
(1e-07) Chunk size: 4096, Creation time: 7.89661 seconds, throughput: 0.884307 GB/s
Evicting /lus/eagle/projects/RECUP/kassogba/veloc-ckpt/haac/sc-experiments/4gpus/np796-500mil/run1/m000p.mpirestart-combined-0-40.dat
Evicting /lus/eagle/projects/RECUP/kassogba/veloc-ckpt/haac/sc-experiments/4gpus/np796-500mil/run1/m000p.mpirestart-combined-0-20.dat
Evicting /lus/eagle/projects/RECUP/kassogba/veloc-ckpt/haac/sc-experiments/4gpus/np796-500mil/run1/m000p.mpirestart-combined-0-30.dat
Evicting /lus/eagle/projects/RECUP/kassogba/veloc-ckpt/haac/sc-experiments/4gpus/np796-500mil/run1/m000p.mpirestart-combined-0-10.dat

           Files: 4
     Directories: 1
   Evicted Pages: 7324790 (27G)
         Elapsed: 1.9569 seconds
[INFO 0] [/home/keveltun/research/recup/veloc/apps/state-diff/src/loader/host_cache.cpp:11:host_cache_t] Host - Creating a cache of size 16384 MB
[INFO 0] [/home/keveltun/research/recup/veloc/apps/state-diff/src/loader/data_loader.cpp:10:data_loader_t] Loader - host and device caches initialized
[BENCHMARK 0] [/home/keveltun/research/recup/veloc/apps/state-diff/src/loader/data_loader.cpp:11:data_loader_t] [time elapsed: 0 ms] Initialized data loader
Data size = 7497964768
[BENCHMARK 0] [/home/keveltun/research/recup/veloc/apps/state-diff/include/statediff.hpp:143:client_t] [time elapsed: 5 ms] State-diff client 1 initialized
[INFO 0] [/home/keveltun/research/recup/veloc/apps/state-diff/src/loader/host_cache.cpp:50:set_reader] Host (0)- Setting reader to read from file
[INFO 0] [/home/keveltun/research/recup/veloc/apps/state-diff/src/loader/host_cache.cpp:32:activate] Host (0)- Started fetch thread on host cache
[INFO 0] [/home/keveltun/research/recup/veloc/apps/state-diff/src/loader/data_loader.cpp:137:file_load] Loader (0)- Creating segments without given file offsets
[BENCHMARK 0] [/home/keveltun/research/recup/veloc/apps/state-diff/src/loader/data_loader.cpp:161:file_load] [time elapsed: 3 ms] Created segments and staged for file read
[BENCHMARK 0] [/home/keveltun/research/recup/veloc/apps/state-diff/src/loader/host_cache.cpp:75:fetch_] [time elapsed: 3 ms] Host (0)- Waited any batch for host fetch
[INFO 0] [/home/keveltun/research/recup/veloc/apps/state-diff/src/loader/host_cache.cpp:138:get_completed] Host (0)- Getting completed jobs from ready_q
[BENCHMARK 6] [/home/keveltun/research/recup/veloc/apps/state-diff/src/loader/host_cache.cpp:93:fetch_] [time elapsed: 6281 ms] Host (0)- Fetched 1 batches to host cache
[BENCHMARK 6] [/home/keveltun/research/recup/veloc/apps/state-diff/src/loader/data_loader.cpp:223:next] [time elapsed: 6281 ms] Retrieved pointer to next batch of data for computation
[BENCHMARK 7] [/home/keveltun/research/recup/veloc/apps/state-diff/include/statediff.hpp:203:create] [time elapsed: 7357 ms] State-diff tree -1 created from reader
(0.01) Chunk size: 8192, Creation time: 7.35713 seconds, throughput: 0.949151 GB/s
Evicting /lus/eagle/projects/RECUP/kassogba/veloc-ckpt/haac/sc-experiments/4gpus/np796-500mil/run1/m000p.mpirestart-combined-0-40.dat
Evicting /lus/eagle/projects/RECUP/kassogba/veloc-ckpt/haac/sc-experiments/4gpus/np796-500mil/run1/m000p.mpirestart-combined-0-20.dat
Evicting /lus/eagle/projects/RECUP/kassogba/veloc-ckpt/haac/sc-experiments/4gpus/np796-500mil/run1/m000p.mpirestart-combined-0-30.dat
Evicting /lus/eagle/projects/RECUP/kassogba/veloc-ckpt/haac/sc-experiments/4gpus/np796-500mil/run1/m000p.mpirestart-combined-0-10.dat

           Files: 4
     Directories: 1
   Evicted Pages: 7324790 (27G)
         Elapsed: 1.9662 seconds
[INFO 0] [/home/keveltun/research/recup/veloc/apps/state-diff/src/loader/host_cache.cpp:11:host_cache_t] Host - Creating a cache of size 16384 MB
[INFO 0] [/home/keveltun/research/recup/veloc/apps/state-diff/src/loader/data_loader.cpp:10:data_loader_t] Loader - host and device caches initialized
[BENCHMARK 0] [/home/keveltun/research/recup/veloc/apps/state-diff/src/loader/data_loader.cpp:11:data_loader_t] [time elapsed: 0 ms] Initialized data loader
Data size = 7497964768
[BENCHMARK 0] [/home/keveltun/research/recup/veloc/apps/state-diff/include/statediff.hpp:143:client_t] [time elapsed: 5 ms] State-diff client 1 initialized
[INFO 0] [/home/keveltun/research/recup/veloc/apps/state-diff/src/loader/host_cache.cpp:50:set_reader] Host (0)- Setting reader to read from file
[INFO 0] [/home/keveltun/research/recup/veloc/apps/state-diff/src/loader/host_cache.cpp:32:activate] Host (0)- Started fetch thread on host cache
[INFO 0] [/home/keveltun/research/recup/veloc/apps/state-diff/src/loader/data_loader.cpp:137:file_load] Loader (0)- Creating segments without given file offsets
[BENCHMARK 0] [/home/keveltun/research/recup/veloc/apps/state-diff/src/loader/data_loader.cpp:161:file_load] [time elapsed: 3 ms] Created segments and staged for file read
[BENCHMARK 0] [/home/keveltun/research/recup/veloc/apps/state-diff/src/loader/host_cache.cpp:75:fetch_] [time elapsed: 3 ms] Host (0)- Waited any batch for host fetch
[INFO 0] [/home/keveltun/research/recup/veloc/apps/state-diff/src/loader/host_cache.cpp:138:get_completed] Host (0)- Getting completed jobs from ready_q
[BENCHMARK 6] [/home/keveltun/research/recup/veloc/apps/state-diff/src/loader/host_cache.cpp:93:fetch_] [time elapsed: 6138 ms] Host (0)- Fetched 1 batches to host cache
[BENCHMARK 6] [/home/keveltun/research/recup/veloc/apps/state-diff/src/loader/data_loader.cpp:223:next] [time elapsed: 6138 ms] Retrieved pointer to next batch of data for computation
[BENCHMARK 6] [/home/keveltun/research/recup/veloc/apps/state-diff/include/statediff.hpp:203:create] [time elapsed: 6907 ms] State-diff tree -1 created from reader
(0.0001) Chunk size: 8192, Creation time: 6.90704 seconds, throughput: 1.011 GB/s
Evicting /lus/eagle/projects/RECUP/kassogba/veloc-ckpt/haac/sc-experiments/4gpus/np796-500mil/run1/m000p.mpirestart-combined-0-40.dat
Evicting /lus/eagle/projects/RECUP/kassogba/veloc-ckpt/haac/sc-experiments/4gpus/np796-500mil/run1/m000p.mpirestart-combined-0-20.dat
Evicting /lus/eagle/projects/RECUP/kassogba/veloc-ckpt/haac/sc-experiments/4gpus/np796-500mil/run1/m000p.mpirestart-combined-0-30.dat
Evicting /lus/eagle/projects/RECUP/kassogba/veloc-ckpt/haac/sc-experiments/4gpus/np796-500mil/run1/m000p.mpirestart-combined-0-10.dat

           Files: 4
     Directories: 1
   Evicted Pages: 7324790 (27G)
         Elapsed: 1.9733 seconds
[INFO 0] [/home/keveltun/research/recup/veloc/apps/state-diff/src/loader/host_cache.cpp:11:host_cache_t] Host - Creating a cache of size 16384 MB
[INFO 0] [/home/keveltun/research/recup/veloc/apps/state-diff/src/loader/data_loader.cpp:10:data_loader_t] Loader - host and device caches initialized
[BENCHMARK 0] [/home/keveltun/research/recup/veloc/apps/state-diff/src/loader/data_loader.cpp:11:data_loader_t] [time elapsed: 0 ms] Initialized data loader
Data size = 7497964768
[BENCHMARK 0] [/home/keveltun/research/recup/veloc/apps/state-diff/include/statediff.hpp:143:client_t] [time elapsed: 5 ms] State-diff client 1 initialized
[INFO 0] [/home/keveltun/research/recup/veloc/apps/state-diff/src/loader/host_cache.cpp:50:set_reader] Host (0)- Setting reader to read from file
[INFO 0] [/home/keveltun/research/recup/veloc/apps/state-diff/src/loader/host_cache.cpp:32:activate] Host (0)- Started fetch thread on host cache
[INFO 0] [/home/keveltun/research/recup/veloc/apps/state-diff/src/loader/data_loader.cpp:137:file_load] Loader (0)- Creating segments without given file offsets
[BENCHMARK 0] [/home/keveltun/research/recup/veloc/apps/state-diff/src/loader/data_loader.cpp:161:file_load] [time elapsed: 4 ms] Created segments and staged for file read
[BENCHMARK 0] [/home/keveltun/research/recup/veloc/apps/state-diff/src/loader/host_cache.cpp:75:fetch_] [time elapsed: 4 ms] Host (0)- Waited any batch for host fetch
[INFO 0] [/home/keveltun/research/recup/veloc/apps/state-diff/src/loader/host_cache.cpp:138:get_completed] Host (0)- Getting completed jobs from ready_q
[BENCHMARK 6] [/home/keveltun/research/recup/veloc/apps/state-diff/src/loader/host_cache.cpp:93:fetch_] [time elapsed: 6314 ms] Host (0)- Fetched 1 batches to host cache
[BENCHMARK 6] [/home/keveltun/research/recup/veloc/apps/state-diff/src/loader/data_loader.cpp:223:next] [time elapsed: 6314 ms] Retrieved pointer to next batch of data for computation
[BENCHMARK 7] [/home/keveltun/research/recup/veloc/apps/state-diff/include/statediff.hpp:203:create] [time elapsed: 7078 ms] State-diff tree -1 created from reader
(1e-07) Chunk size: 8192, Creation time: 7.07864 seconds, throughput: 0.986492 GB/s
Evicting /lus/eagle/projects/RECUP/kassogba/veloc-ckpt/haac/sc-experiments/4gpus/np796-500mil/run1/m000p.mpirestart-combined-0-40.dat
Evicting /lus/eagle/projects/RECUP/kassogba/veloc-ckpt/haac/sc-experiments/4gpus/np796-500mil/run1/m000p.mpirestart-combined-0-20.dat
Evicting /lus/eagle/projects/RECUP/kassogba/veloc-ckpt/haac/sc-experiments/4gpus/np796-500mil/run1/m000p.mpirestart-combined-0-30.dat
Evicting /lus/eagle/projects/RECUP/kassogba/veloc-ckpt/haac/sc-experiments/4gpus/np796-500mil/run1/m000p.mpirestart-combined-0-10.dat

           Files: 4
     Directories: 1
   Evicted Pages: 7324790 (27G)
         Elapsed: 1.9481 seconds
[INFO 0] [/home/keveltun/research/recup/veloc/apps/state-diff/src/loader/host_cache.cpp:11:host_cache_t] Host - Creating a cache of size 16384 MB
[INFO 0] [/home/keveltun/research/recup/veloc/apps/state-diff/src/loader/data_loader.cpp:10:data_loader_t] Loader - host and device caches initialized
[BENCHMARK 0] [/home/keveltun/research/recup/veloc/apps/state-diff/src/loader/data_loader.cpp:11:data_loader_t] [time elapsed: 0 ms] Initialized data loader
Data size = 7497964768
[BENCHMARK 0] [/home/keveltun/research/recup/veloc/apps/state-diff/include/statediff.hpp:143:client_t] [time elapsed: 3 ms] State-diff client 1 initialized
[INFO 0] [/home/keveltun/research/recup/veloc/apps/state-diff/src/loader/host_cache.cpp:50:set_reader] Host (0)- Setting reader to read from file
[INFO 0] [/home/keveltun/research/recup/veloc/apps/state-diff/src/loader/host_cache.cpp:32:activate] Host (0)- Started fetch thread on host cache
[INFO 0] [/home/keveltun/research/recup/veloc/apps/state-diff/src/loader/data_loader.cpp:137:file_load] Loader (0)- Creating segments without given file offsets
[BENCHMARK 0] [/home/keveltun/research/recup/veloc/apps/state-diff/src/loader/data_loader.cpp:161:file_load] [time elapsed: 2 ms] Created segments and staged for file read
[BENCHMARK 0] [/home/keveltun/research/recup/veloc/apps/state-diff/src/loader/host_cache.cpp:75:fetch_] [time elapsed: 2 ms] Host (0)- Waited any batch for host fetch
[INFO 0] [/home/keveltun/research/recup/veloc/apps/state-diff/src/loader/host_cache.cpp:138:get_completed] Host (0)- Getting completed jobs from ready_q
[BENCHMARK 6] [/home/keveltun/research/recup/veloc/apps/state-diff/src/loader/host_cache.cpp:93:fetch_] [time elapsed: 6103 ms] Host (0)- Fetched 1 batches to host cache
[BENCHMARK 6] [/home/keveltun/research/recup/veloc/apps/state-diff/src/loader/data_loader.cpp:223:next] [time elapsed: 6103 ms] Retrieved pointer to next batch of data for computation
[BENCHMARK 7] [/home/keveltun/research/recup/veloc/apps/state-diff/include/statediff.hpp:203:create] [time elapsed: 7176 ms] State-diff tree -1 created from reader
(0.01) Chunk size: 16384, Creation time: 7.17634 seconds, throughput: 0.973062 GB/s
Evicting /lus/eagle/projects/RECUP/kassogba/veloc-ckpt/haac/sc-experiments/4gpus/np796-500mil/run1/m000p.mpirestart-combined-0-40.dat
Evicting /lus/eagle/projects/RECUP/kassogba/veloc-ckpt/haac/sc-experiments/4gpus/np796-500mil/run1/m000p.mpirestart-combined-0-20.dat
Evicting /lus/eagle/projects/RECUP/kassogba/veloc-ckpt/haac/sc-experiments/4gpus/np796-500mil/run1/m000p.mpirestart-combined-0-30.dat
Evicting /lus/eagle/projects/RECUP/kassogba/veloc-ckpt/haac/sc-experiments/4gpus/np796-500mil/run1/m000p.mpirestart-combined-0-10.dat

           Files: 4
     Directories: 1
   Evicted Pages: 7324790 (27G)
         Elapsed: 1.9447 seconds
[INFO 0] [/home/keveltun/research/recup/veloc/apps/state-diff/src/loader/host_cache.cpp:11:host_cache_t] Host - Creating a cache of size 16384 MB
[INFO 0] [/home/keveltun/research/recup/veloc/apps/state-diff/src/loader/data_loader.cpp:10:data_loader_t] Loader - host and device caches initialized
[BENCHMARK 0] [/home/keveltun/research/recup/veloc/apps/state-diff/src/loader/data_loader.cpp:11:data_loader_t] [time elapsed: 0 ms] Initialized data loader
Data size = 7497964768
[BENCHMARK 0] [/home/keveltun/research/recup/veloc/apps/state-diff/include/statediff.hpp:143:client_t] [time elapsed: 3 ms] State-diff client 1 initialized
[INFO 0] [/home/keveltun/research/recup/veloc/apps/state-diff/src/loader/host_cache.cpp:50:set_reader] Host (0)- Setting reader to read from file
[INFO 0] [/home/keveltun/research/recup/veloc/apps/state-diff/src/loader/host_cache.cpp:32:activate] Host (0)- Started fetch thread on host cache
[INFO 0] [/home/keveltun/research/recup/veloc/apps/state-diff/src/loader/data_loader.cpp:137:file_load] Loader (0)- Creating segments without given file offsets
[BENCHMARK 0] [/home/keveltun/research/recup/veloc/apps/state-diff/src/loader/data_loader.cpp:161:file_load] [time elapsed: 2 ms] Created segments and staged for file read
[BENCHMARK 0] [/home/keveltun/research/recup/veloc/apps/state-diff/src/loader/host_cache.cpp:75:fetch_] [time elapsed: 2 ms] Host (0)- Waited any batch for host fetch
[INFO 0] [/home/keveltun/research/recup/veloc/apps/state-diff/src/loader/host_cache.cpp:138:get_completed] Host (0)- Getting completed jobs from ready_q
[BENCHMARK 6] [/home/keveltun/research/recup/veloc/apps/state-diff/src/loader/host_cache.cpp:93:fetch_] [time elapsed: 6263 ms] Host (0)- Fetched 1 batches to host cache
[BENCHMARK 6] [/home/keveltun/research/recup/veloc/apps/state-diff/src/loader/data_loader.cpp:223:next] [time elapsed: 6263 ms] Retrieved pointer to next batch of data for computation
[BENCHMARK 7] [/home/keveltun/research/recup/veloc/apps/state-diff/include/statediff.hpp:203:create] [time elapsed: 7025 ms] State-diff tree -1 created from reader
(0.0001) Chunk size: 16384, Creation time: 7.02563 seconds, throughput: 0.993936 GB/s
Evicting /lus/eagle/projects/RECUP/kassogba/veloc-ckpt/haac/sc-experiments/4gpus/np796-500mil/run1/m000p.mpirestart-combined-0-40.dat
Evicting /lus/eagle/projects/RECUP/kassogba/veloc-ckpt/haac/sc-experiments/4gpus/np796-500mil/run1/m000p.mpirestart-combined-0-20.dat
Evicting /lus/eagle/projects/RECUP/kassogba/veloc-ckpt/haac/sc-experiments/4gpus/np796-500mil/run1/m000p.mpirestart-combined-0-30.dat
Evicting /lus/eagle/projects/RECUP/kassogba/veloc-ckpt/haac/sc-experiments/4gpus/np796-500mil/run1/m000p.mpirestart-combined-0-10.dat

           Files: 4
     Directories: 1
   Evicted Pages: 7324790 (27G)
         Elapsed: 1.9563 seconds
[INFO 0] [/home/keveltun/research/recup/veloc/apps/state-diff/src/loader/host_cache.cpp:11:host_cache_t] Host - Creating a cache of size 16384 MB
[INFO 0] [/home/keveltun/research/recup/veloc/apps/state-diff/src/loader/data_loader.cpp:10:data_loader_t] Loader - host and device caches initialized
[BENCHMARK 0] [/home/keveltun/research/recup/veloc/apps/state-diff/src/loader/data_loader.cpp:11:data_loader_t] [time elapsed: 0 ms] Initialized data loader
Data size = 7497964768
[BENCHMARK 0] [/home/keveltun/research/recup/veloc/apps/state-diff/include/statediff.hpp:143:client_t] [time elapsed: 3 ms] State-diff client 1 initialized
[INFO 0] [/home/keveltun/research/recup/veloc/apps/state-diff/src/loader/host_cache.cpp:50:set_reader] Host (0)- Setting reader to read from file
[INFO 0] [/home/keveltun/research/recup/veloc/apps/state-diff/src/loader/host_cache.cpp:32:activate] Host (0)- Started fetch thread on host cache
[INFO 0] [/home/keveltun/research/recup/veloc/apps/state-diff/src/loader/data_loader.cpp:137:file_load] Loader (0)- Creating segments without given file offsets
[BENCHMARK 0] [/home/keveltun/research/recup/veloc/apps/state-diff/src/loader/data_loader.cpp:161:file_load] [time elapsed: 2 ms] Created segments and staged for file read
[BENCHMARK 0] [/home/keveltun/research/recup/veloc/apps/state-diff/src/loader/host_cache.cpp:75:fetch_] [time elapsed: 2 ms] Host (0)- Waited any batch for host fetch
[INFO 0] [/home/keveltun/research/recup/veloc/apps/state-diff/src/loader/host_cache.cpp:138:get_completed] Host (0)- Getting completed jobs from ready_q
[BENCHMARK 6] [/home/keveltun/research/recup/veloc/apps/state-diff/src/loader/host_cache.cpp:93:fetch_] [time elapsed: 6179 ms] Host (0)- Fetched 1 batches to host cache
[BENCHMARK 6] [/home/keveltun/research/recup/veloc/apps/state-diff/src/loader/data_loader.cpp:223:next] [time elapsed: 6179 ms] Retrieved pointer to next batch of data for computation
[BENCHMARK 6] [/home/keveltun/research/recup/veloc/apps/state-diff/include/statediff.hpp:203:create] [time elapsed: 6944 ms] State-diff tree -1 created from reader
(1e-07) Chunk size: 16384, Creation time: 6.94405 seconds, throughput: 1.00561 GB/s
Evicting /lus/eagle/projects/RECUP/kassogba/veloc-ckpt/haac/sc-experiments/4gpus/np796-500mil/run1/m000p.mpirestart-combined-0-40.dat
Evicting /lus/eagle/projects/RECUP/kassogba/veloc-ckpt/haac/sc-experiments/4gpus/np796-500mil/run1/m000p.mpirestart-combined-0-20.dat
Evicting /lus/eagle/projects/RECUP/kassogba/veloc-ckpt/haac/sc-experiments/4gpus/np796-500mil/run1/m000p.mpirestart-combined-0-30.dat
Evicting /lus/eagle/projects/RECUP/kassogba/veloc-ckpt/haac/sc-experiments/4gpus/np796-500mil/run1/m000p.mpirestart-combined-0-10.dat

           Files: 4
     Directories: 1
   Evicted Pages: 7324790 (27G)
         Elapsed: 1.9748 seconds
[INFO 0] [/home/keveltun/research/recup/veloc/apps/state-diff/src/loader/host_cache.cpp:11:host_cache_t] Host - Creating a cache of size 16384 MB
[INFO 0] [/home/keveltun/research/recup/veloc/apps/state-diff/src/loader/data_loader.cpp:10:data_loader_t] Loader - host and device caches initialized
[BENCHMARK 0] [/home/keveltun/research/recup/veloc/apps/state-diff/src/loader/data_loader.cpp:11:data_loader_t] [time elapsed: 0 ms] Initialized data loader
Data size = 7497964768
[BENCHMARK 0] [/home/keveltun/research/recup/veloc/apps/state-diff/include/statediff.hpp:143:client_t] [time elapsed: 3 ms] State-diff client 1 initialized
[INFO 0] [/home/keveltun/research/recup/veloc/apps/state-diff/src/loader/host_cache.cpp:50:set_reader] Host (0)- Setting reader to read from file
[INFO 0] [/home/keveltun/research/recup/veloc/apps/state-diff/src/loader/host_cache.cpp:32:activate] Host (0)- Started fetch thread on host cache
[INFO 0] [/home/keveltun/research/recup/veloc/apps/state-diff/src/loader/data_loader.cpp:137:file_load] Loader (0)- Creating segments without given file offsets
[BENCHMARK 0] [/home/keveltun/research/recup/veloc/apps/state-diff/src/loader/data_loader.cpp:161:file_load] [time elapsed: 1 ms] Created segments and staged for file read
[BENCHMARK 0] [/home/keveltun/research/recup/veloc/apps/state-diff/src/loader/host_cache.cpp:75:fetch_] [time elapsed: 1 ms] Host (0)- Waited any batch for host fetch
[INFO 0] [/home/keveltun/research/recup/veloc/apps/state-diff/src/loader/host_cache.cpp:138:get_completed] Host (0)- Getting completed jobs from ready_q
[BENCHMARK 6] [/home/keveltun/research/recup/veloc/apps/state-diff/src/loader/host_cache.cpp:93:fetch_] [time elapsed: 6032 ms] Host (0)- Fetched 1 batches to host cache
[BENCHMARK 6] [/home/keveltun/research/recup/veloc/apps/state-diff/src/loader/data_loader.cpp:223:next] [time elapsed: 6032 ms] Retrieved pointer to next batch of data for computation
[BENCHMARK 7] [/home/keveltun/research/recup/veloc/apps/state-diff/include/statediff.hpp:203:create] [time elapsed: 7105 ms] State-diff tree -1 created from reader
(0.01) Chunk size: 32768, Creation time: 7.10538 seconds, throughput: 0.98278 GB/s
Evicting /lus/eagle/projects/RECUP/kassogba/veloc-ckpt/haac/sc-experiments/4gpus/np796-500mil/run1/m000p.mpirestart-combined-0-40.dat
Evicting /lus/eagle/projects/RECUP/kassogba/veloc-ckpt/haac/sc-experiments/4gpus/np796-500mil/run1/m000p.mpirestart-combined-0-20.dat
Evicting /lus/eagle/projects/RECUP/kassogba/veloc-ckpt/haac/sc-experiments/4gpus/np796-500mil/run1/m000p.mpirestart-combined-0-30.dat
Evicting /lus/eagle/projects/RECUP/kassogba/veloc-ckpt/haac/sc-experiments/4gpus/np796-500mil/run1/m000p.mpirestart-combined-0-10.dat

           Files: 4
     Directories: 1
   Evicted Pages: 7324790 (27G)
         Elapsed: 1.9512 seconds
[INFO 0] [/home/keveltun/research/recup/veloc/apps/state-diff/src/loader/host_cache.cpp:11:host_cache_t] Host - Creating a cache of size 16384 MB
[INFO 0] [/home/keveltun/research/recup/veloc/apps/state-diff/src/loader/data_loader.cpp:10:data_loader_t] Loader - host and device caches initialized
[BENCHMARK 0] [/home/keveltun/research/recup/veloc/apps/state-diff/src/loader/data_loader.cpp:11:data_loader_t] [time elapsed: 0 ms] Initialized data loader
Data size = 7497964768
[BENCHMARK 0] [/home/keveltun/research/recup/veloc/apps/state-diff/include/statediff.hpp:143:client_t] [time elapsed: 3 ms] State-diff client 1 initialized
[INFO 0] [/home/keveltun/research/recup/veloc/apps/state-diff/src/loader/host_cache.cpp:50:set_reader] Host (0)- Setting reader to read from file
[INFO 0] [/home/keveltun/research/recup/veloc/apps/state-diff/src/loader/host_cache.cpp:32:activate] Host (0)- Started fetch thread on host cache
[INFO 0] [/home/keveltun/research/recup/veloc/apps/state-diff/src/loader/data_loader.cpp:137:file_load] Loader (0)- Creating segments without given file offsets
[BENCHMARK 0] [/home/keveltun/research/recup/veloc/apps/state-diff/src/loader/data_loader.cpp:161:file_load] [time elapsed: 1 ms] Created segments and staged for file read
[BENCHMARK 0] [/home/keveltun/research/recup/veloc/apps/state-diff/src/loader/host_cache.cpp:75:fetch_] [time elapsed: 1 ms] Host (0)- Waited any batch for host fetch
[INFO 0] [/home/keveltun/research/recup/veloc/apps/state-diff/src/loader/host_cache.cpp:138:get_completed] Host (0)- Getting completed jobs from ready_q
[BENCHMARK 6] [/home/keveltun/research/recup/veloc/apps/state-diff/src/loader/host_cache.cpp:93:fetch_] [time elapsed: 6097 ms] Host (0)- Fetched 1 batches to host cache
[BENCHMARK 6] [/home/keveltun/research/recup/veloc/apps/state-diff/src/loader/data_loader.cpp:223:next] [time elapsed: 6097 ms] Retrieved pointer to next batch of data for computation
[BENCHMARK 6] [/home/keveltun/research/recup/veloc/apps/state-diff/include/statediff.hpp:203:create] [time elapsed: 6852 ms] State-diff tree -1 created from reader
(0.0001) Chunk size: 32768, Creation time: 6.85238 seconds, throughput: 1.01907 GB/s
Evicting /lus/eagle/projects/RECUP/kassogba/veloc-ckpt/haac/sc-experiments/4gpus/np796-500mil/run1/m000p.mpirestart-combined-0-40.dat
Evicting /lus/eagle/projects/RECUP/kassogba/veloc-ckpt/haac/sc-experiments/4gpus/np796-500mil/run1/m000p.mpirestart-combined-0-20.dat
Evicting /lus/eagle/projects/RECUP/kassogba/veloc-ckpt/haac/sc-experiments/4gpus/np796-500mil/run1/m000p.mpirestart-combined-0-30.dat
Evicting /lus/eagle/projects/RECUP/kassogba/veloc-ckpt/haac/sc-experiments/4gpus/np796-500mil/run1/m000p.mpirestart-combined-0-10.dat

           Files: 4
     Directories: 1
   Evicted Pages: 7324790 (27G)
         Elapsed: 1.949 seconds
[INFO 0] [/home/keveltun/research/recup/veloc/apps/state-diff/src/loader/host_cache.cpp:11:host_cache_t] Host - Creating a cache of size 16384 MB
[INFO 0] [/home/keveltun/research/recup/veloc/apps/state-diff/src/loader/data_loader.cpp:10:data_loader_t] Loader - host and device caches initialized
[BENCHMARK 0] [/home/keveltun/research/recup/veloc/apps/state-diff/src/loader/data_loader.cpp:11:data_loader_t] [time elapsed: 0 ms] Initialized data loader
Data size = 7497964768
[BENCHMARK 0] [/home/keveltun/research/recup/veloc/apps/state-diff/include/statediff.hpp:143:client_t] [time elapsed: 3 ms] State-diff client 1 initialized
[INFO 0] [/home/keveltun/research/recup/veloc/apps/state-diff/src/loader/host_cache.cpp:50:set_reader] Host (0)- Setting reader to read from file
[INFO 0] [/home/keveltun/research/recup/veloc/apps/state-diff/src/loader/host_cache.cpp:32:activate] Host (0)- Started fetch thread on host cache
[INFO 0] [/home/keveltun/research/recup/veloc/apps/state-diff/src/loader/data_loader.cpp:137:file_load] Loader (0)- Creating segments without given file offsets
[BENCHMARK 0] [/home/keveltun/research/recup/veloc/apps/state-diff/src/loader/data_loader.cpp:161:file_load] [time elapsed: 1 ms] Created segments and staged for file read
[BENCHMARK 0] [/home/keveltun/research/recup/veloc/apps/state-diff/src/loader/host_cache.cpp:75:fetch_] [time elapsed: 1 ms] Host (0)- Waited any batch for host fetch
[INFO 0] [/home/keveltun/research/recup/veloc/apps/state-diff/src/loader/host_cache.cpp:138:get_completed] Host (0)- Getting completed jobs from ready_q
[BENCHMARK 5] [/home/keveltun/research/recup/veloc/apps/state-diff/src/loader/host_cache.cpp:93:fetch_] [time elapsed: 5880 ms] Host (0)- Fetched 1 batches to host cache
[BENCHMARK 5] [/home/keveltun/research/recup/veloc/apps/state-diff/src/loader/data_loader.cpp:223:next] [time elapsed: 5880 ms] Retrieved pointer to next batch of data for computation
[BENCHMARK 6] [/home/keveltun/research/recup/veloc/apps/state-diff/include/statediff.hpp:203:create] [time elapsed: 6630 ms] State-diff tree -1 created from reader
(1e-07) Chunk size: 32768, Creation time: 6.63084 seconds, throughput: 1.05311 GB/s
Evicting /lus/eagle/projects/RECUP/kassogba/veloc-ckpt/haac/sc-experiments/4gpus/np796-500mil/run1/m000p.mpirestart-combined-0-40.dat
Evicting /lus/eagle/projects/RECUP/kassogba/veloc-ckpt/haac/sc-experiments/4gpus/np796-500mil/run1/m000p.mpirestart-combined-0-20.dat
Evicting /lus/eagle/projects/RECUP/kassogba/veloc-ckpt/haac/sc-experiments/4gpus/np796-500mil/run1/m000p.mpirestart-combined-0-30.dat
Evicting /lus/eagle/projects/RECUP/kassogba/veloc-ckpt/haac/sc-experiments/4gpus/np796-500mil/run1/m000p.mpirestart-combined-0-10.dat

           Files: 4
     Directories: 1
   Evicted Pages: 7324790 (27G)
         Elapsed: 1.9645 seconds
[INFO 0] [/home/keveltun/research/recup/veloc/apps/state-diff/src/loader/host_cache.cpp:11:host_cache_t] Host - Creating a cache of size 16384 MB
[INFO 0] [/home/keveltun/research/recup/veloc/apps/state-diff/src/loader/data_loader.cpp:10:data_loader_t] Loader - host and device caches initialized
[BENCHMARK 0] [/home/keveltun/research/recup/veloc/apps/state-diff/src/loader/data_loader.cpp:11:data_loader_t] [time elapsed: 0 ms] Initialized data loader
Data size = 7497964768
[BENCHMARK 0] [/home/keveltun/research/recup/veloc/apps/state-diff/include/statediff.hpp:143:client_t] [time elapsed: 1 ms] State-diff client 1 initialized
[INFO 0] [/home/keveltun/research/recup/veloc/apps/state-diff/src/loader/host_cache.cpp:50:set_reader] Host (0)- Setting reader to read from file
[INFO 0] [/home/keveltun/research/recup/veloc/apps/state-diff/src/loader/host_cache.cpp:32:activate] Host (0)- Started fetch thread on host cache
[INFO 0] [/home/keveltun/research/recup/veloc/apps/state-diff/src/loader/data_loader.cpp:137:file_load] Loader (0)- Creating segments without given file offsets
[BENCHMARK 0] [/home/keveltun/research/recup/veloc/apps/state-diff/src/loader/data_loader.cpp:161:file_load] [time elapsed: 0 ms] Created segments and staged for file read
[BENCHMARK 0] [/home/keveltun/research/recup/veloc/apps/state-diff/src/loader/host_cache.cpp:75:fetch_] [time elapsed: 0 ms] Host (0)- Waited any batch for host fetch
[INFO 0] [/home/keveltun/research/recup/veloc/apps/state-diff/src/loader/host_cache.cpp:138:get_completed] Host (0)- Getting completed jobs from ready_q
[BENCHMARK 5] [/home/keveltun/research/recup/veloc/apps/state-diff/src/loader/host_cache.cpp:93:fetch_] [time elapsed: 5142 ms] Host (0)- Fetched 1 batches to host cache
[BENCHMARK 5] [/home/keveltun/research/recup/veloc/apps/state-diff/src/loader/data_loader.cpp:223:next] [time elapsed: 5142 ms] Retrieved pointer to next batch of data for computation
[BENCHMARK 6] [/home/keveltun/research/recup/veloc/apps/state-diff/include/statediff.hpp:203:create] [time elapsed: 6214 ms] State-diff tree -1 created from reader
(0.01) Chunk size: 65536, Creation time: 6.21472 seconds, throughput: 1.12363 GB/s
Evicting /lus/eagle/projects/RECUP/kassogba/veloc-ckpt/haac/sc-experiments/4gpus/np796-500mil/run1/m000p.mpirestart-combined-0-40.dat
Evicting /lus/eagle/projects/RECUP/kassogba/veloc-ckpt/haac/sc-experiments/4gpus/np796-500mil/run1/m000p.mpirestart-combined-0-20.dat
Evicting /lus/eagle/projects/RECUP/kassogba/veloc-ckpt/haac/sc-experiments/4gpus/np796-500mil/run1/m000p.mpirestart-combined-0-30.dat
Evicting /lus/eagle/projects/RECUP/kassogba/veloc-ckpt/haac/sc-experiments/4gpus/np796-500mil/run1/m000p.mpirestart-combined-0-10.dat

           Files: 4
     Directories: 1
   Evicted Pages: 7324790 (27G)
         Elapsed: 1.9885 seconds
[INFO 0] [/home/keveltun/research/recup/veloc/apps/state-diff/src/loader/host_cache.cpp:11:host_cache_t] Host - Creating a cache of size 16384 MB
[INFO 0] [/home/keveltun/research/recup/veloc/apps/state-diff/src/loader/data_loader.cpp:10:data_loader_t] Loader - host and device caches initialized
[BENCHMARK 0] [/home/keveltun/research/recup/veloc/apps/state-diff/src/loader/data_loader.cpp:11:data_loader_t] [time elapsed: 0 ms] Initialized data loader
Data size = 7497964768
[BENCHMARK 0] [/home/keveltun/research/recup/veloc/apps/state-diff/include/statediff.hpp:143:client_t] [time elapsed: 1 ms] State-diff client 1 initialized
[INFO 0] [/home/keveltun/research/recup/veloc/apps/state-diff/src/loader/host_cache.cpp:50:set_reader] Host (0)- Setting reader to read from file
[INFO 0] [/home/keveltun/research/recup/veloc/apps/state-diff/src/loader/host_cache.cpp:32:activate] Host (0)- Started fetch thread on host cache
[INFO 0] [/home/keveltun/research/recup/veloc/apps/state-diff/src/loader/data_loader.cpp:137:file_load] Loader (0)- Creating segments without given file offsets
[BENCHMARK 0] [/home/keveltun/research/recup/veloc/apps/state-diff/src/loader/data_loader.cpp:161:file_load] [time elapsed: 0 ms] Created segments and staged for file read
[BENCHMARK 0] [/home/keveltun/research/recup/veloc/apps/state-diff/src/loader/host_cache.cpp:75:fetch_] [time elapsed: 0 ms] Host (0)- Waited any batch for host fetch
[INFO 0] [/home/keveltun/research/recup/veloc/apps/state-diff/src/loader/host_cache.cpp:138:get_completed] Host (0)- Getting completed jobs from ready_q
[BENCHMARK 5] [/home/keveltun/research/recup/veloc/apps/state-diff/src/loader/host_cache.cpp:93:fetch_] [time elapsed: 5475 ms] Host (0)- Fetched 1 batches to host cache
[BENCHMARK 5] [/home/keveltun/research/recup/veloc/apps/state-diff/src/loader/data_loader.cpp:223:next] [time elapsed: 5475 ms] Retrieved pointer to next batch of data for computation
[BENCHMARK 6] [/home/keveltun/research/recup/veloc/apps/state-diff/include/statediff.hpp:203:create] [time elapsed: 6230 ms] State-diff tree -1 created from reader
(0.0001) Chunk size: 65536, Creation time: 6.2307 seconds, throughput: 1.12075 GB/s
Evicting /lus/eagle/projects/RECUP/kassogba/veloc-ckpt/haac/sc-experiments/4gpus/np796-500mil/run1/m000p.mpirestart-combined-0-40.dat
Evicting /lus/eagle/projects/RECUP/kassogba/veloc-ckpt/haac/sc-experiments/4gpus/np796-500mil/run1/m000p.mpirestart-combined-0-20.dat
Evicting /lus/eagle/projects/RECUP/kassogba/veloc-ckpt/haac/sc-experiments/4gpus/np796-500mil/run1/m000p.mpirestart-combined-0-30.dat
Evicting /lus/eagle/projects/RECUP/kassogba/veloc-ckpt/haac/sc-experiments/4gpus/np796-500mil/run1/m000p.mpirestart-combined-0-10.dat

           Files: 4
     Directories: 1
   Evicted Pages: 7324790 (27G)
         Elapsed: 1.9585 seconds
[INFO 0] [/home/keveltun/research/recup/veloc/apps/state-diff/src/loader/host_cache.cpp:11:host_cache_t] Host - Creating a cache of size 16384 MB
[INFO 0] [/home/keveltun/research/recup/veloc/apps/state-diff/src/loader/data_loader.cpp:10:data_loader_t] Loader - host and device caches initialized
[BENCHMARK 0] [/home/keveltun/research/recup/veloc/apps/state-diff/src/loader/data_loader.cpp:11:data_loader_t] [time elapsed: 0 ms] Initialized data loader
Data size = 7497964768
[BENCHMARK 0] [/home/keveltun/research/recup/veloc/apps/state-diff/include/statediff.hpp:143:client_t] [time elapsed: 1 ms] State-diff client 1 initialized
[INFO 0] [/home/keveltun/research/recup/veloc/apps/state-diff/src/loader/host_cache.cpp:50:set_reader] Host (0)- Setting reader to read from file
[INFO 0] [/home/keveltun/research/recup/veloc/apps/state-diff/src/loader/host_cache.cpp:32:activate] Host (0)- Started fetch thread on host cache
[INFO 0] [/home/keveltun/research/recup/veloc/apps/state-diff/src/loader/data_loader.cpp:137:file_load] Loader (0)- Creating segments without given file offsets
[BENCHMARK 0] [/home/keveltun/research/recup/veloc/apps/state-diff/src/loader/data_loader.cpp:161:file_load] [time elapsed: 0 ms] Created segments and staged for file read
[BENCHMARK 0] [/home/keveltun/research/recup/veloc/apps/state-diff/src/loader/host_cache.cpp:75:fetch_] [time elapsed: 0 ms] Host (0)- Waited any batch for host fetch
[INFO 0] [/home/keveltun/research/recup/veloc/apps/state-diff/src/loader/host_cache.cpp:138:get_completed] Host (0)- Getting completed jobs from ready_q
[BENCHMARK 6] [/home/keveltun/research/recup/veloc/apps/state-diff/src/loader/host_cache.cpp:93:fetch_] [time elapsed: 6091 ms] Host (0)- Fetched 1 batches to host cache
[BENCHMARK 6] [/home/keveltun/research/recup/veloc/apps/state-diff/src/loader/data_loader.cpp:223:next] [time elapsed: 6091 ms] Retrieved pointer to next batch of data for computation
[BENCHMARK 6] [/home/keveltun/research/recup/veloc/apps/state-diff/include/statediff.hpp:203:create] [time elapsed: 6851 ms] State-diff tree -1 created from reader
(1e-07) Chunk size: 65536, Creation time: 6.85173 seconds, throughput: 1.01916 GB/s
Evicting /lus/eagle/projects/RECUP/kassogba/veloc-ckpt/haac/sc-experiments/4gpus/np796-500mil/run1/m000p.mpirestart-combined-0-40.dat
Evicting /lus/eagle/projects/RECUP/kassogba/veloc-ckpt/haac/sc-experiments/4gpus/np796-500mil/run1/m000p.mpirestart-combined-0-20.dat
Evicting /lus/eagle/projects/RECUP/kassogba/veloc-ckpt/haac/sc-experiments/4gpus/np796-500mil/run1/m000p.mpirestart-combined-0-30.dat
Evicting /lus/eagle/projects/RECUP/kassogba/veloc-ckpt/haac/sc-experiments/4gpus/np796-500mil/run1/m000p.mpirestart-combined-0-10.dat

           Files: 4
     Directories: 1
   Evicted Pages: 7324790 (27G)
         Elapsed: 1.934 seconds
[INFO 0] [/home/keveltun/research/recup/veloc/apps/state-diff/src/loader/host_cache.cpp:11:host_cache_t] Host - Creating a cache of size 16384 MB
[INFO 0] [/home/keveltun/research/recup/veloc/apps/state-diff/src/loader/data_loader.cpp:10:data_loader_t] Loader - host and device caches initialized
[BENCHMARK 0] [/home/keveltun/research/recup/veloc/apps/state-diff/src/loader/data_loader.cpp:11:data_loader_t] [time elapsed: 0 ms] Initialized data loader
Data size = 7497964768
[BENCHMARK 0] [/home/keveltun/research/recup/veloc/apps/state-diff/include/statediff.hpp:143:client_t] [time elapsed: 1 ms] State-diff client 1 initialized
[INFO 0] [/home/keveltun/research/recup/veloc/apps/state-diff/src/loader/host_cache.cpp:50:set_reader] Host (0)- Setting reader to read from file
[INFO 0] [/home/keveltun/research/recup/veloc/apps/state-diff/src/loader/host_cache.cpp:32:activate] Host (0)- Started fetch thread on host cache
[INFO 0] [/home/keveltun/research/recup/veloc/apps/state-diff/src/loader/data_loader.cpp:137:file_load] Loader (0)- Creating segments without given file offsets
[BENCHMARK 0] [/home/keveltun/research/recup/veloc/apps/state-diff/src/loader/data_loader.cpp:161:file_load] [time elapsed: 0 ms] Created segments and staged for file read
[BENCHMARK 0] [/home/keveltun/research/recup/veloc/apps/state-diff/src/loader/host_cache.cpp:75:fetch_] [time elapsed: 0 ms] Host (0)- Waited any batch for host fetch
[INFO 0] [/home/keveltun/research/recup/veloc/apps/state-diff/src/loader/host_cache.cpp:138:get_completed] Host (0)- Getting completed jobs from ready_q
[BENCHMARK 4] [/home/keveltun/research/recup/veloc/apps/state-diff/src/loader/host_cache.cpp:93:fetch_] [time elapsed: 4561 ms] Host (0)- Fetched 1 batches to host cache
[BENCHMARK 4] [/home/keveltun/research/recup/veloc/apps/state-diff/src/loader/data_loader.cpp:223:next] [time elapsed: 4561 ms] Retrieved pointer to next batch of data for computation
[BENCHMARK 5] [/home/keveltun/research/recup/veloc/apps/state-diff/include/statediff.hpp:203:create] [time elapsed: 5633 ms] State-diff tree -1 created from reader
(0.01) Chunk size: 131072, Creation time: 5.63306 seconds, throughput: 1.23965 GB/s
Evicting /lus/eagle/projects/RECUP/kassogba/veloc-ckpt/haac/sc-experiments/4gpus/np796-500mil/run1/m000p.mpirestart-combined-0-40.dat
Evicting /lus/eagle/projects/RECUP/kassogba/veloc-ckpt/haac/sc-experiments/4gpus/np796-500mil/run1/m000p.mpirestart-combined-0-20.dat
Evicting /lus/eagle/projects/RECUP/kassogba/veloc-ckpt/haac/sc-experiments/4gpus/np796-500mil/run1/m000p.mpirestart-combined-0-30.dat
Evicting /lus/eagle/projects/RECUP/kassogba/veloc-ckpt/haac/sc-experiments/4gpus/np796-500mil/run1/m000p.mpirestart-combined-0-10.dat

           Files: 4
     Directories: 1
   Evicted Pages: 7324790 (27G)
         Elapsed: 1.9429 seconds
[INFO 0] [/home/keveltun/research/recup/veloc/apps/state-diff/src/loader/host_cache.cpp:11:host_cache_t] Host - Creating a cache of size 16384 MB
[INFO 0] [/home/keveltun/research/recup/veloc/apps/state-diff/src/loader/data_loader.cpp:10:data_loader_t] Loader - host and device caches initialized
[BENCHMARK 0] [/home/keveltun/research/recup/veloc/apps/state-diff/src/loader/data_loader.cpp:11:data_loader_t] [time elapsed: 0 ms] Initialized data loader
Data size = 7497964768
[BENCHMARK 0] [/home/keveltun/research/recup/veloc/apps/state-diff/include/statediff.hpp:143:client_t] [time elapsed: 1 ms] State-diff client 1 initialized
[INFO 0] [/home/keveltun/research/recup/veloc/apps/state-diff/src/loader/host_cache.cpp:50:set_reader] Host (0)- Setting reader to read from file
[INFO 0] [/home/keveltun/research/recup/veloc/apps/state-diff/src/loader/host_cache.cpp:32:activate] Host (0)- Started fetch thread on host cache
[INFO 0] [/home/keveltun/research/recup/veloc/apps/state-diff/src/loader/data_loader.cpp:137:file_load] Loader (0)- Creating segments without given file offsets
[BENCHMARK 0] [/home/keveltun/research/recup/veloc/apps/state-diff/src/loader/data_loader.cpp:161:file_load] [time elapsed: 0 ms] Created segments and staged for file read
[BENCHMARK 0] [/home/keveltun/research/recup/veloc/apps/state-diff/src/loader/host_cache.cpp:75:fetch_] [time elapsed: 0 ms] Host (0)- Waited any batch for host fetch
[INFO 0] [/home/keveltun/research/recup/veloc/apps/state-diff/src/loader/host_cache.cpp:138:get_completed] Host (0)- Getting completed jobs from ready_q
[BENCHMARK 5] [/home/keveltun/research/recup/veloc/apps/state-diff/src/loader/host_cache.cpp:93:fetch_] [time elapsed: 5058 ms] Host (0)- Fetched 1 batches to host cache
[BENCHMARK 5] [/home/keveltun/research/recup/veloc/apps/state-diff/src/loader/data_loader.cpp:223:next] [time elapsed: 5058 ms] Retrieved pointer to next batch of data for computation
[BENCHMARK 5] [/home/keveltun/research/recup/veloc/apps/state-diff/include/statediff.hpp:203:create] [time elapsed: 5816 ms] State-diff tree -1 created from reader
(0.0001) Chunk size: 131072, Creation time: 5.81613 seconds, throughput: 1.20063 GB/s
Evicting /lus/eagle/projects/RECUP/kassogba/veloc-ckpt/haac/sc-experiments/4gpus/np796-500mil/run1/m000p.mpirestart-combined-0-40.dat
Evicting /lus/eagle/projects/RECUP/kassogba/veloc-ckpt/haac/sc-experiments/4gpus/np796-500mil/run1/m000p.mpirestart-combined-0-20.dat
Evicting /lus/eagle/projects/RECUP/kassogba/veloc-ckpt/haac/sc-experiments/4gpus/np796-500mil/run1/m000p.mpirestart-combined-0-30.dat
Evicting /lus/eagle/projects/RECUP/kassogba/veloc-ckpt/haac/sc-experiments/4gpus/np796-500mil/run1/m000p.mpirestart-combined-0-10.dat

           Files: 4
     Directories: 1
   Evicted Pages: 7324790 (27G)
         Elapsed: 1.9487 seconds
[INFO 0] [/home/keveltun/research/recup/veloc/apps/state-diff/src/loader/host_cache.cpp:11:host_cache_t] Host - Creating a cache of size 16384 MB
[INFO 0] [/home/keveltun/research/recup/veloc/apps/state-diff/src/loader/data_loader.cpp:10:data_loader_t] Loader - host and device caches initialized
[BENCHMARK 0] [/home/keveltun/research/recup/veloc/apps/state-diff/src/loader/data_loader.cpp:11:data_loader_t] [time elapsed: 0 ms] Initialized data loader
Data size = 7497964768
[BENCHMARK 0] [/home/keveltun/research/recup/veloc/apps/state-diff/include/statediff.hpp:143:client_t] [time elapsed: 1 ms] State-diff client 1 initialized
[INFO 0] [/home/keveltun/research/recup/veloc/apps/state-diff/src/loader/host_cache.cpp:50:set_reader] Host (0)- Setting reader to read from file
[INFO 0] [/home/keveltun/research/recup/veloc/apps/state-diff/src/loader/host_cache.cpp:32:activate] Host (0)- Started fetch thread on host cache
[INFO 0] [/home/keveltun/research/recup/veloc/apps/state-diff/src/loader/data_loader.cpp:137:file_load] Loader (0)- Creating segments without given file offsets
[BENCHMARK 0] [/home/keveltun/research/recup/veloc/apps/state-diff/src/loader/data_loader.cpp:161:file_load] [time elapsed: 0 ms] Created segments and staged for file read
[BENCHMARK 0] [/home/keveltun/research/recup/veloc/apps/state-diff/src/loader/host_cache.cpp:75:fetch_] [time elapsed: 0 ms] Host (0)- Waited any batch for host fetch
[INFO 0] [/home/keveltun/research/recup/veloc/apps/state-diff/src/loader/host_cache.cpp:138:get_completed] Host (0)- Getting completed jobs from ready_q
[BENCHMARK 4] [/home/keveltun/research/recup/veloc/apps/state-diff/src/loader/host_cache.cpp:93:fetch_] [time elapsed: 4352 ms] Host (0)- Fetched 1 batches to host cache
[BENCHMARK 4] [/home/keveltun/research/recup/veloc/apps/state-diff/src/loader/data_loader.cpp:223:next] [time elapsed: 4352 ms] Retrieved pointer to next batch of data for computation
[BENCHMARK 5] [/home/keveltun/research/recup/veloc/apps/state-diff/include/statediff.hpp:203:create] [time elapsed: 5142 ms] State-diff tree -1 created from reader
(1e-07) Chunk size: 131072, Creation time: 5.14265 seconds, throughput: 1.35787 GB/s
Evicting /lus/eagle/projects/RECUP/kassogba/veloc-ckpt/haac/sc-experiments/4gpus/np796-500mil/run1/m000p.mpirestart-combined-0-40.dat
Evicting /lus/eagle/projects/RECUP/kassogba/veloc-ckpt/haac/sc-experiments/4gpus/np796-500mil/run1/m000p.mpirestart-combined-0-20.dat
Evicting /lus/eagle/projects/RECUP/kassogba/veloc-ckpt/haac/sc-experiments/4gpus/np796-500mil/run1/m000p.mpirestart-combined-0-30.dat
Evicting /lus/eagle/projects/RECUP/kassogba/veloc-ckpt/haac/sc-experiments/4gpus/np796-500mil/run1/m000p.mpirestart-combined-0-10.dat

           Files: 4
     Directories: 1
   Evicted Pages: 7324790 (27G)
         Elapsed: 1.949 seconds
[INFO 0] [/home/keveltun/research/recup/veloc/apps/state-diff/src/loader/host_cache.cpp:11:host_cache_t] Host - Creating a cache of size 16384 MB
[INFO 0] [/home/keveltun/research/recup/veloc/apps/state-diff/src/loader/data_loader.cpp:10:data_loader_t] Loader - host and device caches initialized
[BENCHMARK 0] [/home/keveltun/research/recup/veloc/apps/state-diff/src/loader/data_loader.cpp:11:data_loader_t] [time elapsed: 0 ms] Initialized data loader
Data size = 7497964768
[BENCHMARK 0] [/home/keveltun/research/recup/veloc/apps/state-diff/include/statediff.hpp:143:client_t] [time elapsed: 0 ms] State-diff client 1 initialized
[INFO 0] [/home/keveltun/research/recup/veloc/apps/state-diff/src/loader/host_cache.cpp:50:set_reader] Host (0)- Setting reader to read from file
[INFO 0] [/home/keveltun/research/recup/veloc/apps/state-diff/src/loader/host_cache.cpp:32:activate] Host (0)- Started fetch thread on host cache
[INFO 0] [/home/keveltun/research/recup/veloc/apps/state-diff/src/loader/data_loader.cpp:137:file_load] Loader (0)- Creating segments without given file offsets
[BENCHMARK 0] [/home/keveltun/research/recup/veloc/apps/state-diff/src/loader/data_loader.cpp:161:file_load] [time elapsed: 0 ms] Created segments and staged for file read
[BENCHMARK 0] [/home/keveltun/research/recup/veloc/apps/state-diff/src/loader/host_cache.cpp:75:fetch_] [time elapsed: 0 ms] Host (0)- Waited any batch for host fetch
[INFO 0] [/home/keveltun/research/recup/veloc/apps/state-diff/src/loader/host_cache.cpp:138:get_completed] Host (0)- Getting completed jobs from ready_q
[BENCHMARK 3] [/home/keveltun/research/recup/veloc/apps/state-diff/src/loader/host_cache.cpp:93:fetch_] [time elapsed: 3658 ms] Host (0)- Fetched 1 batches to host cache
[BENCHMARK 3] [/home/keveltun/research/recup/veloc/apps/state-diff/src/loader/data_loader.cpp:223:next] [time elapsed: 3659 ms] Retrieved pointer to next batch of data for computation
[BENCHMARK 4] [/home/keveltun/research/recup/veloc/apps/state-diff/include/statediff.hpp:203:create] [time elapsed: 4731 ms] State-diff tree -1 created from reader
(0.01) Chunk size: 262144, Creation time: 4.73196 seconds, throughput: 1.47572 GB/s
Evicting /lus/eagle/projects/RECUP/kassogba/veloc-ckpt/haac/sc-experiments/4gpus/np796-500mil/run1/m000p.mpirestart-combined-0-40.dat
Evicting /lus/eagle/projects/RECUP/kassogba/veloc-ckpt/haac/sc-experiments/4gpus/np796-500mil/run1/m000p.mpirestart-combined-0-20.dat
Evicting /lus/eagle/projects/RECUP/kassogba/veloc-ckpt/haac/sc-experiments/4gpus/np796-500mil/run1/m000p.mpirestart-combined-0-30.dat
Evicting /lus/eagle/projects/RECUP/kassogba/veloc-ckpt/haac/sc-experiments/4gpus/np796-500mil/run1/m000p.mpirestart-combined-0-10.dat

           Files: 4
     Directories: 1
   Evicted Pages: 7324790 (27G)
         Elapsed: 1.9491 seconds
[INFO 0] [/home/keveltun/research/recup/veloc/apps/state-diff/src/loader/host_cache.cpp:11:host_cache_t] Host - Creating a cache of size 16384 MB
[INFO 0] [/home/keveltun/research/recup/veloc/apps/state-diff/src/loader/data_loader.cpp:10:data_loader_t] Loader - host and device caches initialized
[BENCHMARK 0] [/home/keveltun/research/recup/veloc/apps/state-diff/src/loader/data_loader.cpp:11:data_loader_t] [time elapsed: 0 ms] Initialized data loader
Data size = 7497964768
[BENCHMARK 0] [/home/keveltun/research/recup/veloc/apps/state-diff/include/statediff.hpp:143:client_t] [time elapsed: 0 ms] State-diff client 1 initialized
[INFO 0] [/home/keveltun/research/recup/veloc/apps/state-diff/src/loader/host_cache.cpp:50:set_reader] Host (0)- Setting reader to read from file
[INFO 0] [/home/keveltun/research/recup/veloc/apps/state-diff/src/loader/host_cache.cpp:32:activate] Host (0)- Started fetch thread on host cache
[INFO 0] [/home/keveltun/research/recup/veloc/apps/state-diff/src/loader/data_loader.cpp:137:file_load] Loader (0)- Creating segments without given file offsets
[BENCHMARK 0] [/home/keveltun/research/recup/veloc/apps/state-diff/src/loader/data_loader.cpp:161:file_load] [time elapsed: 0 ms] Created segments and staged for file read
[BENCHMARK 0] [/home/keveltun/research/recup/veloc/apps/state-diff/src/loader/host_cache.cpp:75:fetch_] [time elapsed: 0 ms] Host (0)- Waited any batch for host fetch
[INFO 0] [/home/keveltun/research/recup/veloc/apps/state-diff/src/loader/host_cache.cpp:138:get_completed] Host (0)- Getting completed jobs from ready_q
[BENCHMARK 3] [/home/keveltun/research/recup/veloc/apps/state-diff/src/loader/host_cache.cpp:93:fetch_] [time elapsed: 3110 ms] Host (0)- Fetched 1 batches to host cache
[BENCHMARK 3] [/home/keveltun/research/recup/veloc/apps/state-diff/src/loader/data_loader.cpp:223:next] [time elapsed: 3110 ms] Retrieved pointer to next batch of data for computation
[BENCHMARK 3] [/home/keveltun/research/recup/veloc/apps/state-diff/include/statediff.hpp:203:create] [time elapsed: 3872 ms] State-diff tree -1 created from reader
(0.0001) Chunk size: 262144, Creation time: 3.8723 seconds, throughput: 1.80332 GB/s
Evicting /lus/eagle/projects/RECUP/kassogba/veloc-ckpt/haac/sc-experiments/4gpus/np796-500mil/run1/m000p.mpirestart-combined-0-40.dat
Evicting /lus/eagle/projects/RECUP/kassogba/veloc-ckpt/haac/sc-experiments/4gpus/np796-500mil/run1/m000p.mpirestart-combined-0-20.dat
Evicting /lus/eagle/projects/RECUP/kassogba/veloc-ckpt/haac/sc-experiments/4gpus/np796-500mil/run1/m000p.mpirestart-combined-0-30.dat
Evicting /lus/eagle/projects/RECUP/kassogba/veloc-ckpt/haac/sc-experiments/4gpus/np796-500mil/run1/m000p.mpirestart-combined-0-10.dat

           Files: 4
     Directories: 1
   Evicted Pages: 7324790 (27G)
         Elapsed: 1.9459 seconds
[INFO 0] [/home/keveltun/research/recup/veloc/apps/state-diff/src/loader/host_cache.cpp:11:host_cache_t] Host - Creating a cache of size 16384 MB
[INFO 0] [/home/keveltun/research/recup/veloc/apps/state-diff/src/loader/data_loader.cpp:10:data_loader_t] Loader - host and device caches initialized
[BENCHMARK 0] [/home/keveltun/research/recup/veloc/apps/state-diff/src/loader/data_loader.cpp:11:data_loader_t] [time elapsed: 0 ms] Initialized data loader
Data size = 7497964768
[BENCHMARK 0] [/home/keveltun/research/recup/veloc/apps/state-diff/include/statediff.hpp:143:client_t] [time elapsed: 0 ms] State-diff client 1 initialized
[INFO 0] [/home/keveltun/research/recup/veloc/apps/state-diff/src/loader/host_cache.cpp:50:set_reader] Host (0)- Setting reader to read from file
[INFO 0] [/home/keveltun/research/recup/veloc/apps/state-diff/src/loader/host_cache.cpp:32:activate] Host (0)- Started fetch thread on host cache
[INFO 0] [/home/keveltun/research/recup/veloc/apps/state-diff/src/loader/data_loader.cpp:137:file_load] Loader (0)- Creating segments without given file offsets
[BENCHMARK 0] [/home/keveltun/research/recup/veloc/apps/state-diff/src/loader/data_loader.cpp:161:file_load] [time elapsed: 0 ms] Created segments and staged for file read
[BENCHMARK 0] [/home/keveltun/research/recup/veloc/apps/state-diff/src/loader/host_cache.cpp:75:fetch_] [time elapsed: 0 ms] Host (0)- Waited any batch for host fetch
[INFO 0] [/home/keveltun/research/recup/veloc/apps/state-diff/src/loader/host_cache.cpp:138:get_completed] Host (0)- Getting completed jobs from ready_q
[BENCHMARK 3] [/home/keveltun/research/recup/veloc/apps/state-diff/src/loader/host_cache.cpp:93:fetch_] [time elapsed: 3492 ms] Host (0)- Fetched 1 batches to host cache
[BENCHMARK 3] [/home/keveltun/research/recup/veloc/apps/state-diff/src/loader/data_loader.cpp:223:next] [time elapsed: 3492 ms] Retrieved pointer to next batch of data for computation
[BENCHMARK 4] [/home/keveltun/research/recup/veloc/apps/state-diff/include/statediff.hpp:203:create] [time elapsed: 4253 ms] State-diff tree -1 created from reader
(1e-07) Chunk size: 262144, Creation time: 4.25341 seconds, throughput: 1.64175 GB/s
Evicting /lus/eagle/projects/RECUP/kassogba/veloc-ckpt/haac/sc-experiments/4gpus/np796-500mil/run1/m000p.mpirestart-combined-0-40.dat
Evicting /lus/eagle/projects/RECUP/kassogba/veloc-ckpt/haac/sc-experiments/4gpus/np796-500mil/run1/m000p.mpirestart-combined-0-20.dat
Evicting /lus/eagle/projects/RECUP/kassogba/veloc-ckpt/haac/sc-experiments/4gpus/np796-500mil/run1/m000p.mpirestart-combined-0-30.dat
Evicting /lus/eagle/projects/RECUP/kassogba/veloc-ckpt/haac/sc-experiments/4gpus/np796-500mil/run1/m000p.mpirestart-combined-0-10.dat

           Files: 4
     Directories: 1
   Evicted Pages: 7324790 (27G)
         Elapsed: 1.9428 seconds
[INFO 0] [/home/keveltun/research/recup/veloc/apps/state-diff/src/loader/host_cache.cpp:11:host_cache_t] Host - Creating a cache of size 16384 MB
[INFO 0] [/home/keveltun/research/recup/veloc/apps/state-diff/src/loader/data_loader.cpp:10:data_loader_t] Loader - host and device caches initialized
[BENCHMARK 0] [/home/keveltun/research/recup/veloc/apps/state-diff/src/loader/data_loader.cpp:11:data_loader_t] [time elapsed: 0 ms] Initialized data loader
Data size = 7497964768
[BENCHMARK 0] [/home/keveltun/research/recup/veloc/apps/state-diff/include/statediff.hpp:143:client_t] [time elapsed: 0 ms] State-diff client 1 initialized
[INFO 0] [/home/keveltun/research/recup/veloc/apps/state-diff/src/loader/host_cache.cpp:50:set_reader] Host (0)- Setting reader to read from file
[INFO 0] [/home/keveltun/research/recup/veloc/apps/state-diff/src/loader/host_cache.cpp:32:activate] Host (0)- Started fetch thread on host cache
[INFO 0] [/home/keveltun/research/recup/veloc/apps/state-diff/src/loader/data_loader.cpp:137:file_load] Loader (0)- Creating segments without given file offsets
[BENCHMARK 0] [/home/keveltun/research/recup/veloc/apps/state-diff/src/loader/data_loader.cpp:161:file_load] [time elapsed: 0 ms] Created segments and staged for file read
[BENCHMARK 0] [/home/keveltun/research/recup/veloc/apps/state-diff/src/loader/host_cache.cpp:75:fetch_] [time elapsed: 0 ms] Host (0)- Waited any batch for host fetch
[INFO 0] [/home/keveltun/research/recup/veloc/apps/state-diff/src/loader/host_cache.cpp:138:get_completed] Host (0)- Getting completed jobs from ready_q
[BENCHMARK 2] [/home/keveltun/research/recup/veloc/apps/state-diff/src/loader/host_cache.cpp:93:fetch_] [time elapsed: 2346 ms] Host (0)- Fetched 1 batches to host cache
[BENCHMARK 2] [/home/keveltun/research/recup/veloc/apps/state-diff/src/loader/data_loader.cpp:223:next] [time elapsed: 2346 ms] Retrieved pointer to next batch of data for computation
[BENCHMARK 3] [/home/keveltun/research/recup/veloc/apps/state-diff/include/statediff.hpp:203:create] [time elapsed: 3420 ms] State-diff tree -1 created from reader
(0.01) Chunk size: 524288, Creation time: 3.42043 seconds, throughput: 2.04156 GB/s
Evicting /lus/eagle/projects/RECUP/kassogba/veloc-ckpt/haac/sc-experiments/4gpus/np796-500mil/run1/m000p.mpirestart-combined-0-40.dat
Evicting /lus/eagle/projects/RECUP/kassogba/veloc-ckpt/haac/sc-experiments/4gpus/np796-500mil/run1/m000p.mpirestart-combined-0-20.dat
Evicting /lus/eagle/projects/RECUP/kassogba/veloc-ckpt/haac/sc-experiments/4gpus/np796-500mil/run1/m000p.mpirestart-combined-0-30.dat
Evicting /lus/eagle/projects/RECUP/kassogba/veloc-ckpt/haac/sc-experiments/4gpus/np796-500mil/run1/m000p.mpirestart-combined-0-10.dat

           Files: 4
     Directories: 1
   Evicted Pages: 7324790 (27G)
         Elapsed: 1.915 seconds
[INFO 0] [/home/keveltun/research/recup/veloc/apps/state-diff/src/loader/host_cache.cpp:11:host_cache_t] Host - Creating a cache of size 16384 MB
[INFO 0] [/home/keveltun/research/recup/veloc/apps/state-diff/src/loader/data_loader.cpp:10:data_loader_t] Loader - host and device caches initialized
[BENCHMARK 0] [/home/keveltun/research/recup/veloc/apps/state-diff/src/loader/data_loader.cpp:11:data_loader_t] [time elapsed: 0 ms] Initialized data loader
Data size = 7497964768
[BENCHMARK 0] [/home/keveltun/research/recup/veloc/apps/state-diff/include/statediff.hpp:143:client_t] [time elapsed: 0 ms] State-diff client 1 initialized
[INFO 0] [/home/keveltun/research/recup/veloc/apps/state-diff/src/loader/host_cache.cpp:50:set_reader] Host (0)- Setting reader to read from file
[INFO 0] [/home/keveltun/research/recup/veloc/apps/state-diff/src/loader/host_cache.cpp:32:activate] Host (0)- Started fetch thread on host cache
[INFO 0] [/home/keveltun/research/recup/veloc/apps/state-diff/src/loader/data_loader.cpp:137:file_load] Loader (0)- Creating segments without given file offsets
[BENCHMARK 0] [/home/keveltun/research/recup/veloc/apps/state-diff/src/loader/data_loader.cpp:161:file_load] [time elapsed: 0 ms] Created segments and staged for file read
[BENCHMARK 0] [/home/keveltun/research/recup/veloc/apps/state-diff/src/loader/host_cache.cpp:75:fetch_] [time elapsed: 0 ms] Host (0)- Waited any batch for host fetch
[INFO 0] [/home/keveltun/research/recup/veloc/apps/state-diff/src/loader/host_cache.cpp:138:get_completed] Host (0)- Getting completed jobs from ready_q
[BENCHMARK 2] [/home/keveltun/research/recup/veloc/apps/state-diff/src/loader/host_cache.cpp:93:fetch_] [time elapsed: 2419 ms] Host (0)- Fetched 1 batches to host cache
[BENCHMARK 2] [/home/keveltun/research/recup/veloc/apps/state-diff/src/loader/data_loader.cpp:223:next] [time elapsed: 2419 ms] Retrieved pointer to next batch of data for computation
[BENCHMARK 3] [/home/keveltun/research/recup/veloc/apps/state-diff/include/statediff.hpp:203:create] [time elapsed: 3184 ms] State-diff tree -1 created from reader
(0.0001) Chunk size: 524288, Creation time: 3.18456 seconds, throughput: 2.19277 GB/s
Evicting /lus/eagle/projects/RECUP/kassogba/veloc-ckpt/haac/sc-experiments/4gpus/np796-500mil/run1/m000p.mpirestart-combined-0-40.dat
Evicting /lus/eagle/projects/RECUP/kassogba/veloc-ckpt/haac/sc-experiments/4gpus/np796-500mil/run1/m000p.mpirestart-combined-0-20.dat
Evicting /lus/eagle/projects/RECUP/kassogba/veloc-ckpt/haac/sc-experiments/4gpus/np796-500mil/run1/m000p.mpirestart-combined-0-30.dat
Evicting /lus/eagle/projects/RECUP/kassogba/veloc-ckpt/haac/sc-experiments/4gpus/np796-500mil/run1/m000p.mpirestart-combined-0-10.dat

           Files: 4
     Directories: 1
   Evicted Pages: 7324790 (27G)
         Elapsed: 1.9303 seconds
[INFO 0] [/home/keveltun/research/recup/veloc/apps/state-diff/src/loader/host_cache.cpp:11:host_cache_t] Host - Creating a cache of size 16384 MB
[INFO 0] [/home/keveltun/research/recup/veloc/apps/state-diff/src/loader/data_loader.cpp:10:data_loader_t] Loader - host and device caches initialized
[BENCHMARK 0] [/home/keveltun/research/recup/veloc/apps/state-diff/src/loader/data_loader.cpp:11:data_loader_t] [time elapsed: 0 ms] Initialized data loader
Data size = 7497964768
[BENCHMARK 0] [/home/keveltun/research/recup/veloc/apps/state-diff/include/statediff.hpp:143:client_t] [time elapsed: 0 ms] State-diff client 1 initialized
[INFO 0] [/home/keveltun/research/recup/veloc/apps/state-diff/src/loader/host_cache.cpp:50:set_reader] Host (0)- Setting reader to read from file
[INFO 0] [/home/keveltun/research/recup/veloc/apps/state-diff/src/loader/host_cache.cpp:32:activate] Host (0)- Started fetch thread on host cache
[INFO 0] [/home/keveltun/research/recup/veloc/apps/state-diff/src/loader/data_loader.cpp:137:file_load] Loader (0)- Creating segments without given file offsets
[BENCHMARK 0] [/home/keveltun/research/recup/veloc/apps/state-diff/src/loader/data_loader.cpp:161:file_load] [time elapsed: 0 ms] Created segments and staged for file read
[BENCHMARK 0] [/home/keveltun/research/recup/veloc/apps/state-diff/src/loader/host_cache.cpp:75:fetch_] [time elapsed: 0 ms] Host (0)- Waited any batch for host fetch
[INFO 0] [/home/keveltun/research/recup/veloc/apps/state-diff/src/loader/host_cache.cpp:138:get_completed] Host (0)- Getting completed jobs from ready_q
[BENCHMARK 2] [/home/keveltun/research/recup/veloc/apps/state-diff/src/loader/host_cache.cpp:93:fetch_] [time elapsed: 2544 ms] Host (0)- Fetched 1 batches to host cache
[BENCHMARK 2] [/home/keveltun/research/recup/veloc/apps/state-diff/src/loader/data_loader.cpp:223:next] [time elapsed: 2544 ms] Retrieved pointer to next batch of data for computation
[BENCHMARK 3] [/home/keveltun/research/recup/veloc/apps/state-diff/include/statediff.hpp:203:create] [time elapsed: 3307 ms] State-diff tree -1 created from reader
(1e-07) Chunk size: 524288, Creation time: 3.30798 seconds, throughput: 2.11096 GB/s
Evicting /lus/eagle/projects/RECUP/kassogba/veloc-ckpt/haac/sc-experiments/4gpus/np796-500mil/run1/m000p.mpirestart-combined-0-40.dat
Evicting /lus/eagle/projects/RECUP/kassogba/veloc-ckpt/haac/sc-experiments/4gpus/np796-500mil/run1/m000p.mpirestart-combined-0-20.dat
Evicting /lus/eagle/projects/RECUP/kassogba/veloc-ckpt/haac/sc-experiments/4gpus/np796-500mil/run1/m000p.mpirestart-combined-0-30.dat
Evicting /lus/eagle/projects/RECUP/kassogba/veloc-ckpt/haac/sc-experiments/4gpus/np796-500mil/run1/m000p.mpirestart-combined-0-10.dat

           Files: 4
     Directories: 1
   Evicted Pages: 7324790 (27G)
         Elapsed: 1.9278 seconds
[INFO 0] [/home/keveltun/research/recup/veloc/apps/state-diff/src/loader/host_cache.cpp:11:host_cache_t] Host - Creating a cache of size 16384 MB
[INFO 0] [/home/keveltun/research/recup/veloc/apps/state-diff/src/loader/data_loader.cpp:10:data_loader_t] Loader - host and device caches initialized
[BENCHMARK 0] [/home/keveltun/research/recup/veloc/apps/state-diff/src/loader/data_loader.cpp:11:data_loader_t] [time elapsed: 0 ms] Initialized data loader
Data size = 7497964768
[BENCHMARK 0] [/home/keveltun/research/recup/veloc/apps/state-diff/include/statediff.hpp:143:client_t] [time elapsed: 0 ms] State-diff client 1 initialized
[INFO 0] [/home/keveltun/research/recup/veloc/apps/state-diff/src/loader/host_cache.cpp:50:set_reader] Host (0)- Setting reader to read from file
[INFO 0] [/home/keveltun/research/recup/veloc/apps/state-diff/src/loader/host_cache.cpp:32:activate] Host (0)- Started fetch thread on host cache
[INFO 0] [/home/keveltun/research/recup/veloc/apps/state-diff/src/loader/data_loader.cpp:137:file_load] Loader (0)- Creating segments without given file offsets
[BENCHMARK 0] [/home/keveltun/research/recup/veloc/apps/state-diff/src/loader/data_loader.cpp:161:file_load] [time elapsed: 0 ms] Created segments and staged for file read
[BENCHMARK 0] [/home/keveltun/research/recup/veloc/apps/state-diff/src/loader/host_cache.cpp:75:fetch_] [time elapsed: 0 ms] Host (0)- Waited any batch for host fetch
[INFO 0] [/home/keveltun/research/recup/veloc/apps/state-diff/src/loader/host_cache.cpp:138:get_completed] Host (0)- Getting completed jobs from ready_q
[BENCHMARK 2] [/home/keveltun/research/recup/veloc/apps/state-diff/src/loader/host_cache.cpp:93:fetch_] [time elapsed: 2122 ms] Host (0)- Fetched 1 batches to host cache
[BENCHMARK 2] [/home/keveltun/research/recup/veloc/apps/state-diff/src/loader/data_loader.cpp:223:next] [time elapsed: 2122 ms] Retrieved pointer to next batch of data for computation
[BENCHMARK 3] [/home/keveltun/research/recup/veloc/apps/state-diff/include/statediff.hpp:203:create] [time elapsed: 3200 ms] State-diff tree -1 created from reader
(0.01) Chunk size: 1048576, Creation time: 3.20013 seconds, throughput: 2.18211 GB/s
Evicting /lus/eagle/projects/RECUP/kassogba/veloc-ckpt/haac/sc-experiments/4gpus/np796-500mil/run1/m000p.mpirestart-combined-0-40.dat
Evicting /lus/eagle/projects/RECUP/kassogba/veloc-ckpt/haac/sc-experiments/4gpus/np796-500mil/run1/m000p.mpirestart-combined-0-20.dat
Evicting /lus/eagle/projects/RECUP/kassogba/veloc-ckpt/haac/sc-experiments/4gpus/np796-500mil/run1/m000p.mpirestart-combined-0-30.dat
Evicting /lus/eagle/projects/RECUP/kassogba/veloc-ckpt/haac/sc-experiments/4gpus/np796-500mil/run1/m000p.mpirestart-combined-0-10.dat

           Files: 4
     Directories: 1
   Evicted Pages: 7324790 (27G)
         Elapsed: 1.9313 seconds
[INFO 0] [/home/keveltun/research/recup/veloc/apps/state-diff/src/loader/host_cache.cpp:11:host_cache_t] Host - Creating a cache of size 16384 MB
[INFO 0] [/home/keveltun/research/recup/veloc/apps/state-diff/src/loader/data_loader.cpp:10:data_loader_t] Loader - host and device caches initialized
[BENCHMARK 0] [/home/keveltun/research/recup/veloc/apps/state-diff/src/loader/data_loader.cpp:11:data_loader_t] [time elapsed: 0 ms] Initialized data loader
Data size = 7497964768
[BENCHMARK 0] [/home/keveltun/research/recup/veloc/apps/state-diff/include/statediff.hpp:143:client_t] [time elapsed: 0 ms] State-diff client 1 initialized
[INFO 0] [/home/keveltun/research/recup/veloc/apps/state-diff/src/loader/host_cache.cpp:50:set_reader] Host (0)- Setting reader to read from file
[INFO 0] [/home/keveltun/research/recup/veloc/apps/state-diff/src/loader/host_cache.cpp:32:activate] Host (0)- Started fetch thread on host cache
[INFO 0] [/home/keveltun/research/recup/veloc/apps/state-diff/src/loader/data_loader.cpp:137:file_load] Loader (0)- Creating segments without given file offsets
[BENCHMARK 0] [/home/keveltun/research/recup/veloc/apps/state-diff/src/loader/data_loader.cpp:161:file_load] [time elapsed: 0 ms] Created segments and staged for file read
[BENCHMARK 0] [/home/keveltun/research/recup/veloc/apps/state-diff/src/loader/host_cache.cpp:75:fetch_] [time elapsed: 0 ms] Host (0)- Waited any batch for host fetch
[INFO 0] [/home/keveltun/research/recup/veloc/apps/state-diff/src/loader/host_cache.cpp:138:get_completed] Host (0)- Getting completed jobs from ready_q
[BENCHMARK 2] [/home/keveltun/research/recup/veloc/apps/state-diff/src/loader/host_cache.cpp:93:fetch_] [time elapsed: 1997 ms] Host (0)- Fetched 1 batches to host cache
[BENCHMARK 2] [/home/keveltun/research/recup/veloc/apps/state-diff/src/loader/data_loader.cpp:223:next] [time elapsed: 1998 ms] Retrieved pointer to next batch of data for computation
[BENCHMARK 2] [/home/keveltun/research/recup/veloc/apps/state-diff/include/statediff.hpp:203:create] [time elapsed: 2767 ms] State-diff tree -1 created from reader
(0.0001) Chunk size: 1048576, Creation time: 2.76721 seconds, throughput: 2.52348 GB/s
Evicting /lus/eagle/projects/RECUP/kassogba/veloc-ckpt/haac/sc-experiments/4gpus/np796-500mil/run1/m000p.mpirestart-combined-0-40.dat
Evicting /lus/eagle/projects/RECUP/kassogba/veloc-ckpt/haac/sc-experiments/4gpus/np796-500mil/run1/m000p.mpirestart-combined-0-20.dat
Evicting /lus/eagle/projects/RECUP/kassogba/veloc-ckpt/haac/sc-experiments/4gpus/np796-500mil/run1/m000p.mpirestart-combined-0-30.dat
Evicting /lus/eagle/projects/RECUP/kassogba/veloc-ckpt/haac/sc-experiments/4gpus/np796-500mil/run1/m000p.mpirestart-combined-0-10.dat

           Files: 4
     Directories: 1
   Evicted Pages: 7324790 (27G)
         Elapsed: 1.9349 seconds
[INFO 0] [/home/keveltun/research/recup/veloc/apps/state-diff/src/loader/host_cache.cpp:11:host_cache_t] Host - Creating a cache of size 16384 MB
[INFO 0] [/home/keveltun/research/recup/veloc/apps/state-diff/src/loader/data_loader.cpp:10:data_loader_t] Loader - host and device caches initialized
[BENCHMARK 0] [/home/keveltun/research/recup/veloc/apps/state-diff/src/loader/data_loader.cpp:11:data_loader_t] [time elapsed: 0 ms] Initialized data loader
Data size = 7497964768
[BENCHMARK 0] [/home/keveltun/research/recup/veloc/apps/state-diff/include/statediff.hpp:143:client_t] [time elapsed: 0 ms] State-diff client 1 initialized
[INFO 0] [/home/keveltun/research/recup/veloc/apps/state-diff/src/loader/host_cache.cpp:50:set_reader] Host (0)- Setting reader to read from file
[INFO 0] [/home/keveltun/research/recup/veloc/apps/state-diff/src/loader/host_cache.cpp:32:activate] Host (0)- Started fetch thread on host cache
[INFO 0] [/home/keveltun/research/recup/veloc/apps/state-diff/src/loader/data_loader.cpp:137:file_load] Loader (0)- Creating segments without given file offsets
[BENCHMARK 0] [/home/keveltun/research/recup/veloc/apps/state-diff/src/loader/data_loader.cpp:161:file_load] [time elapsed: 0 ms] Created segments and staged for file read
[BENCHMARK 0] [/home/keveltun/research/recup/veloc/apps/state-diff/src/loader/host_cache.cpp:75:fetch_] [time elapsed: 0 ms] Host (0)- Waited any batch for host fetch
[INFO 0] [/home/keveltun/research/recup/veloc/apps/state-diff/src/loader/host_cache.cpp:138:get_completed] Host (0)- Getting completed jobs from ready_q
[BENCHMARK 2] [/home/keveltun/research/recup/veloc/apps/state-diff/src/loader/host_cache.cpp:93:fetch_] [time elapsed: 2025 ms] Host (0)- Fetched 1 batches to host cache
[BENCHMARK 2] [/home/keveltun/research/recup/veloc/apps/state-diff/src/loader/data_loader.cpp:223:next] [time elapsed: 2025 ms] Retrieved pointer to next batch of data for computation
[BENCHMARK 2] [/home/keveltun/research/recup/veloc/apps/state-diff/include/statediff.hpp:203:create] [time elapsed: 2780 ms] State-diff tree -1 created from reader
(1e-07) Chunk size: 1048576, Creation time: 2.78034 seconds, throughput: 2.51157 GB/s
Evicting /lus/eagle/projects/RECUP/kassogba/veloc-ckpt/haac/sc-experiments/4gpus/np796-500mil/run1/m000p.mpirestart-combined-0-40.dat
Evicting /lus/eagle/projects/RECUP/kassogba/veloc-ckpt/haac/sc-experiments/4gpus/np796-500mil/run1/m000p.mpirestart-combined-0-20.dat
Evicting /lus/eagle/projects/RECUP/kassogba/veloc-ckpt/haac/sc-experiments/4gpus/np796-500mil/run1/m000p.mpirestart-combined-0-30.dat
Evicting /lus/eagle/projects/RECUP/kassogba/veloc-ckpt/haac/sc-experiments/4gpus/np796-500mil/run1/m000p.mpirestart-combined-0-10.dat

           Files: 4
     Directories: 1
   Evicted Pages: 7324790 (27G)
         Elapsed: 1.9493 seconds
[INFO 0] [/home/keveltun/research/recup/veloc/apps/state-diff/src/loader/host_cache.cpp:11:host_cache_t] Host - Creating a cache of size 16384 MB
[INFO 0] [/home/keveltun/research/recup/veloc/apps/state-diff/src/loader/data_loader.cpp:10:data_loader_t] Loader - host and device caches initialized
[BENCHMARK 0] [/home/keveltun/research/recup/veloc/apps/state-diff/src/loader/data_loader.cpp:11:data_loader_t] [time elapsed: 0 ms] Initialized data loader
Data size = 7497964768
[BENCHMARK 0] [/home/keveltun/research/recup/veloc/apps/state-diff/include/statediff.hpp:143:client_t] [time elapsed: 0 ms] State-diff client 1 initialized
[INFO 0] [/home/keveltun/research/recup/veloc/apps/state-diff/src/loader/host_cache.cpp:50:set_reader] Host (0)- Setting reader to read from file
[INFO 0] [/home/keveltun/research/recup/veloc/apps/state-diff/src/loader/host_cache.cpp:32:activate] Host (0)- Started fetch thread on host cache
[INFO 0] [/home/keveltun/research/recup/veloc/apps/state-diff/src/loader/data_loader.cpp:137:file_load] Loader (0)- Creating segments without given file offsets
[BENCHMARK 0] [/home/keveltun/research/recup/veloc/apps/state-diff/src/loader/data_loader.cpp:161:file_load] [time elapsed: 0 ms] Created segments and staged for file read
[BENCHMARK 0] [/home/keveltun/research/recup/veloc/apps/state-diff/src/loader/host_cache.cpp:75:fetch_] [time elapsed: 0 ms] Host (0)- Waited any batch for host fetch
[INFO 0] [/home/keveltun/research/recup/veloc/apps/state-diff/src/loader/host_cache.cpp:138:get_completed] Host (0)- Getting completed jobs from ready_q
[BENCHMARK 2] [/home/keveltun/research/recup/veloc/apps/state-diff/src/loader/host_cache.cpp:93:fetch_] [time elapsed: 2049 ms] Host (0)- Fetched 1 batches to host cache
[BENCHMARK 2] [/home/keveltun/research/recup/veloc/apps/state-diff/src/loader/data_loader.cpp:223:next] [time elapsed: 2049 ms] Retrieved pointer to next batch of data for computation
[BENCHMARK 3] [/home/keveltun/research/recup/veloc/apps/state-diff/include/statediff.hpp:203:create] [time elapsed: 3127 ms] State-diff tree -1 created from reader
(0.01) Chunk size: 2097152, Creation time: 3.12715 seconds, throughput: 2.23303 GB/s
Evicting /lus/eagle/projects/RECUP/kassogba/veloc-ckpt/haac/sc-experiments/4gpus/np796-500mil/run1/m000p.mpirestart-combined-0-40.dat
Evicting /lus/eagle/projects/RECUP/kassogba/veloc-ckpt/haac/sc-experiments/4gpus/np796-500mil/run1/m000p.mpirestart-combined-0-20.dat
Evicting /lus/eagle/projects/RECUP/kassogba/veloc-ckpt/haac/sc-experiments/4gpus/np796-500mil/run1/m000p.mpirestart-combined-0-30.dat
Evicting /lus/eagle/projects/RECUP/kassogba/veloc-ckpt/haac/sc-experiments/4gpus/np796-500mil/run1/m000p.mpirestart-combined-0-10.dat

           Files: 4
     Directories: 1
   Evicted Pages: 7324790 (27G)
         Elapsed: 1.9282 seconds
[INFO 0] [/home/keveltun/research/recup/veloc/apps/state-diff/src/loader/host_cache.cpp:11:host_cache_t] Host - Creating a cache of size 16384 MB
[INFO 0] [/home/keveltun/research/recup/veloc/apps/state-diff/src/loader/data_loader.cpp:10:data_loader_t] Loader - host and device caches initialized
[BENCHMARK 0] [/home/keveltun/research/recup/veloc/apps/state-diff/src/loader/data_loader.cpp:11:data_loader_t] [time elapsed: 0 ms] Initialized data loader
Data size = 7497964768
[BENCHMARK 0] [/home/keveltun/research/recup/veloc/apps/state-diff/include/statediff.hpp:143:client_t] [time elapsed: 0 ms] State-diff client 1 initialized
[INFO 0] [/home/keveltun/research/recup/veloc/apps/state-diff/src/loader/host_cache.cpp:50:set_reader] Host (0)- Setting reader to read from file
[INFO 0] [/home/keveltun/research/recup/veloc/apps/state-diff/src/loader/host_cache.cpp:32:activate] Host (0)- Started fetch thread on host cache
[INFO 0] [/home/keveltun/research/recup/veloc/apps/state-diff/src/loader/data_loader.cpp:137:file_load] Loader (0)- Creating segments without given file offsets
[BENCHMARK 0] [/home/keveltun/research/recup/veloc/apps/state-diff/src/loader/data_loader.cpp:161:file_load] [time elapsed: 0 ms] Created segments and staged for file read
[BENCHMARK 0] [/home/keveltun/research/recup/veloc/apps/state-diff/src/loader/host_cache.cpp:75:fetch_] [time elapsed: 0 ms] Host (0)- Waited any batch for host fetch
[INFO 0] [/home/keveltun/research/recup/veloc/apps/state-diff/src/loader/host_cache.cpp:138:get_completed] Host (0)- Getting completed jobs from ready_q
[BENCHMARK 2] [/home/keveltun/research/recup/veloc/apps/state-diff/src/loader/host_cache.cpp:93:fetch_] [time elapsed: 2037 ms] Host (0)- Fetched 1 batches to host cache
[BENCHMARK 2] [/home/keveltun/research/recup/veloc/apps/state-diff/src/loader/data_loader.cpp:223:next] [time elapsed: 2037 ms] Retrieved pointer to next batch of data for computation
[BENCHMARK 2] [/home/keveltun/research/recup/veloc/apps/state-diff/include/statediff.hpp:203:create] [time elapsed: 2798 ms] State-diff tree -1 created from reader
(0.0001) Chunk size: 2097152, Creation time: 2.79827 seconds, throughput: 2.49548 GB/s
Evicting /lus/eagle/projects/RECUP/kassogba/veloc-ckpt/haac/sc-experiments/4gpus/np796-500mil/run1/m000p.mpirestart-combined-0-40.dat
Evicting /lus/eagle/projects/RECUP/kassogba/veloc-ckpt/haac/sc-experiments/4gpus/np796-500mil/run1/m000p.mpirestart-combined-0-20.dat
Evicting /lus/eagle/projects/RECUP/kassogba/veloc-ckpt/haac/sc-experiments/4gpus/np796-500mil/run1/m000p.mpirestart-combined-0-30.dat
Evicting /lus/eagle/projects/RECUP/kassogba/veloc-ckpt/haac/sc-experiments/4gpus/np796-500mil/run1/m000p.mpirestart-combined-0-10.dat

           Files: 4
     Directories: 1
   Evicted Pages: 7324790 (27G)
         Elapsed: 1.9746 seconds
[INFO 0] [/home/keveltun/research/recup/veloc/apps/state-diff/src/loader/host_cache.cpp:11:host_cache_t] Host - Creating a cache of size 16384 MB
[INFO 0] [/home/keveltun/research/recup/veloc/apps/state-diff/src/loader/data_loader.cpp:10:data_loader_t] Loader - host and device caches initialized
[BENCHMARK 0] [/home/keveltun/research/recup/veloc/apps/state-diff/src/loader/data_loader.cpp:11:data_loader_t] [time elapsed: 0 ms] Initialized data loader
Data size = 7497964768
[BENCHMARK 0] [/home/keveltun/research/recup/veloc/apps/state-diff/include/statediff.hpp:143:client_t] [time elapsed: 0 ms] State-diff client 1 initialized
[INFO 0] [/home/keveltun/research/recup/veloc/apps/state-diff/src/loader/host_cache.cpp:50:set_reader] Host (0)- Setting reader to read from file
[INFO 0] [/home/keveltun/research/recup/veloc/apps/state-diff/src/loader/host_cache.cpp:32:activate] Host (0)- Started fetch thread on host cache
[INFO 0] [/home/keveltun/research/recup/veloc/apps/state-diff/src/loader/data_loader.cpp:137:file_load] Loader (0)- Creating segments without given file offsets
[BENCHMARK 0] [/home/keveltun/research/recup/veloc/apps/state-diff/src/loader/data_loader.cpp:161:file_load] [time elapsed: 0 ms] Created segments and staged for file read
[BENCHMARK 0] [/home/keveltun/research/recup/veloc/apps/state-diff/src/loader/host_cache.cpp:75:fetch_] [time elapsed: 0 ms] Host (0)- Waited any batch for host fetch
[INFO 0] [/home/keveltun/research/recup/veloc/apps/state-diff/src/loader/host_cache.cpp:138:get_completed] Host (0)- Getting completed jobs from ready_q
[BENCHMARK 2] [/home/keveltun/research/recup/veloc/apps/state-diff/src/loader/host_cache.cpp:93:fetch_] [time elapsed: 2012 ms] Host (0)- Fetched 1 batches to host cache
[BENCHMARK 2] [/home/keveltun/research/recup/veloc/apps/state-diff/src/loader/data_loader.cpp:223:next] [time elapsed: 2012 ms] Retrieved pointer to next batch of data for computation
[BENCHMARK 2] [/home/keveltun/research/recup/veloc/apps/state-diff/include/statediff.hpp:203:create] [time elapsed: 2769 ms] State-diff tree -1 created from reader
(1e-07) Chunk size: 2097152, Creation time: 2.76928 seconds, throughput: 2.52161 GB/s
Evicting /lus/eagle/projects/RECUP/kassogba/veloc-ckpt/haac/sc-experiments/4gpus/np796-500mil/run1/m000p.mpirestart-combined-0-40.dat
Evicting /lus/eagle/projects/RECUP/kassogba/veloc-ckpt/haac/sc-experiments/4gpus/np796-500mil/run1/m000p.mpirestart-combined-0-20.dat
Evicting /lus/eagle/projects/RECUP/kassogba/veloc-ckpt/haac/sc-experiments/4gpus/np796-500mil/run1/m000p.mpirestart-combined-0-30.dat
Evicting /lus/eagle/projects/RECUP/kassogba/veloc-ckpt/haac/sc-experiments/4gpus/np796-500mil/run1/m000p.mpirestart-combined-0-10.dat

           Files: 4
     Directories: 1
   Evicted Pages: 7324790 (27G)
         Elapsed: 1.9149 seconds
[INFO 0] [/home/keveltun/research/recup/veloc/apps/state-diff/src/loader/host_cache.cpp:11:host_cache_t] Host - Creating a cache of size 16384 MB
[INFO 0] [/home/keveltun/research/recup/veloc/apps/state-diff/src/loader/data_loader.cpp:10:data_loader_t] Loader - host and device caches initialized
[BENCHMARK 0] [/home/keveltun/research/recup/veloc/apps/state-diff/src/loader/data_loader.cpp:11:data_loader_t] [time elapsed: 0 ms] Initialized data loader
Data size = 7497964768
[BENCHMARK 0] [/home/keveltun/research/recup/veloc/apps/state-diff/include/statediff.hpp:143:client_t] [time elapsed: 0 ms] State-diff client 1 initialized
[INFO 0] [/home/keveltun/research/recup/veloc/apps/state-diff/src/loader/host_cache.cpp:50:set_reader] Host (0)- Setting reader to read from file
[INFO 0] [/home/keveltun/research/recup/veloc/apps/state-diff/src/loader/host_cache.cpp:32:activate] Host (0)- Started fetch thread on host cache
[INFO 0] [/home/keveltun/research/recup/veloc/apps/state-diff/src/loader/data_loader.cpp:137:file_load] Loader (0)- Creating segments without given file offsets
[BENCHMARK 0] [/home/keveltun/research/recup/veloc/apps/state-diff/src/loader/data_loader.cpp:161:file_load] [time elapsed: 0 ms] Created segments and staged for file read
[BENCHMARK 0] [/home/keveltun/research/recup/veloc/apps/state-diff/src/loader/host_cache.cpp:75:fetch_] [time elapsed: 0 ms] Host (0)- Waited any batch for host fetch
[INFO 0] [/home/keveltun/research/recup/veloc/apps/state-diff/src/loader/host_cache.cpp:138:get_completed] Host (0)- Getting completed jobs from ready_q
[BENCHMARK 2] [/home/keveltun/research/recup/veloc/apps/state-diff/src/loader/host_cache.cpp:93:fetch_] [time elapsed: 2139 ms] Host (0)- Fetched 1 batches to host cache
[BENCHMARK 2] [/home/keveltun/research/recup/veloc/apps/state-diff/src/loader/data_loader.cpp:223:next] [time elapsed: 2139 ms] Retrieved pointer to next batch of data for computation
[BENCHMARK 3] [/home/keveltun/research/recup/veloc/apps/state-diff/include/statediff.hpp:203:create] [time elapsed: 3224 ms] State-diff tree -1 created from reader
(0.01) Chunk size: 4194304, Creation time: 3.22454 seconds, throughput: 2.16559 GB/s
Evicting /lus/eagle/projects/RECUP/kassogba/veloc-ckpt/haac/sc-experiments/4gpus/np796-500mil/run1/m000p.mpirestart-combined-0-40.dat
Evicting /lus/eagle/projects/RECUP/kassogba/veloc-ckpt/haac/sc-experiments/4gpus/np796-500mil/run1/m000p.mpirestart-combined-0-20.dat
Evicting /lus/eagle/projects/RECUP/kassogba/veloc-ckpt/haac/sc-experiments/4gpus/np796-500mil/run1/m000p.mpirestart-combined-0-30.dat
Evicting /lus/eagle/projects/RECUP/kassogba/veloc-ckpt/haac/sc-experiments/4gpus/np796-500mil/run1/m000p.mpirestart-combined-0-10.dat

           Files: 4
     Directories: 1
   Evicted Pages: 7324790 (27G)
         Elapsed: 1.9236 seconds
[INFO 0] [/home/keveltun/research/recup/veloc/apps/state-diff/src/loader/host_cache.cpp:11:host_cache_t] Host - Creating a cache of size 16384 MB
[INFO 0] [/home/keveltun/research/recup/veloc/apps/state-diff/src/loader/data_loader.cpp:10:data_loader_t] Loader - host and device caches initialized
[BENCHMARK 0] [/home/keveltun/research/recup/veloc/apps/state-diff/src/loader/data_loader.cpp:11:data_loader_t] [time elapsed: 0 ms] Initialized data loader
Data size = 7497964768
[BENCHMARK 0] [/home/keveltun/research/recup/veloc/apps/state-diff/include/statediff.hpp:143:client_t] [time elapsed: 0 ms] State-diff client 1 initialized
[INFO 0] [/home/keveltun/research/recup/veloc/apps/state-diff/src/loader/host_cache.cpp:50:set_reader] Host (0)- Setting reader to read from file
[INFO 0] [/home/keveltun/research/recup/veloc/apps/state-diff/src/loader/host_cache.cpp:32:activate] Host (0)- Started fetch thread on host cache
[INFO 0] [/home/keveltun/research/recup/veloc/apps/state-diff/src/loader/data_loader.cpp:137:file_load] Loader (0)- Creating segments without given file offsets
[BENCHMARK 0] [/home/keveltun/research/recup/veloc/apps/state-diff/src/loader/data_loader.cpp:161:file_load] [time elapsed: 0 ms] Created segments and staged for file read
[BENCHMARK 0] [/home/keveltun/research/recup/veloc/apps/state-diff/src/loader/host_cache.cpp:75:fetch_] [time elapsed: 0 ms] Host (0)- Waited any batch for host fetch
[INFO 0] [/home/keveltun/research/recup/veloc/apps/state-diff/src/loader/host_cache.cpp:138:get_completed] Host (0)- Getting completed jobs from ready_q
[BENCHMARK 1] [/home/keveltun/research/recup/veloc/apps/state-diff/src/loader/host_cache.cpp:93:fetch_] [time elapsed: 1972 ms] Host (0)- Fetched 1 batches to host cache
[BENCHMARK 1] [/home/keveltun/research/recup/veloc/apps/state-diff/src/loader/data_loader.cpp:223:next] [time elapsed: 1972 ms] Retrieved pointer to next batch of data for computation
[BENCHMARK 2] [/home/keveltun/research/recup/veloc/apps/state-diff/include/statediff.hpp:203:create] [time elapsed: 2743 ms] State-diff tree -1 created from reader
(0.0001) Chunk size: 4194304, Creation time: 2.74323 seconds, throughput: 2.54554 GB/s
Evicting /lus/eagle/projects/RECUP/kassogba/veloc-ckpt/haac/sc-experiments/4gpus/np796-500mil/run1/m000p.mpirestart-combined-0-40.dat
Evicting /lus/eagle/projects/RECUP/kassogba/veloc-ckpt/haac/sc-experiments/4gpus/np796-500mil/run1/m000p.mpirestart-combined-0-20.dat
Evicting /lus/eagle/projects/RECUP/kassogba/veloc-ckpt/haac/sc-experiments/4gpus/np796-500mil/run1/m000p.mpirestart-combined-0-30.dat
Evicting /lus/eagle/projects/RECUP/kassogba/veloc-ckpt/haac/sc-experiments/4gpus/np796-500mil/run1/m000p.mpirestart-combined-0-10.dat

           Files: 4
     Directories: 1
   Evicted Pages: 7324790 (27G)
         Elapsed: 1.9413 seconds
[INFO 0] [/home/keveltun/research/recup/veloc/apps/state-diff/src/loader/host_cache.cpp:11:host_cache_t] Host - Creating a cache of size 16384 MB
[INFO 0] [/home/keveltun/research/recup/veloc/apps/state-diff/src/loader/data_loader.cpp:10:data_loader_t] Loader - host and device caches initialized
[BENCHMARK 0] [/home/keveltun/research/recup/veloc/apps/state-diff/src/loader/data_loader.cpp:11:data_loader_t] [time elapsed: 0 ms] Initialized data loader
Data size = 7497964768
[BENCHMARK 0] [/home/keveltun/research/recup/veloc/apps/state-diff/include/statediff.hpp:143:client_t] [time elapsed: 0 ms] State-diff client 1 initialized
[INFO 0] [/home/keveltun/research/recup/veloc/apps/state-diff/src/loader/host_cache.cpp:50:set_reader] Host (0)- Setting reader to read from file
[INFO 0] [/home/keveltun/research/recup/veloc/apps/state-diff/src/loader/host_cache.cpp:32:activate] Host (0)- Started fetch thread on host cache
[INFO 0] [/home/keveltun/research/recup/veloc/apps/state-diff/src/loader/data_loader.cpp:137:file_load] Loader (0)- Creating segments without given file offsets
[BENCHMARK 0] [/home/keveltun/research/recup/veloc/apps/state-diff/src/loader/data_loader.cpp:161:file_load] [time elapsed: 0 ms] Created segments and staged for file read
[BENCHMARK 0] [/home/keveltun/research/recup/veloc/apps/state-diff/src/loader/host_cache.cpp:75:fetch_] [time elapsed: 0 ms] Host (0)- Waited any batch for host fetch
[INFO 0] [/home/keveltun/research/recup/veloc/apps/state-diff/src/loader/host_cache.cpp:138:get_completed] Host (0)- Getting completed jobs from ready_q
[BENCHMARK 1] [/home/keveltun/research/recup/veloc/apps/state-diff/src/loader/host_cache.cpp:93:fetch_] [time elapsed: 1968 ms] Host (0)- Fetched 1 batches to host cache
[BENCHMARK 1] [/home/keveltun/research/recup/veloc/apps/state-diff/src/loader/data_loader.cpp:223:next] [time elapsed: 1969 ms] Retrieved pointer to next batch of data for computation
[BENCHMARK 2] [/home/keveltun/research/recup/veloc/apps/state-diff/include/statediff.hpp:203:create] [time elapsed: 2731 ms] State-diff tree -1 created from reader
(1e-07) Chunk size: 4194304, Creation time: 2.73157 seconds, throughput: 2.55642 GB/s
Evicting /lus/eagle/projects/RECUP/kassogba/veloc-ckpt/haac/sc-experiments/4gpus/np796-500mil/run1/m000p.mpirestart-combined-0-40.dat
Evicting /lus/eagle/projects/RECUP/kassogba/veloc-ckpt/haac/sc-experiments/4gpus/np796-500mil/run1/m000p.mpirestart-combined-0-20.dat
Evicting /lus/eagle/projects/RECUP/kassogba/veloc-ckpt/haac/sc-experiments/4gpus/np796-500mil/run1/m000p.mpirestart-combined-0-30.dat
Evicting /lus/eagle/projects/RECUP/kassogba/veloc-ckpt/haac/sc-experiments/4gpus/np796-500mil/run1/m000p.mpirestart-combined-0-10.dat

           Files: 4
     Directories: 1
   Evicted Pages: 7324790 (27G)
         Elapsed: 1.9701 seconds
[INFO 0] [/home/keveltun/research/recup/veloc/apps/state-diff/src/loader/host_cache.cpp:11:host_cache_t] Host - Creating a cache of size 16384 MB
[INFO 0] [/home/keveltun/research/recup/veloc/apps/state-diff/src/loader/data_loader.cpp:10:data_loader_t] Loader - host and device caches initialized
[BENCHMARK 0] [/home/keveltun/research/recup/veloc/apps/state-diff/src/loader/data_loader.cpp:11:data_loader_t] [time elapsed: 0 ms] Initialized data loader
Data size = 7497964768
[BENCHMARK 0] [/home/keveltun/research/recup/veloc/apps/state-diff/include/statediff.hpp:143:client_t] [time elapsed: 0 ms] State-diff client 1 initialized
[INFO 0] [/home/keveltun/research/recup/veloc/apps/state-diff/src/loader/host_cache.cpp:50:set_reader] Host (0)- Setting reader to read from file
[INFO 0] [/home/keveltun/research/recup/veloc/apps/state-diff/src/loader/host_cache.cpp:32:activate] Host (0)- Started fetch thread on host cache
[INFO 0] [/home/keveltun/research/recup/veloc/apps/state-diff/src/loader/data_loader.cpp:137:file_load] Loader (0)- Creating segments without given file offsets
[BENCHMARK 0] [/home/keveltun/research/recup/veloc/apps/state-diff/src/loader/data_loader.cpp:161:file_load] [time elapsed: 0 ms] Created segments and staged for file read
[BENCHMARK 0] [/home/keveltun/research/recup/veloc/apps/state-diff/src/loader/host_cache.cpp:75:fetch_] [time elapsed: 0 ms] Host (0)- Waited any batch for host fetch
[INFO 0] [/home/keveltun/research/recup/veloc/apps/state-diff/src/loader/host_cache.cpp:138:get_completed] Host (0)- Getting completed jobs from ready_q
[BENCHMARK 2] [/home/keveltun/research/recup/veloc/apps/state-diff/src/loader/host_cache.cpp:93:fetch_] [time elapsed: 2121 ms] Host (0)- Fetched 1 batches to host cache
[BENCHMARK 2] [/home/keveltun/research/recup/veloc/apps/state-diff/src/loader/data_loader.cpp:223:next] [time elapsed: 2121 ms] Retrieved pointer to next batch of data for computation
[BENCHMARK 3] [/home/keveltun/research/recup/veloc/apps/state-diff/include/statediff.hpp:203:create] [time elapsed: 3207 ms] State-diff tree -1 created from reader
(0.01) Chunk size: 8388608, Creation time: 3.20749 seconds, throughput: 2.1771 GB/s
Evicting /lus/eagle/projects/RECUP/kassogba/veloc-ckpt/haac/sc-experiments/4gpus/np796-500mil/run1/m000p.mpirestart-combined-0-40.dat
Evicting /lus/eagle/projects/RECUP/kassogba/veloc-ckpt/haac/sc-experiments/4gpus/np796-500mil/run1/m000p.mpirestart-combined-0-20.dat
Evicting /lus/eagle/projects/RECUP/kassogba/veloc-ckpt/haac/sc-experiments/4gpus/np796-500mil/run1/m000p.mpirestart-combined-0-30.dat
Evicting /lus/eagle/projects/RECUP/kassogba/veloc-ckpt/haac/sc-experiments/4gpus/np796-500mil/run1/m000p.mpirestart-combined-0-10.dat

           Files: 4
     Directories: 1
   Evicted Pages: 7324790 (27G)
         Elapsed: 1.9412 seconds
[INFO 0] [/home/keveltun/research/recup/veloc/apps/state-diff/src/loader/host_cache.cpp:11:host_cache_t] Host - Creating a cache of size 16384 MB
[INFO 0] [/home/keveltun/research/recup/veloc/apps/state-diff/src/loader/data_loader.cpp:10:data_loader_t] Loader - host and device caches initialized
[BENCHMARK 0] [/home/keveltun/research/recup/veloc/apps/state-diff/src/loader/data_loader.cpp:11:data_loader_t] [time elapsed: 0 ms] Initialized data loader
Data size = 7497964768
[BENCHMARK 0] [/home/keveltun/research/recup/veloc/apps/state-diff/include/statediff.hpp:143:client_t] [time elapsed: 0 ms] State-diff client 1 initialized
[INFO 0] [/home/keveltun/research/recup/veloc/apps/state-diff/src/loader/host_cache.cpp:50:set_reader] Host (0)- Setting reader to read from file
[INFO 0] [/home/keveltun/research/recup/veloc/apps/state-diff/src/loader/host_cache.cpp:32:activate] Host (0)- Started fetch thread on host cache
[INFO 0] [/home/keveltun/research/recup/veloc/apps/state-diff/src/loader/data_loader.cpp:137:file_load] Loader (0)- Creating segments without given file offsets
[BENCHMARK 0] [/home/keveltun/research/recup/veloc/apps/state-diff/src/loader/data_loader.cpp:161:file_load] [time elapsed: 0 ms] Created segments and staged for file read
[INFO 0] [/home/keveltun/research/recup/veloc/apps/state-diff/src/loader/host_cache.cpp:138:get_completed] Host (0)- Getting completed jobs from ready_q
 Benchmarking the tree creation time for modeling 
===============================================================================
Evicting /lus/eagle/projects/RECUP/kassogba/veloc-ckpt/haac/sc-experiments/4gpus/np796-500mil/run1/m000p.mpirestart-combined-0-40.dat
Evicting /lus/eagle/projects/RECUP/kassogba/veloc-ckpt/haac/sc-experiments/4gpus/np796-500mil/run1/m000p.mpirestart-combined-0-20.dat
Evicting /lus/eagle/projects/RECUP/kassogba/veloc-ckpt/haac/sc-experiments/4gpus/np796-500mil/run1/m000p.mpirestart-combined-0-30.dat
Evicting /lus/eagle/projects/RECUP/kassogba/veloc-ckpt/haac/sc-experiments/4gpus/np796-500mil/run1/m000p.mpirestart-combined-0-10.dat

           Files: 4
     Directories: 1
   Evicted Pages: 7324790 (27G)
         Elapsed: 0.000258 seconds
[INFO 0] [/home/keveltun/research/recup/veloc/apps/state-diff/src/loader/host_cache.cpp:11:host_cache_t] Host - Creating a cache of size 16384 MB
[INFO 0] [/home/keveltun/research/recup/veloc/apps/state-diff/src/loader/data_loader.cpp:10:data_loader_t] Loader - host and device caches initialized
[BENCHMARK 0] [/home/keveltun/research/recup/veloc/apps/state-diff/src/loader/data_loader.cpp:11:data_loader_t] [time elapsed: 0 ms] Initialized data loader
Data size = 7497964768
[BENCHMARK 0] [/home/keveltun/research/recup/veloc/apps/state-diff/include/statediff.hpp:143:client_t] [time elapsed: 7 ms] State-diff client 1 initialized
[INFO 0] [/home/keveltun/research/recup/veloc/apps/state-diff/src/loader/host_cache.cpp:50:set_reader] Host (0)- Setting reader to read from file
[INFO 0] [/home/keveltun/research/recup/veloc/apps/state-diff/src/loader/host_cache.cpp:32:activate] Host (0)- Started fetch thread on host cache
[INFO 0] [/home/keveltun/research/recup/veloc/apps/state-diff/src/loader/data_loader.cpp:137:file_load] Loader (0)- Creating segments without given file offsets
[BENCHMARK 0] [/home/keveltun/research/recup/veloc/apps/state-diff/src/loader/data_loader.cpp:161:file_load] [time elapsed: 6 ms] Created segments and staged for file read
[BENCHMARK 0] [/home/keveltun/research/recup/veloc/apps/state-diff/src/loader/host_cache.cpp:75:fetch_] [time elapsed: 6 ms] Host (0)- Waited any batch for host fetch
[INFO 0] [/home/keveltun/research/recup/veloc/apps/state-diff/src/loader/host_cache.cpp:138:get_completed] Host (0)- Getting completed jobs from ready_q
[BENCHMARK 7] [/home/keveltun/research/recup/veloc/apps/state-diff/src/loader/host_cache.cpp:93:fetch_] [time elapsed: 7160 ms] Host (0)- Fetched 1 batches to host cache
[BENCHMARK 7] [/home/keveltun/research/recup/veloc/apps/state-diff/src/loader/data_loader.cpp:223:next] [time elapsed: 7160 ms] Retrieved pointer to next batch of data for computation
[BENCHMARK 8] [/home/keveltun/research/recup/veloc/apps/state-diff/include/statediff.hpp:203:create] [time elapsed: 8239 ms] State-diff tree -1 created from reader
(0.01) Chunk size: 4096, Creation time: 8.23919 seconds, throughput: 0.847537 GB/s
Evicting /lus/eagle/projects/RECUP/kassogba/veloc-ckpt/haac/sc-experiments/4gpus/np796-500mil/run1/m000p.mpirestart-combined-0-40.dat
Evicting /lus/eagle/projects/RECUP/kassogba/veloc-ckpt/haac/sc-experiments/4gpus/np796-500mil/run1/m000p.mpirestart-combined-0-20.dat
Evicting /lus/eagle/projects/RECUP/kassogba/veloc-ckpt/haac/sc-experiments/4gpus/np796-500mil/run1/m000p.mpirestart-combined-0-30.dat
Evicting /lus/eagle/projects/RECUP/kassogba/veloc-ckpt/haac/sc-experiments/4gpus/np796-500mil/run1/m000p.mpirestart-combined-0-10.dat

           Files: 4
     Directories: 1
   Evicted Pages: 7324790 (27G)
         Elapsed: 1.9629 seconds
[INFO 0] [/home/keveltun/research/recup/veloc/apps/state-diff/src/loader/host_cache.cpp:11:host_cache_t] Host - Creating a cache of size 16384 MB
[INFO 0] [/home/keveltun/research/recup/veloc/apps/state-diff/src/loader/data_loader.cpp:10:data_loader_t] Loader - host and device caches initialized
[BENCHMARK 0] [/home/keveltun/research/recup/veloc/apps/state-diff/src/loader/data_loader.cpp:11:data_loader_t] [time elapsed: 0 ms] Initialized data loader
Data size = 7497964768
[BENCHMARK 0] [/home/keveltun/research/recup/veloc/apps/state-diff/include/statediff.hpp:143:client_t] [time elapsed: 6 ms] State-diff client 1 initialized
[INFO 0] [/home/keveltun/research/recup/veloc/apps/state-diff/src/loader/host_cache.cpp:50:set_reader] Host (0)- Setting reader to read from file
[INFO 0] [/home/keveltun/research/recup/veloc/apps/state-diff/src/loader/host_cache.cpp:32:activate] Host (0)- Started fetch thread on host cache
[INFO 0] [/home/keveltun/research/recup/veloc/apps/state-diff/src/loader/data_loader.cpp:137:file_load] Loader (0)- Creating segments without given file offsets
[BENCHMARK 0] [/home/keveltun/research/recup/veloc/apps/state-diff/src/loader/data_loader.cpp:161:file_load] [time elapsed: 6 ms] Created segments and staged for file read
[BENCHMARK 0] [/home/keveltun/research/recup/veloc/apps/state-diff/src/loader/host_cache.cpp:75:fetch_] [time elapsed: 6 ms] Host (0)- Waited any batch for host fetch
[INFO 0] [/home/keveltun/research/recup/veloc/apps/state-diff/src/loader/host_cache.cpp:138:get_completed] Host (0)- Getting completed jobs from ready_q
[BENCHMARK 7] [/home/keveltun/research/recup/veloc/apps/state-diff/src/loader/host_cache.cpp:93:fetch_] [time elapsed: 7259 ms] Host (0)- Fetched 1 batches to host cache
[BENCHMARK 7] [/home/keveltun/research/recup/veloc/apps/state-diff/src/loader/data_loader.cpp:223:next] [time elapsed: 7259 ms] Retrieved pointer to next batch of data for computation
[BENCHMARK 8] [/home/keveltun/research/recup/veloc/apps/state-diff/include/statediff.hpp:203:create] [time elapsed: 8031 ms] State-diff tree -1 created from reader
(0.0001) Chunk size: 4096, Creation time: 8.03191 seconds, throughput: 0.86941 GB/s
Evicting /lus/eagle/projects/RECUP/kassogba/veloc-ckpt/haac/sc-experiments/4gpus/np796-500mil/run1/m000p.mpirestart-combined-0-40.dat
Evicting /lus/eagle/projects/RECUP/kassogba/veloc-ckpt/haac/sc-experiments/4gpus/np796-500mil/run1/m000p.mpirestart-combined-0-20.dat
Evicting /lus/eagle/projects/RECUP/kassogba/veloc-ckpt/haac/sc-experiments/4gpus/np796-500mil/run1/m000p.mpirestart-combined-0-30.dat
Evicting /lus/eagle/projects/RECUP/kassogba/veloc-ckpt/haac/sc-experiments/4gpus/np796-500mil/run1/m000p.mpirestart-combined-0-10.dat

           Files: 4
     Directories: 1
   Evicted Pages: 7324790 (27G)
         Elapsed: 1.968 seconds
[INFO 0] [/home/keveltun/research/recup/veloc/apps/state-diff/src/loader/host_cache.cpp:11:host_cache_t] Host - Creating a cache of size 16384 MB
[INFO 0] [/home/keveltun/research/recup/veloc/apps/state-diff/src/loader/data_loader.cpp:10:data_loader_t] Loader - host and device caches initialized
[BENCHMARK 0] [/home/keveltun/research/recup/veloc/apps/state-diff/src/loader/data_loader.cpp:11:data_loader_t] [time elapsed: 0 ms] Initialized data loader
Data size = 7497964768
[BENCHMARK 0] [/home/keveltun/research/recup/veloc/apps/state-diff/include/statediff.hpp:143:client_t] [time elapsed: 7 ms] State-diff client 1 initialized
[INFO 0] [/home/keveltun/research/recup/veloc/apps/state-diff/src/loader/host_cache.cpp:50:set_reader] Host (0)- Setting reader to read from file
[INFO 0] [/home/keveltun/research/recup/veloc/apps/state-diff/src/loader/host_cache.cpp:32:activate] Host (0)- Started fetch thread on host cache
[INFO 0] [/home/keveltun/research/recup/veloc/apps/state-diff/src/loader/data_loader.cpp:137:file_load] Loader (0)- Creating segments without given file offsets
[BENCHMARK 0] [/home/keveltun/research/recup/veloc/apps/state-diff/src/loader/data_loader.cpp:161:file_load] [time elapsed: 6 ms] Created segments and staged for file read
[BENCHMARK 0] [/home/keveltun/research/recup/veloc/apps/state-diff/src/loader/host_cache.cpp:75:fetch_] [time elapsed: 6 ms] Host (0)- Waited any batch for host fetch
[INFO 0] [/home/keveltun/research/recup/veloc/apps/state-diff/src/loader/host_cache.cpp:138:get_completed] Host (0)- Getting completed jobs from ready_q
[BENCHMARK 6] [/home/keveltun/research/recup/veloc/apps/state-diff/src/loader/host_cache.cpp:93:fetch_] [time elapsed: 6765 ms] Host (0)- Fetched 1 batches to host cache
[BENCHMARK 6] [/home/keveltun/research/recup/veloc/apps/state-diff/src/loader/data_loader.cpp:223:next] [time elapsed: 6765 ms] Retrieved pointer to next batch of data for computation
[BENCHMARK 7] [/home/keveltun/research/recup/veloc/apps/state-diff/include/statediff.hpp:203:create] [time elapsed: 7525 ms] State-diff tree -1 created from reader
(1e-07) Chunk size: 4096, Creation time: 7.52563 seconds, throughput: 0.927899 GB/s
Evicting /lus/eagle/projects/RECUP/kassogba/veloc-ckpt/haac/sc-experiments/4gpus/np796-500mil/run1/m000p.mpirestart-combined-0-40.dat
Evicting /lus/eagle/projects/RECUP/kassogba/veloc-ckpt/haac/sc-experiments/4gpus/np796-500mil/run1/m000p.mpirestart-combined-0-20.dat
Evicting /lus/eagle/projects/RECUP/kassogba/veloc-ckpt/haac/sc-experiments/4gpus/np796-500mil/run1/m000p.mpirestart-combined-0-30.dat
Evicting /lus/eagle/projects/RECUP/kassogba/veloc-ckpt/haac/sc-experiments/4gpus/np796-500mil/run1/m000p.mpirestart-combined-0-10.dat

           Files: 4
     Directories: 1
   Evicted Pages: 7324790 (27G)
         Elapsed: 1.9611 seconds
[INFO 0] [/home/keveltun/research/recup/veloc/apps/state-diff/src/loader/host_cache.cpp:11:host_cache_t] Host - Creating a cache of size 16384 MB
[INFO 0] [/home/keveltun/research/recup/veloc/apps/state-diff/src/loader/data_loader.cpp:10:data_loader_t] Loader - host and device caches initialized
[BENCHMARK 0] [/home/keveltun/research/recup/veloc/apps/state-diff/src/loader/data_loader.cpp:11:data_loader_t] [time elapsed: 0 ms] Initialized data loader
Data size = 7497964768
[BENCHMARK 0] [/home/keveltun/research/recup/veloc/apps/state-diff/include/statediff.hpp:143:client_t] [time elapsed: 5 ms] State-diff client 1 initialized
[INFO 0] [/home/keveltun/research/recup/veloc/apps/state-diff/src/loader/host_cache.cpp:50:set_reader] Host (0)- Setting reader to read from file
[INFO 0] [/home/keveltun/research/recup/veloc/apps/state-diff/src/loader/host_cache.cpp:32:activate] Host (0)- Started fetch thread on host cache
[INFO 0] [/home/keveltun/research/recup/veloc/apps/state-diff/src/loader/data_loader.cpp:137:file_load] Loader (0)- Creating segments without given file offsets
[BENCHMARK 0] [/home/keveltun/research/recup/veloc/apps/state-diff/src/loader/data_loader.cpp:161:file_load] [time elapsed: 3 ms] Created segments and staged for file read
[BENCHMARK 0] [/home/keveltun/research/recup/veloc/apps/state-diff/src/loader/host_cache.cpp:75:fetch_] [time elapsed: 3 ms] Host (0)- Waited any batch for host fetch
[INFO 0] [/home/keveltun/research/recup/veloc/apps/state-diff/src/loader/host_cache.cpp:138:get_completed] Host (0)- Getting completed jobs from ready_q
[BENCHMARK 6] [/home/keveltun/research/recup/veloc/apps/state-diff/src/loader/host_cache.cpp:93:fetch_] [time elapsed: 6345 ms] Host (0)- Fetched 1 batches to host cache
[BENCHMARK 6] [/home/keveltun/research/recup/veloc/apps/state-diff/src/loader/data_loader.cpp:223:next] [time elapsed: 6345 ms] Retrieved pointer to next batch of data for computation
[BENCHMARK 7] [/home/keveltun/research/recup/veloc/apps/state-diff/include/statediff.hpp:203:create] [time elapsed: 7420 ms] State-diff tree -1 created from reader
(0.01) Chunk size: 8192, Creation time: 7.42014 seconds, throughput: 0.941091 GB/s
Evicting /lus/eagle/projects/RECUP/kassogba/veloc-ckpt/haac/sc-experiments/4gpus/np796-500mil/run1/m000p.mpirestart-combined-0-40.dat
Evicting /lus/eagle/projects/RECUP/kassogba/veloc-ckpt/haac/sc-experiments/4gpus/np796-500mil/run1/m000p.mpirestart-combined-0-20.dat
Evicting /lus/eagle/projects/RECUP/kassogba/veloc-ckpt/haac/sc-experiments/4gpus/np796-500mil/run1/m000p.mpirestart-combined-0-30.dat
Evicting /lus/eagle/projects/RECUP/kassogba/veloc-ckpt/haac/sc-experiments/4gpus/np796-500mil/run1/m000p.mpirestart-combined-0-10.dat

           Files: 4
     Directories: 1
   Evicted Pages: 7324790 (27G)
         Elapsed: 1.9582 seconds
[INFO 0] [/home/keveltun/research/recup/veloc/apps/state-diff/src/loader/host_cache.cpp:11:host_cache_t] Host - Creating a cache of size 16384 MB
[INFO 0] [/home/keveltun/research/recup/veloc/apps/state-diff/src/loader/data_loader.cpp:10:data_loader_t] Loader - host and device caches initialized
[BENCHMARK 0] [/home/keveltun/research/recup/veloc/apps/state-diff/src/loader/data_loader.cpp:11:data_loader_t] [time elapsed: 0 ms] Initialized data loader
Data size = 7497964768
[BENCHMARK 0] [/home/keveltun/research/recup/veloc/apps/state-diff/include/statediff.hpp:143:client_t] [time elapsed: 5 ms] State-diff client 1 initialized
[INFO 0] [/home/keveltun/research/recup/veloc/apps/state-diff/src/loader/host_cache.cpp:50:set_reader] Host (0)- Setting reader to read from file
[INFO 0] [/home/keveltun/research/recup/veloc/apps/state-diff/src/loader/host_cache.cpp:32:activate] Host (0)- Started fetch thread on host cache
[INFO 0] [/home/keveltun/research/recup/veloc/apps/state-diff/src/loader/data_loader.cpp:137:file_load] Loader (0)- Creating segments without given file offsets
[BENCHMARK 0] [/home/keveltun/research/recup/veloc/apps/state-diff/src/loader/data_loader.cpp:161:file_load] [time elapsed: 3 ms] Created segments and staged for file read
[BENCHMARK 0] [/home/keveltun/research/recup/veloc/apps/state-diff/src/loader/host_cache.cpp:75:fetch_] [time elapsed: 3 ms] Host (0)- Waited any batch for host fetch
[INFO 0] [/home/keveltun/research/recup/veloc/apps/state-diff/src/loader/host_cache.cpp:138:get_completed] Host (0)- Getting completed jobs from ready_q
[BENCHMARK 6] [/home/keveltun/research/recup/veloc/apps/state-diff/src/loader/host_cache.cpp:93:fetch_] [time elapsed: 6411 ms] Host (0)- Fetched 1 batches to host cache
[BENCHMARK 6] [/home/keveltun/research/recup/veloc/apps/state-diff/src/loader/data_loader.cpp:223:next] [time elapsed: 6411 ms] Retrieved pointer to next batch of data for computation
[BENCHMARK 7] [/home/keveltun/research/recup/veloc/apps/state-diff/include/statediff.hpp:203:create] [time elapsed: 7175 ms] State-diff tree -1 created from reader
(0.0001) Chunk size: 8192, Creation time: 7.17521 seconds, throughput: 0.973216 GB/s
Evicting /lus/eagle/projects/RECUP/kassogba/veloc-ckpt/haac/sc-experiments/4gpus/np796-500mil/run1/m000p.mpirestart-combined-0-40.dat
Evicting /lus/eagle/projects/RECUP/kassogba/veloc-ckpt/haac/sc-experiments/4gpus/np796-500mil/run1/m000p.mpirestart-combined-0-20.dat
Evicting /lus/eagle/projects/RECUP/kassogba/veloc-ckpt/haac/sc-experiments/4gpus/np796-500mil/run1/m000p.mpirestart-combined-0-30.dat
Evicting /lus/eagle/projects/RECUP/kassogba/veloc-ckpt/haac/sc-experiments/4gpus/np796-500mil/run1/m000p.mpirestart-combined-0-10.dat

           Files: 4
     Directories: 1
   Evicted Pages: 7324790 (27G)
         Elapsed: 1.9729 seconds
[INFO 0] [/home/keveltun/research/recup/veloc/apps/state-diff/src/loader/host_cache.cpp:11:host_cache_t] Host - Creating a cache of size 16384 MB
[INFO 0] [/home/keveltun/research/recup/veloc/apps/state-diff/src/loader/data_loader.cpp:10:data_loader_t] Loader - host and device caches initialized
[BENCHMARK 0] [/home/keveltun/research/recup/veloc/apps/state-diff/src/loader/data_loader.cpp:11:data_loader_t] [time elapsed: 0 ms] Initialized data loader
Data size = 7497964768
[BENCHMARK 0] [/home/keveltun/research/recup/veloc/apps/state-diff/include/statediff.hpp:143:client_t] [time elapsed: 5 ms] State-diff client 1 initialized
[INFO 0] [/home/keveltun/research/recup/veloc/apps/state-diff/src/loader/host_cache.cpp:50:set_reader] Host (0)- Setting reader to read from file
[INFO 0] [/home/keveltun/research/recup/veloc/apps/state-diff/src/loader/host_cache.cpp:32:activate] Host (0)- Started fetch thread on host cache
[INFO 0] [/home/keveltun/research/recup/veloc/apps/state-diff/src/loader/data_loader.cpp:137:file_load] Loader (0)- Creating segments without given file offsets
[BENCHMARK 0] [/home/keveltun/research/recup/veloc/apps/state-diff/src/loader/data_loader.cpp:161:file_load] [time elapsed: 4 ms] Created segments and staged for file read
[BENCHMARK 0] [/home/keveltun/research/recup/veloc/apps/state-diff/src/loader/host_cache.cpp:75:fetch_] [time elapsed: 4 ms] Host (0)- Waited any batch for host fetch
[INFO 0] [/home/keveltun/research/recup/veloc/apps/state-diff/src/loader/host_cache.cpp:138:get_completed] Host (0)- Getting completed jobs from ready_q
[BENCHMARK 7] [/home/keveltun/research/recup/veloc/apps/state-diff/src/loader/host_cache.cpp:93:fetch_] [time elapsed: 6996 ms] Host (0)- Fetched 1 batches to host cache
[BENCHMARK 7] [/home/keveltun/research/recup/veloc/apps/state-diff/src/loader/data_loader.cpp:223:next] [time elapsed: 6996 ms] Retrieved pointer to next batch of data for computation
[BENCHMARK 7] [/home/keveltun/research/recup/veloc/apps/state-diff/include/statediff.hpp:203:create] [time elapsed: 7763 ms] State-diff tree -1 created from reader
(1e-07) Chunk size: 8192, Creation time: 7.76332 seconds, throughput: 0.89949 GB/s
Evicting /lus/eagle/projects/RECUP/kassogba/veloc-ckpt/haac/sc-experiments/4gpus/np796-500mil/run1/m000p.mpirestart-combined-0-40.dat
Evicting /lus/eagle/projects/RECUP/kassogba/veloc-ckpt/haac/sc-experiments/4gpus/np796-500mil/run1/m000p.mpirestart-combined-0-20.dat
Evicting /lus/eagle/projects/RECUP/kassogba/veloc-ckpt/haac/sc-experiments/4gpus/np796-500mil/run1/m000p.mpirestart-combined-0-30.dat
Evicting /lus/eagle/projects/RECUP/kassogba/veloc-ckpt/haac/sc-experiments/4gpus/np796-500mil/run1/m000p.mpirestart-combined-0-10.dat

           Files: 4
     Directories: 1
   Evicted Pages: 7324790 (27G)
         Elapsed: 1.948 seconds
[INFO 0] [/home/keveltun/research/recup/veloc/apps/state-diff/src/loader/host_cache.cpp:11:host_cache_t] Host - Creating a cache of size 16384 MB
[INFO 0] [/home/keveltun/research/recup/veloc/apps/state-diff/src/loader/data_loader.cpp:10:data_loader_t] Loader - host and device caches initialized
[BENCHMARK 0] [/home/keveltun/research/recup/veloc/apps/state-diff/src/loader/data_loader.cpp:11:data_loader_t] [time elapsed: 0 ms] Initialized data loader
Data size = 7497964768
[BENCHMARK 0] [/home/keveltun/research/recup/veloc/apps/state-diff/include/statediff.hpp:143:client_t] [time elapsed: 3 ms] State-diff client 1 initialized
[INFO 0] [/home/keveltun/research/recup/veloc/apps/state-diff/src/loader/host_cache.cpp:50:set_reader] Host (0)- Setting reader to read from file
[INFO 0] [/home/keveltun/research/recup/veloc/apps/state-diff/src/loader/host_cache.cpp:32:activate] Host (0)- Started fetch thread on host cache
[INFO 0] [/home/keveltun/research/recup/veloc/apps/state-diff/src/loader/data_loader.cpp:137:file_load] Loader (0)- Creating segments without given file offsets
[BENCHMARK 0] [/home/keveltun/research/recup/veloc/apps/state-diff/src/loader/data_loader.cpp:161:file_load] [time elapsed: 2 ms] Created segments and staged for file read
[BENCHMARK 0] [/home/keveltun/research/recup/veloc/apps/state-diff/src/loader/host_cache.cpp:75:fetch_] [time elapsed: 2 ms] Host (0)- Waited any batch for host fetch
[INFO 0] [/home/keveltun/research/recup/veloc/apps/state-diff/src/loader/host_cache.cpp:138:get_completed] Host (0)- Getting completed jobs from ready_q
[BENCHMARK 6] [/home/keveltun/research/recup/veloc/apps/state-diff/src/loader/host_cache.cpp:93:fetch_] [time elapsed: 6100 ms] Host (0)- Fetched 1 batches to host cache
[BENCHMARK 6] [/home/keveltun/research/recup/veloc/apps/state-diff/src/loader/data_loader.cpp:223:next] [time elapsed: 6100 ms] Retrieved pointer to next batch of data for computation
[BENCHMARK 7] [/home/keveltun/research/recup/veloc/apps/state-diff/include/statediff.hpp:203:create] [time elapsed: 7181 ms] State-diff tree -1 created from reader
(0.01) Chunk size: 16384, Creation time: 7.18136 seconds, throughput: 0.972381 GB/s
Evicting /lus/eagle/projects/RECUP/kassogba/veloc-ckpt/haac/sc-experiments/4gpus/np796-500mil/run1/m000p.mpirestart-combined-0-40.dat
Evicting /lus/eagle/projects/RECUP/kassogba/veloc-ckpt/haac/sc-experiments/4gpus/np796-500mil/run1/m000p.mpirestart-combined-0-20.dat
Evicting /lus/eagle/projects/RECUP/kassogba/veloc-ckpt/haac/sc-experiments/4gpus/np796-500mil/run1/m000p.mpirestart-combined-0-30.dat
Evicting /lus/eagle/projects/RECUP/kassogba/veloc-ckpt/haac/sc-experiments/4gpus/np796-500mil/run1/m000p.mpirestart-combined-0-10.dat

           Files: 4
     Directories: 1
   Evicted Pages: 7324790 (27G)
         Elapsed: 1.9488 seconds
[INFO 0] [/home/keveltun/research/recup/veloc/apps/state-diff/src/loader/host_cache.cpp:11:host_cache_t] Host - Creating a cache of size 16384 MB
[INFO 0] [/home/keveltun/research/recup/veloc/apps/state-diff/src/loader/data_loader.cpp:10:data_loader_t] Loader - host and device caches initialized
[BENCHMARK 0] [/home/keveltun/research/recup/veloc/apps/state-diff/src/loader/data_loader.cpp:11:data_loader_t] [time elapsed: 0 ms] Initialized data loader
Data size = 7497964768
[BENCHMARK 0] [/home/keveltun/research/recup/veloc/apps/state-diff/include/statediff.hpp:143:client_t] [time elapsed: 3 ms] State-diff client 1 initialized
[INFO 0] [/home/keveltun/research/recup/veloc/apps/state-diff/src/loader/host_cache.cpp:50:set_reader] Host (0)- Setting reader to read from file
[INFO 0] [/home/keveltun/research/recup/veloc/apps/state-diff/src/loader/host_cache.cpp:32:activate] Host (0)- Started fetch thread on host cache
[INFO 0] [/home/keveltun/research/recup/veloc/apps/state-diff/src/loader/data_loader.cpp:137:file_load] Loader (0)- Creating segments without given file offsets
[BENCHMARK 0] [/home/keveltun/research/recup/veloc/apps/state-diff/src/loader/data_loader.cpp:161:file_load] [time elapsed: 2 ms] Created segments and staged for file read
[BENCHMARK 0] [/home/keveltun/research/recup/veloc/apps/state-diff/src/loader/host_cache.cpp:75:fetch_] [time elapsed: 2 ms] Host (0)- Waited any batch for host fetch
[INFO 0] [/home/keveltun/research/recup/veloc/apps/state-diff/src/loader/host_cache.cpp:138:get_completed] Host (0)- Getting completed jobs from ready_q
[BENCHMARK 6] [/home/keveltun/research/recup/veloc/apps/state-diff/src/loader/host_cache.cpp:93:fetch_] [time elapsed: 6215 ms] Host (0)- Fetched 1 batches to host cache
[BENCHMARK 6] [/home/keveltun/research/recup/veloc/apps/state-diff/src/loader/data_loader.cpp:223:next] [time elapsed: 6215 ms] Retrieved pointer to next batch of data for computation
[BENCHMARK 6] [/home/keveltun/research/recup/veloc/apps/state-diff/include/statediff.hpp:203:create] [time elapsed: 6972 ms] State-diff tree -1 created from reader
(0.0001) Chunk size: 16384, Creation time: 6.97254 seconds, throughput: 1.0015 GB/s
Evicting /lus/eagle/projects/RECUP/kassogba/veloc-ckpt/haac/sc-experiments/4gpus/np796-500mil/run1/m000p.mpirestart-combined-0-40.dat
Evicting /lus/eagle/projects/RECUP/kassogba/veloc-ckpt/haac/sc-experiments/4gpus/np796-500mil/run1/m000p.mpirestart-combined-0-20.dat
Evicting /lus/eagle/projects/RECUP/kassogba/veloc-ckpt/haac/sc-experiments/4gpus/np796-500mil/run1/m000p.mpirestart-combined-0-30.dat
Evicting /lus/eagle/projects/RECUP/kassogba/veloc-ckpt/haac/sc-experiments/4gpus/np796-500mil/run1/m000p.mpirestart-combined-0-10.dat

           Files: 4
     Directories: 1
   Evicted Pages: 7324790 (27G)
         Elapsed: 1.9501 seconds
[INFO 0] [/home/keveltun/research/recup/veloc/apps/state-diff/src/loader/host_cache.cpp:11:host_cache_t] Host - Creating a cache of size 16384 MB
[INFO 0] [/home/keveltun/research/recup/veloc/apps/state-diff/src/loader/data_loader.cpp:10:data_loader_t] Loader - host and device caches initialized
[BENCHMARK 0] [/home/keveltun/research/recup/veloc/apps/state-diff/src/loader/data_loader.cpp:11:data_loader_t] [time elapsed: 0 ms] Initialized data loader
Data size = 7497964768
[BENCHMARK 0] [/home/keveltun/research/recup/veloc/apps/state-diff/include/statediff.hpp:143:client_t] [time elapsed: 3 ms] State-diff client 1 initialized
[INFO 0] [/home/keveltun/research/recup/veloc/apps/state-diff/src/loader/host_cache.cpp:50:set_reader] Host (0)- Setting reader to read from file
[INFO 0] [/home/keveltun/research/recup/veloc/apps/state-diff/src/loader/host_cache.cpp:32:activate] Host (0)- Started fetch thread on host cache
[INFO 0] [/home/keveltun/research/recup/veloc/apps/state-diff/src/loader/data_loader.cpp:137:file_load] Loader (0)- Creating segments without given file offsets
[BENCHMARK 0] [/home/keveltun/research/recup/veloc/apps/state-diff/src/loader/data_loader.cpp:161:file_load] [time elapsed: 2 ms] Created segments and staged for file read
[BENCHMARK 0] [/home/keveltun/research/recup/veloc/apps/state-diff/src/loader/host_cache.cpp:75:fetch_] [time elapsed: 2 ms] Host (0)- Waited any batch for host fetch
[INFO 0] [/home/keveltun/research/recup/veloc/apps/state-diff/src/loader/host_cache.cpp:138:get_completed] Host (0)- Getting completed jobs from ready_q
[BENCHMARK 6] [/home/keveltun/research/recup/veloc/apps/state-diff/src/loader/host_cache.cpp:93:fetch_] [time elapsed: 6302 ms] Host (0)- Fetched 1 batches to host cache
[BENCHMARK 6] [/home/keveltun/research/recup/veloc/apps/state-diff/src/loader/data_loader.cpp:223:next] [time elapsed: 6302 ms] Retrieved pointer to next batch of data for computation
[BENCHMARK 7] [/home/keveltun/research/recup/veloc/apps/state-diff/include/statediff.hpp:203:create] [time elapsed: 7053 ms] State-diff tree -1 created from reader
(1e-07) Chunk size: 16384, Creation time: 7.05319 seconds, throughput: 0.990051 GB/s
Evicting /lus/eagle/projects/RECUP/kassogba/veloc-ckpt/haac/sc-experiments/4gpus/np796-500mil/run1/m000p.mpirestart-combined-0-40.dat
Evicting /lus/eagle/projects/RECUP/kassogba/veloc-ckpt/haac/sc-experiments/4gpus/np796-500mil/run1/m000p.mpirestart-combined-0-20.dat
Evicting /lus/eagle/projects/RECUP/kassogba/veloc-ckpt/haac/sc-experiments/4gpus/np796-500mil/run1/m000p.mpirestart-combined-0-30.dat
Evicting /lus/eagle/projects/RECUP/kassogba/veloc-ckpt/haac/sc-experiments/4gpus/np796-500mil/run1/m000p.mpirestart-combined-0-10.dat

           Files: 4
     Directories: 1
   Evicted Pages: 7324790 (27G)
         Elapsed: 1.9678 seconds
[INFO 0] [/home/keveltun/research/recup/veloc/apps/state-diff/src/loader/host_cache.cpp:11:host_cache_t] Host - Creating a cache of size 16384 MB
[INFO 0] [/home/keveltun/research/recup/veloc/apps/state-diff/src/loader/data_loader.cpp:10:data_loader_t] Loader - host and device caches initialized
[BENCHMARK 0] [/home/keveltun/research/recup/veloc/apps/state-diff/src/loader/data_loader.cpp:11:data_loader_t] [time elapsed: 0 ms] Initialized data loader
Data size = 7497964768
[BENCHMARK 0] [/home/keveltun/research/recup/veloc/apps/state-diff/include/statediff.hpp:143:client_t] [time elapsed: 2 ms] State-diff client 1 initialized
[INFO 0] [/home/keveltun/research/recup/veloc/apps/state-diff/src/loader/host_cache.cpp:50:set_reader] Host (0)- Setting reader to read from file
[INFO 0] [/home/keveltun/research/recup/veloc/apps/state-diff/src/loader/host_cache.cpp:32:activate] Host (0)- Started fetch thread on host cache
[INFO 0] [/home/keveltun/research/recup/veloc/apps/state-diff/src/loader/data_loader.cpp:137:file_load] Loader (0)- Creating segments without given file offsets
[BENCHMARK 0] [/home/keveltun/research/recup/veloc/apps/state-diff/src/loader/data_loader.cpp:161:file_load] [time elapsed: 1 ms] Created segments and staged for file read
[BENCHMARK 0] [/home/keveltun/research/recup/veloc/apps/state-diff/src/loader/host_cache.cpp:75:fetch_] [time elapsed: 1 ms] Host (0)- Waited any batch for host fetch
[INFO 0] [/home/keveltun/research/recup/veloc/apps/state-diff/src/loader/host_cache.cpp:138:get_completed] Host (0)- Getting completed jobs from ready_q
[BENCHMARK 6] [/home/keveltun/research/recup/veloc/apps/state-diff/src/loader/host_cache.cpp:93:fetch_] [time elapsed: 6414 ms] Host (0)- Fetched 1 batches to host cache
[BENCHMARK 6] [/home/keveltun/research/recup/veloc/apps/state-diff/src/loader/data_loader.cpp:223:next] [time elapsed: 6414 ms] Retrieved pointer to next batch of data for computation
[BENCHMARK 7] [/home/keveltun/research/recup/veloc/apps/state-diff/include/statediff.hpp:203:create] [time elapsed: 7491 ms] State-diff tree -1 created from reader
(0.01) Chunk size: 32768, Creation time: 7.49158 seconds, throughput: 0.932117 GB/s
Evicting /lus/eagle/projects/RECUP/kassogba/veloc-ckpt/haac/sc-experiments/4gpus/np796-500mil/run1/m000p.mpirestart-combined-0-40.dat
Evicting /lus/eagle/projects/RECUP/kassogba/veloc-ckpt/haac/sc-experiments/4gpus/np796-500mil/run1/m000p.mpirestart-combined-0-20.dat
Evicting /lus/eagle/projects/RECUP/kassogba/veloc-ckpt/haac/sc-experiments/4gpus/np796-500mil/run1/m000p.mpirestart-combined-0-30.dat
Evicting /lus/eagle/projects/RECUP/kassogba/veloc-ckpt/haac/sc-experiments/4gpus/np796-500mil/run1/m000p.mpirestart-combined-0-10.dat

           Files: 4
     Directories: 1
   Evicted Pages: 7324790 (27G)
         Elapsed: 1.9626 seconds
[INFO 0] [/home/keveltun/research/recup/veloc/apps/state-diff/src/loader/host_cache.cpp:11:host_cache_t] Host - Creating a cache of size 16384 MB
[INFO 0] [/home/keveltun/research/recup/veloc/apps/state-diff/src/loader/data_loader.cpp:10:data_loader_t] Loader - host and device caches initialized
[BENCHMARK 0] [/home/keveltun/research/recup/veloc/apps/state-diff/src/loader/data_loader.cpp:11:data_loader_t] [time elapsed: 0 ms] Initialized data loader
Data size = 7497964768
[BENCHMARK 0] [/home/keveltun/research/recup/veloc/apps/state-diff/include/statediff.hpp:143:client_t] [time elapsed: 2 ms] State-diff client 1 initialized
[INFO 0] [/home/keveltun/research/recup/veloc/apps/state-diff/src/loader/host_cache.cpp:50:set_reader] Host (0)- Setting reader to read from file
[INFO 0] [/home/keveltun/research/recup/veloc/apps/state-diff/src/loader/host_cache.cpp:32:activate] Host (0)- Started fetch thread on host cache
[INFO 0] [/home/keveltun/research/recup/veloc/apps/state-diff/src/loader/data_loader.cpp:137:file_load] Loader (0)- Creating segments without given file offsets
[BENCHMARK 0] [/home/keveltun/research/recup/veloc/apps/state-diff/src/loader/data_loader.cpp:161:file_load] [time elapsed: 1 ms] Created segments and staged for file read
[BENCHMARK 0] [/home/keveltun/research/recup/veloc/apps/state-diff/src/loader/host_cache.cpp:75:fetch_] [time elapsed: 1 ms] Host (0)- Waited any batch for host fetch
[INFO 0] [/home/keveltun/research/recup/veloc/apps/state-diff/src/loader/host_cache.cpp:138:get_completed] Host (0)- Getting completed jobs from ready_q
[BENCHMARK 6] [/home/keveltun/research/recup/veloc/apps/state-diff/src/loader/host_cache.cpp:93:fetch_] [time elapsed: 6589 ms] Host (0)- Fetched 1 batches to host cache
[BENCHMARK 6] [/home/keveltun/research/recup/veloc/apps/state-diff/src/loader/data_loader.cpp:223:next] [time elapsed: 6590 ms] Retrieved pointer to next batch of data for computation
[BENCHMARK 7] [/home/keveltun/research/recup/veloc/apps/state-diff/include/statediff.hpp:203:create] [time elapsed: 7358 ms] State-diff tree -1 created from reader
(0.0001) Chunk size: 32768, Creation time: 7.35837 seconds, throughput: 0.948991 GB/s
Evicting /lus/eagle/projects/RECUP/kassogba/veloc-ckpt/haac/sc-experiments/4gpus/np796-500mil/run1/m000p.mpirestart-combined-0-40.dat
Evicting /lus/eagle/projects/RECUP/kassogba/veloc-ckpt/haac/sc-experiments/4gpus/np796-500mil/run1/m000p.mpirestart-combined-0-20.dat
Evicting /lus/eagle/projects/RECUP/kassogba/veloc-ckpt/haac/sc-experiments/4gpus/np796-500mil/run1/m000p.mpirestart-combined-0-30.dat
Evicting /lus/eagle/projects/RECUP/kassogba/veloc-ckpt/haac/sc-experiments/4gpus/np796-500mil/run1/m000p.mpirestart-combined-0-10.dat

           Files: 4
     Directories: 1
   Evicted Pages: 7324790 (27G)
         Elapsed: 1.9611 seconds
[INFO 0] [/home/keveltun/research/recup/veloc/apps/state-diff/src/loader/host_cache.cpp:11:host_cache_t] Host - Creating a cache of size 16384 MB
[INFO 0] [/home/keveltun/research/recup/veloc/apps/state-diff/src/loader/data_loader.cpp:10:data_loader_t] Loader - host and device caches initialized
[BENCHMARK 0] [/home/keveltun/research/recup/veloc/apps/state-diff/src/loader/data_loader.cpp:11:data_loader_t] [time elapsed: 0 ms] Initialized data loader
Data size = 7497964768
[BENCHMARK 0] [/home/keveltun/research/recup/veloc/apps/state-diff/include/statediff.hpp:143:client_t] [time elapsed: 3 ms] State-diff client 1 initialized
[INFO 0] [/home/keveltun/research/recup/veloc/apps/state-diff/src/loader/host_cache.cpp:50:set_reader] Host (0)- Setting reader to read from file
[INFO 0] [/home/keveltun/research/recup/veloc/apps/state-diff/src/loader/host_cache.cpp:32:activate] Host (0)- Started fetch thread on host cache
[INFO 0] [/home/keveltun/research/recup/veloc/apps/state-diff/src/loader/data_loader.cpp:137:file_load] Loader (0)- Creating segments without given file offsets
[BENCHMARK 0] [/home/keveltun/research/recup/veloc/apps/state-diff/src/loader/data_loader.cpp:161:file_load] [time elapsed: 1 ms] Created segments and staged for file read
[BENCHMARK 0] [/home/keveltun/research/recup/veloc/apps/state-diff/src/loader/host_cache.cpp:75:fetch_] [time elapsed: 1 ms] Host (0)- Waited any batch for host fetch
[INFO 0] [/home/keveltun/research/recup/veloc/apps/state-diff/src/loader/host_cache.cpp:138:get_completed] Host (0)- Getting completed jobs from ready_q
[BENCHMARK 6] [/home/keveltun/research/recup/veloc/apps/state-diff/src/loader/host_cache.cpp:93:fetch_] [time elapsed: 6745 ms] Host (0)- Fetched 1 batches to host cache
[BENCHMARK 6] [/home/keveltun/research/recup/veloc/apps/state-diff/src/loader/data_loader.cpp:223:next] [time elapsed: 6745 ms] Retrieved pointer to next batch of data for computation
[BENCHMARK 7] [/home/keveltun/research/recup/veloc/apps/state-diff/include/statediff.hpp:203:create] [time elapsed: 7506 ms] State-diff tree -1 created from reader
(1e-07) Chunk size: 32768, Creation time: 7.50632 seconds, throughput: 0.930286 GB/s
Evicting /lus/eagle/projects/RECUP/kassogba/veloc-ckpt/haac/sc-experiments/4gpus/np796-500mil/run1/m000p.mpirestart-combined-0-40.dat
Evicting /lus/eagle/projects/RECUP/kassogba/veloc-ckpt/haac/sc-experiments/4gpus/np796-500mil/run1/m000p.mpirestart-combined-0-20.dat
Evicting /lus/eagle/projects/RECUP/kassogba/veloc-ckpt/haac/sc-experiments/4gpus/np796-500mil/run1/m000p.mpirestart-combined-0-30.dat
Evicting /lus/eagle/projects/RECUP/kassogba/veloc-ckpt/haac/sc-experiments/4gpus/np796-500mil/run1/m000p.mpirestart-combined-0-10.dat

           Files: 4
     Directories: 1
   Evicted Pages: 7324790 (27G)
         Elapsed: 1.9433 seconds
[INFO 0] [/home/keveltun/research/recup/veloc/apps/state-diff/src/loader/host_cache.cpp:11:host_cache_t] Host - Creating a cache of size 16384 MB
[INFO 0] [/home/keveltun/research/recup/veloc/apps/state-diff/src/loader/data_loader.cpp:10:data_loader_t] Loader - host and device caches initialized
[BENCHMARK 0] [/home/keveltun/research/recup/veloc/apps/state-diff/src/loader/data_loader.cpp:11:data_loader_t] [time elapsed: 0 ms] Initialized data loader
Data size = 7497964768
[BENCHMARK 0] [/home/keveltun/research/recup/veloc/apps/state-diff/include/statediff.hpp:143:client_t] [time elapsed: 1 ms] State-diff client 1 initialized
[INFO 0] [/home/keveltun/research/recup/veloc/apps/state-diff/src/loader/host_cache.cpp:50:set_reader] Host (0)- Setting reader to read from file
[INFO 0] [/home/keveltun/research/recup/veloc/apps/state-diff/src/loader/host_cache.cpp:32:activate] Host (0)- Started fetch thread on host cache
[INFO 0] [/home/keveltun/research/recup/veloc/apps/state-diff/src/loader/data_loader.cpp:137:file_load] Loader (0)- Creating segments without given file offsets
[BENCHMARK 0] [/home/keveltun/research/recup/veloc/apps/state-diff/src/loader/data_loader.cpp:161:file_load] [time elapsed: 0 ms] Created segments and staged for file read
[BENCHMARK 0] [/home/keveltun/research/recup/veloc/apps/state-diff/src/loader/host_cache.cpp:75:fetch_] [time elapsed: 0 ms] Host (0)- Waited any batch for host fetch
[INFO 0] [/home/keveltun/research/recup/veloc/apps/state-diff/src/loader/host_cache.cpp:138:get_completed] Host (0)- Getting completed jobs from ready_q
[BENCHMARK 6] [/home/keveltun/research/recup/veloc/apps/state-diff/src/loader/host_cache.cpp:93:fetch_] [time elapsed: 6231 ms] Host (0)- Fetched 1 batches to host cache
[BENCHMARK 6] [/home/keveltun/research/recup/veloc/apps/state-diff/src/loader/data_loader.cpp:223:next] [time elapsed: 6231 ms] Retrieved pointer to next batch of data for computation
[BENCHMARK 7] [/home/keveltun/research/recup/veloc/apps/state-diff/include/statediff.hpp:203:create] [time elapsed: 7301 ms] State-diff tree -1 created from reader
(0.01) Chunk size: 65536, Creation time: 7.30199 seconds, throughput: 0.956318 GB/s
Evicting /lus/eagle/projects/RECUP/kassogba/veloc-ckpt/haac/sc-experiments/4gpus/np796-500mil/run1/m000p.mpirestart-combined-0-40.dat
Evicting /lus/eagle/projects/RECUP/kassogba/veloc-ckpt/haac/sc-experiments/4gpus/np796-500mil/run1/m000p.mpirestart-combined-0-20.dat
Evicting /lus/eagle/projects/RECUP/kassogba/veloc-ckpt/haac/sc-experiments/4gpus/np796-500mil/run1/m000p.mpirestart-combined-0-30.dat
Evicting /lus/eagle/projects/RECUP/kassogba/veloc-ckpt/haac/sc-experiments/4gpus/np796-500mil/run1/m000p.mpirestart-combined-0-10.dat

           Files: 4
     Directories: 1
   Evicted Pages: 7324790 (27G)
         Elapsed: 1.9435 seconds
[INFO 0] [/home/keveltun/research/recup/veloc/apps/state-diff/src/loader/host_cache.cpp:11:host_cache_t] Host - Creating a cache of size 16384 MB
[INFO 0] [/home/keveltun/research/recup/veloc/apps/state-diff/src/loader/data_loader.cpp:10:data_loader_t] Loader - host and device caches initialized
[BENCHMARK 0] [/home/keveltun/research/recup/veloc/apps/state-diff/src/loader/data_loader.cpp:11:data_loader_t] [time elapsed: 0 ms] Initialized data loader
Data size = 7497964768
[BENCHMARK 0] [/home/keveltun/research/recup/veloc/apps/state-diff/include/statediff.hpp:143:client_t] [time elapsed: 1 ms] State-diff client 1 initialized
[INFO 0] [/home/keveltun/research/recup/veloc/apps/state-diff/src/loader/host_cache.cpp:50:set_reader] Host (0)- Setting reader to read from file
[INFO 0] [/home/keveltun/research/recup/veloc/apps/state-diff/src/loader/host_cache.cpp:32:activate] Host (0)- Started fetch thread on host cache
[INFO 0] [/home/keveltun/research/recup/veloc/apps/state-diff/src/loader/data_loader.cpp:137:file_load] Loader (0)- Creating segments without given file offsets
[BENCHMARK 0] [/home/keveltun/research/recup/veloc/apps/state-diff/src/loader/data_loader.cpp:161:file_load] [time elapsed: 0 ms] Created segments and staged for file read
[BENCHMARK 0] [/home/keveltun/research/recup/veloc/apps/state-diff/src/loader/host_cache.cpp:75:fetch_] [time elapsed: 0 ms] Host (0)- Waited any batch for host fetch
[INFO 0] [/home/keveltun/research/recup/veloc/apps/state-diff/src/loader/host_cache.cpp:138:get_completed] Host (0)- Getting completed jobs from ready_q
[BENCHMARK 5] [/home/keveltun/research/recup/veloc/apps/state-diff/src/loader/host_cache.cpp:93:fetch_] [time elapsed: 5859 ms] Host (0)- Fetched 1 batches to host cache
[BENCHMARK 5] [/home/keveltun/research/recup/veloc/apps/state-diff/src/loader/data_loader.cpp:223:next] [time elapsed: 5859 ms] Retrieved pointer to next batch of data for computation
[BENCHMARK 6] [/home/keveltun/research/recup/veloc/apps/state-diff/include/statediff.hpp:203:create] [time elapsed: 6620 ms] State-diff tree -1 created from reader
(0.0001) Chunk size: 65536, Creation time: 6.62077 seconds, throughput: 1.05471 GB/s
Evicting /lus/eagle/projects/RECUP/kassogba/veloc-ckpt/haac/sc-experiments/4gpus/np796-500mil/run1/m000p.mpirestart-combined-0-40.dat
Evicting /lus/eagle/projects/RECUP/kassogba/veloc-ckpt/haac/sc-experiments/4gpus/np796-500mil/run1/m000p.mpirestart-combined-0-20.dat
Evicting /lus/eagle/projects/RECUP/kassogba/veloc-ckpt/haac/sc-experiments/4gpus/np796-500mil/run1/m000p.mpirestart-combined-0-30.dat
Evicting /lus/eagle/projects/RECUP/kassogba/veloc-ckpt/haac/sc-experiments/4gpus/np796-500mil/run1/m000p.mpirestart-combined-0-10.dat

           Files: 4
     Directories: 1
   Evicted Pages: 7324790 (27G)
         Elapsed: 1.9614 seconds
[INFO 0] [/home/keveltun/research/recup/veloc/apps/state-diff/src/loader/host_cache.cpp:11:host_cache_t] Host - Creating a cache of size 16384 MB
[INFO 0] [/home/keveltun/research/recup/veloc/apps/state-diff/src/loader/data_loader.cpp:10:data_loader_t] Loader - host and device caches initialized
[BENCHMARK 0] [/home/keveltun/research/recup/veloc/apps/state-diff/src/loader/data_loader.cpp:11:data_loader_t] [time elapsed: 0 ms] Initialized data loader
Data size = 7497964768
[BENCHMARK 0] [/home/keveltun/research/recup/veloc/apps/state-diff/include/statediff.hpp:143:client_t] [time elapsed: 1 ms] State-diff client 1 initialized
[INFO 0] [/home/keveltun/research/recup/veloc/apps/state-diff/src/loader/host_cache.cpp:50:set_reader] Host (0)- Setting reader to read from file
[INFO 0] [/home/keveltun/research/recup/veloc/apps/state-diff/src/loader/host_cache.cpp:32:activate] Host (0)- Started fetch thread on host cache
[INFO 0] [/home/keveltun/research/recup/veloc/apps/state-diff/src/loader/data_loader.cpp:137:file_load] Loader (0)- Creating segments without given file offsets
[BENCHMARK 0] [/home/keveltun/research/recup/veloc/apps/state-diff/src/loader/data_loader.cpp:161:file_load] [time elapsed: 0 ms] Created segments and staged for file read
[BENCHMARK 0] [/home/keveltun/research/recup/veloc/apps/state-diff/src/loader/host_cache.cpp:75:fetch_] [time elapsed: 0 ms] Host (0)- Waited any batch for host fetch
[INFO 0] [/home/keveltun/research/recup/veloc/apps/state-diff/src/loader/host_cache.cpp:138:get_completed] Host (0)- Getting completed jobs from ready_q
[BENCHMARK 5] [/home/keveltun/research/recup/veloc/apps/state-diff/src/loader/host_cache.cpp:93:fetch_] [time elapsed: 5936 ms] Host (0)- Fetched 1 batches to host cache
[BENCHMARK 5] [/home/keveltun/research/recup/veloc/apps/state-diff/src/loader/data_loader.cpp:223:next] [time elapsed: 5936 ms] Retrieved pointer to next batch of data for computation
[BENCHMARK 6] [/home/keveltun/research/recup/veloc/apps/state-diff/include/statediff.hpp:203:create] [time elapsed: 6707 ms] State-diff tree -1 created from reader
(1e-07) Chunk size: 65536, Creation time: 6.70799 seconds, throughput: 1.041 GB/s
Evicting /lus/eagle/projects/RECUP/kassogba/veloc-ckpt/haac/sc-experiments/4gpus/np796-500mil/run1/m000p.mpirestart-combined-0-40.dat
Evicting /lus/eagle/projects/RECUP/kassogba/veloc-ckpt/haac/sc-experiments/4gpus/np796-500mil/run1/m000p.mpirestart-combined-0-20.dat
Evicting /lus/eagle/projects/RECUP/kassogba/veloc-ckpt/haac/sc-experiments/4gpus/np796-500mil/run1/m000p.mpirestart-combined-0-30.dat
Evicting /lus/eagle/projects/RECUP/kassogba/veloc-ckpt/haac/sc-experiments/4gpus/np796-500mil/run1/m000p.mpirestart-combined-0-10.dat

           Files: 4
     Directories: 1
   Evicted Pages: 7324790 (27G)
         Elapsed: 1.9616 seconds
[INFO 0] [/home/keveltun/research/recup/veloc/apps/state-diff/src/loader/host_cache.cpp:11:host_cache_t] Host - Creating a cache of size 16384 MB
[INFO 0] [/home/keveltun/research/recup/veloc/apps/state-diff/src/loader/data_loader.cpp:10:data_loader_t] Loader - host and device caches initialized
[BENCHMARK 0] [/home/keveltun/research/recup/veloc/apps/state-diff/src/loader/data_loader.cpp:11:data_loader_t] [time elapsed: 0 ms] Initialized data loader
Data size = 7497964768
[BENCHMARK 0] [/home/keveltun/research/recup/veloc/apps/state-diff/include/statediff.hpp:143:client_t] [time elapsed: 1 ms] State-diff client 1 initialized
[INFO 0] [/home/keveltun/research/recup/veloc/apps/state-diff/src/loader/host_cache.cpp:50:set_reader] Host (0)- Setting reader to read from file
[INFO 0] [/home/keveltun/research/recup/veloc/apps/state-diff/src/loader/host_cache.cpp:32:activate] Host (0)- Started fetch thread on host cache
[INFO 0] [/home/keveltun/research/recup/veloc/apps/state-diff/src/loader/data_loader.cpp:137:file_load] Loader (0)- Creating segments without given file offsets
[BENCHMARK 0] [/home/keveltun/research/recup/veloc/apps/state-diff/src/loader/data_loader.cpp:161:file_load] [time elapsed: 0 ms] Created segments and staged for file read
[BENCHMARK 0] [/home/keveltun/research/recup/veloc/apps/state-diff/src/loader/host_cache.cpp:75:fetch_] [time elapsed: 0 ms] Host (0)- Waited any batch for host fetch
[INFO 0] [/home/keveltun/research/recup/veloc/apps/state-diff/src/loader/host_cache.cpp:138:get_completed] Host (0)- Getting completed jobs from ready_q
[BENCHMARK 5] [/home/keveltun/research/recup/veloc/apps/state-diff/src/loader/host_cache.cpp:93:fetch_] [time elapsed: 5114 ms] Host (0)- Fetched 1 batches to host cache
[BENCHMARK 5] [/home/keveltun/research/recup/veloc/apps/state-diff/src/loader/data_loader.cpp:223:next] [time elapsed: 5114 ms] Retrieved pointer to next batch of data for computation
[BENCHMARK 6] [/home/keveltun/research/recup/veloc/apps/state-diff/include/statediff.hpp:203:create] [time elapsed: 6184 ms] State-diff tree -1 created from reader
(0.01) Chunk size: 131072, Creation time: 6.18488 seconds, throughput: 1.12905 GB/s
Evicting /lus/eagle/projects/RECUP/kassogba/veloc-ckpt/haac/sc-experiments/4gpus/np796-500mil/run1/m000p.mpirestart-combined-0-40.dat
Evicting /lus/eagle/projects/RECUP/kassogba/veloc-ckpt/haac/sc-experiments/4gpus/np796-500mil/run1/m000p.mpirestart-combined-0-20.dat
Evicting /lus/eagle/projects/RECUP/kassogba/veloc-ckpt/haac/sc-experiments/4gpus/np796-500mil/run1/m000p.mpirestart-combined-0-30.dat
Evicting /lus/eagle/projects/RECUP/kassogba/veloc-ckpt/haac/sc-experiments/4gpus/np796-500mil/run1/m000p.mpirestart-combined-0-10.dat

           Files: 4
     Directories: 1
   Evicted Pages: 7324790 (27G)
         Elapsed: 1.9303 seconds
[INFO 0] [/home/keveltun/research/recup/veloc/apps/state-diff/src/loader/host_cache.cpp:11:host_cache_t] Host - Creating a cache of size 16384 MB
[INFO 0] [/home/keveltun/research/recup/veloc/apps/state-diff/src/loader/data_loader.cpp:10:data_loader_t] Loader - host and device caches initialized
[BENCHMARK 0] [/home/keveltun/research/recup/veloc/apps/state-diff/src/loader/data_loader.cpp:11:data_loader_t] [time elapsed: 0 ms] Initialized data loader
Data size = 7497964768
[BENCHMARK 0] [/home/keveltun/research/recup/veloc/apps/state-diff/include/statediff.hpp:143:client_t] [time elapsed: 1 ms] State-diff client 1 initialized
[INFO 0] [/home/keveltun/research/recup/veloc/apps/state-diff/src/loader/host_cache.cpp:50:set_reader] Host (0)- Setting reader to read from file
[INFO 0] [/home/keveltun/research/recup/veloc/apps/state-diff/src/loader/host_cache.cpp:32:activate] Host (0)- Started fetch thread on host cache
[INFO 0] [/home/keveltun/research/recup/veloc/apps/state-diff/src/loader/data_loader.cpp:137:file_load] Loader (0)- Creating segments without given file offsets
[BENCHMARK 0] [/home/keveltun/research/recup/veloc/apps/state-diff/src/loader/data_loader.cpp:161:file_load] [time elapsed: 0 ms] Created segments and staged for file read
[BENCHMARK 0] [/home/keveltun/research/recup/veloc/apps/state-diff/src/loader/host_cache.cpp:75:fetch_] [time elapsed: 0 ms] Host (0)- Waited any batch for host fetch
[INFO 0] [/home/keveltun/research/recup/veloc/apps/state-diff/src/loader/host_cache.cpp:138:get_completed] Host (0)- Getting completed jobs from ready_q
[BENCHMARK 4] [/home/keveltun/research/recup/veloc/apps/state-diff/src/loader/host_cache.cpp:93:fetch_] [time elapsed: 4627 ms] Host (0)- Fetched 1 batches to host cache
[BENCHMARK 4] [/home/keveltun/research/recup/veloc/apps/state-diff/src/loader/data_loader.cpp:223:next] [time elapsed: 4627 ms] Retrieved pointer to next batch of data for computation
[BENCHMARK 5] [/home/keveltun/research/recup/veloc/apps/state-diff/include/statediff.hpp:203:create] [time elapsed: 5386 ms] State-diff tree -1 created from reader
(0.0001) Chunk size: 131072, Creation time: 5.38676 seconds, throughput: 1.29633 GB/s
Evicting /lus/eagle/projects/RECUP/kassogba/veloc-ckpt/haac/sc-experiments/4gpus/np796-500mil/run1/m000p.mpirestart-combined-0-40.dat
Evicting /lus/eagle/projects/RECUP/kassogba/veloc-ckpt/haac/sc-experiments/4gpus/np796-500mil/run1/m000p.mpirestart-combined-0-20.dat
Evicting /lus/eagle/projects/RECUP/kassogba/veloc-ckpt/haac/sc-experiments/4gpus/np796-500mil/run1/m000p.mpirestart-combined-0-30.dat
Evicting /lus/eagle/projects/RECUP/kassogba/veloc-ckpt/haac/sc-experiments/4gpus/np796-500mil/run1/m000p.mpirestart-combined-0-10.dat

           Files: 4
     Directories: 1
   Evicted Pages: 7324790 (27G)
         Elapsed: 1.9635 seconds
[INFO 0] [/home/keveltun/research/recup/veloc/apps/state-diff/src/loader/host_cache.cpp:11:host_cache_t] Host - Creating a cache of size 16384 MB
[INFO 0] [/home/keveltun/research/recup/veloc/apps/state-diff/src/loader/data_loader.cpp:10:data_loader_t] Loader - host and device caches initialized
[BENCHMARK 0] [/home/keveltun/research/recup/veloc/apps/state-diff/src/loader/data_loader.cpp:11:data_loader_t] [time elapsed: 0 ms] Initialized data loader
Data size = 7497964768
[BENCHMARK 0] [/home/keveltun/research/recup/veloc/apps/state-diff/include/statediff.hpp:143:client_t] [time elapsed: 1 ms] State-diff client 1 initialized
[INFO 0] [/home/keveltun/research/recup/veloc/apps/state-diff/src/loader/host_cache.cpp:50:set_reader] Host (0)- Setting reader to read from file
[INFO 0] [/home/keveltun/research/recup/veloc/apps/state-diff/src/loader/host_cache.cpp:32:activate] Host (0)- Started fetch thread on host cache
[INFO 0] [/home/keveltun/research/recup/veloc/apps/state-diff/src/loader/data_loader.cpp:137:file_load] Loader (0)- Creating segments without given file offsets
[BENCHMARK 0] [/home/keveltun/research/recup/veloc/apps/state-diff/src/loader/data_loader.cpp:161:file_load] [time elapsed: 0 ms] Created segments and staged for file read
[BENCHMARK 0] [/home/keveltun/research/recup/veloc/apps/state-diff/src/loader/host_cache.cpp:75:fetch_] [time elapsed: 0 ms] Host (0)- Waited any batch for host fetch
[INFO 0] [/home/keveltun/research/recup/veloc/apps/state-diff/src/loader/host_cache.cpp:138:get_completed] Host (0)- Getting completed jobs from ready_q
[BENCHMARK 4] [/home/keveltun/research/recup/veloc/apps/state-diff/src/loader/host_cache.cpp:93:fetch_] [time elapsed: 4575 ms] Host (0)- Fetched 1 batches to host cache
[BENCHMARK 4] [/home/keveltun/research/recup/veloc/apps/state-diff/src/loader/data_loader.cpp:223:next] [time elapsed: 4575 ms] Retrieved pointer to next batch of data for computation
[BENCHMARK 5] [/home/keveltun/research/recup/veloc/apps/state-diff/include/statediff.hpp:203:create] [time elapsed: 5325 ms] State-diff tree -1 created from reader
(1e-07) Chunk size: 131072, Creation time: 5.326 seconds, throughput: 1.31112 GB/s
Evicting /lus/eagle/projects/RECUP/kassogba/veloc-ckpt/haac/sc-experiments/4gpus/np796-500mil/run1/m000p.mpirestart-combined-0-40.dat
Evicting /lus/eagle/projects/RECUP/kassogba/veloc-ckpt/haac/sc-experiments/4gpus/np796-500mil/run1/m000p.mpirestart-combined-0-20.dat
Evicting /lus/eagle/projects/RECUP/kassogba/veloc-ckpt/haac/sc-experiments/4gpus/np796-500mil/run1/m000p.mpirestart-combined-0-30.dat
Evicting /lus/eagle/projects/RECUP/kassogba/veloc-ckpt/haac/sc-experiments/4gpus/np796-500mil/run1/m000p.mpirestart-combined-0-10.dat

           Files: 4
     Directories: 1
   Evicted Pages: 7324790 (27G)
         Elapsed: 1.9321 seconds
[INFO 0] [/home/keveltun/research/recup/veloc/apps/state-diff/src/loader/host_cache.cpp:11:host_cache_t] Host - Creating a cache of size 16384 MB
[INFO 0] [/home/keveltun/research/recup/veloc/apps/state-diff/src/loader/data_loader.cpp:10:data_loader_t] Loader - host and device caches initialized
[BENCHMARK 0] [/home/keveltun/research/recup/veloc/apps/state-diff/src/loader/data_loader.cpp:11:data_loader_t] [time elapsed: 0 ms] Initialized data loader
Data size = 7497964768
[BENCHMARK 0] [/home/keveltun/research/recup/veloc/apps/state-diff/include/statediff.hpp:143:client_t] [time elapsed: 0 ms] State-diff client 1 initialized
[INFO 0] [/home/keveltun/research/recup/veloc/apps/state-diff/src/loader/host_cache.cpp:50:set_reader] Host (0)- Setting reader to read from file
[INFO 0] [/home/keveltun/research/recup/veloc/apps/state-diff/src/loader/host_cache.cpp:32:activate] Host (0)- Started fetch thread on host cache
[INFO 0] [/home/keveltun/research/recup/veloc/apps/state-diff/src/loader/data_loader.cpp:137:file_load] Loader (0)- Creating segments without given file offsets
[BENCHMARK 0] [/home/keveltun/research/recup/veloc/apps/state-diff/src/loader/data_loader.cpp:161:file_load] [time elapsed: 0 ms] Created segments and staged for file read
[BENCHMARK 0] [/home/keveltun/research/recup/veloc/apps/state-diff/src/loader/host_cache.cpp:75:fetch_] [time elapsed: 0 ms] Host (0)- Waited any batch for host fetch
[INFO 0] [/home/keveltun/research/recup/veloc/apps/state-diff/src/loader/host_cache.cpp:138:get_completed] Host (0)- Getting completed jobs from ready_q
[BENCHMARK 3] [/home/keveltun/research/recup/veloc/apps/state-diff/src/loader/host_cache.cpp:93:fetch_] [time elapsed: 3699 ms] Host (0)- Fetched 1 batches to host cache
[BENCHMARK 3] [/home/keveltun/research/recup/veloc/apps/state-diff/src/loader/data_loader.cpp:223:next] [time elapsed: 3699 ms] Retrieved pointer to next batch of data for computation
[BENCHMARK 4] [/home/keveltun/research/recup/veloc/apps/state-diff/include/statediff.hpp:203:create] [time elapsed: 4770 ms] State-diff tree -1 created from reader
(0.01) Chunk size: 262144, Creation time: 4.771 seconds, throughput: 1.46364 GB/s
Evicting /lus/eagle/projects/RECUP/kassogba/veloc-ckpt/haac/sc-experiments/4gpus/np796-500mil/run1/m000p.mpirestart-combined-0-40.dat
Evicting /lus/eagle/projects/RECUP/kassogba/veloc-ckpt/haac/sc-experiments/4gpus/np796-500mil/run1/m000p.mpirestart-combined-0-20.dat
Evicting /lus/eagle/projects/RECUP/kassogba/veloc-ckpt/haac/sc-experiments/4gpus/np796-500mil/run1/m000p.mpirestart-combined-0-30.dat
Evicting /lus/eagle/projects/RECUP/kassogba/veloc-ckpt/haac/sc-experiments/4gpus/np796-500mil/run1/m000p.mpirestart-combined-0-10.dat

           Files: 4
     Directories: 1
   Evicted Pages: 7324790 (27G)
         Elapsed: 1.941 seconds
[INFO 0] [/home/keveltun/research/recup/veloc/apps/state-diff/src/loader/host_cache.cpp:11:host_cache_t] Host - Creating a cache of size 16384 MB
[INFO 0] [/home/keveltun/research/recup/veloc/apps/state-diff/src/loader/data_loader.cpp:10:data_loader_t] Loader - host and device caches initialized
[BENCHMARK 0] [/home/keveltun/research/recup/veloc/apps/state-diff/src/loader/data_loader.cpp:11:data_loader_t] [time elapsed: 0 ms] Initialized data loader
Data size = 7497964768
[BENCHMARK 0] [/home/keveltun/research/recup/veloc/apps/state-diff/include/statediff.hpp:143:client_t] [time elapsed: 0 ms] State-diff client 1 initialized
[INFO 0] [/home/keveltun/research/recup/veloc/apps/state-diff/src/loader/host_cache.cpp:50:set_reader] Host (0)- Setting reader to read from file
[INFO 0] [/home/keveltun/research/recup/veloc/apps/state-diff/src/loader/host_cache.cpp:32:activate] Host (0)- Started fetch thread on host cache
[INFO 0] [/home/keveltun/research/recup/veloc/apps/state-diff/src/loader/data_loader.cpp:137:file_load] Loader (0)- Creating segments without given file offsets
[BENCHMARK 0] [/home/keveltun/research/recup/veloc/apps/state-diff/src/loader/data_loader.cpp:161:file_load] [time elapsed: 0 ms] Created segments and staged for file read
[BENCHMARK 0] [/home/keveltun/research/recup/veloc/apps/state-diff/src/loader/host_cache.cpp:75:fetch_] [time elapsed: 0 ms] Host (0)- Waited any batch for host fetch
[INFO 0] [/home/keveltun/research/recup/veloc/apps/state-diff/src/loader/host_cache.cpp:138:get_completed] Host (0)- Getting completed jobs from ready_q
[BENCHMARK 3] [/home/keveltun/research/recup/veloc/apps/state-diff/src/loader/host_cache.cpp:93:fetch_] [time elapsed: 3162 ms] Host (0)- Fetched 1 batches to host cache
[BENCHMARK 3] [/home/keveltun/research/recup/veloc/apps/state-diff/src/loader/data_loader.cpp:223:next] [time elapsed: 3162 ms] Retrieved pointer to next batch of data for computation
[BENCHMARK 3] [/home/keveltun/research/recup/veloc/apps/state-diff/include/statediff.hpp:203:create] [time elapsed: 3919 ms] State-diff tree -1 created from reader
(0.0001) Chunk size: 262144, Creation time: 3.91995 seconds, throughput: 1.7814 GB/s
Evicting /lus/eagle/projects/RECUP/kassogba/veloc-ckpt/haac/sc-experiments/4gpus/np796-500mil/run1/m000p.mpirestart-combined-0-40.dat
Evicting /lus/eagle/projects/RECUP/kassogba/veloc-ckpt/haac/sc-experiments/4gpus/np796-500mil/run1/m000p.mpirestart-combined-0-20.dat
Evicting /lus/eagle/projects/RECUP/kassogba/veloc-ckpt/haac/sc-experiments/4gpus/np796-500mil/run1/m000p.mpirestart-combined-0-30.dat
Evicting /lus/eagle/projects/RECUP/kassogba/veloc-ckpt/haac/sc-experiments/4gpus/np796-500mil/run1/m000p.mpirestart-combined-0-10.dat

           Files: 4
     Directories: 1
   Evicted Pages: 7324790 (27G)
         Elapsed: 1.9531 seconds
[INFO 0] [/home/keveltun/research/recup/veloc/apps/state-diff/src/loader/host_cache.cpp:11:host_cache_t] Host - Creating a cache of size 16384 MB
[INFO 0] [/home/keveltun/research/recup/veloc/apps/state-diff/src/loader/data_loader.cpp:10:data_loader_t] Loader - host and device caches initialized
[BENCHMARK 0] [/home/keveltun/research/recup/veloc/apps/state-diff/src/loader/data_loader.cpp:11:data_loader_t] [time elapsed: 0 ms] Initialized data loader
Data size = 7497964768
[BENCHMARK 0] [/home/keveltun/research/recup/veloc/apps/state-diff/include/statediff.hpp:143:client_t] [time elapsed: 0 ms] State-diff client 1 initialized
[INFO 0] [/home/keveltun/research/recup/veloc/apps/state-diff/src/loader/host_cache.cpp:50:set_reader] Host (0)- Setting reader to read from file
[INFO 0] [/home/keveltun/research/recup/veloc/apps/state-diff/src/loader/host_cache.cpp:32:activate] Host (0)- Started fetch thread on host cache
[INFO 0] [/home/keveltun/research/recup/veloc/apps/state-diff/src/loader/data_loader.cpp:137:file_load] Loader (0)- Creating segments without given file offsets
[BENCHMARK 0] [/home/keveltun/research/recup/veloc/apps/state-diff/src/loader/data_loader.cpp:161:file_load] [time elapsed: 0 ms] Created segments and staged for file read
[BENCHMARK 0] [/home/keveltun/research/recup/veloc/apps/state-diff/src/loader/host_cache.cpp:75:fetch_] [time elapsed: 0 ms] Host (0)- Waited any batch for host fetch
[INFO 0] [/home/keveltun/research/recup/veloc/apps/state-diff/src/loader/host_cache.cpp:138:get_completed] Host (0)- Getting completed jobs from ready_q
[BENCHMARK 3] [/home/keveltun/research/recup/veloc/apps/state-diff/src/loader/host_cache.cpp:93:fetch_] [time elapsed: 3394 ms] Host (0)- Fetched 1 batches to host cache
[BENCHMARK 3] [/home/keveltun/research/recup/veloc/apps/state-diff/src/loader/data_loader.cpp:223:next] [time elapsed: 3394 ms] Retrieved pointer to next batch of data for computation
[BENCHMARK 4] [/home/keveltun/research/recup/veloc/apps/state-diff/include/statediff.hpp:203:create] [time elapsed: 4147 ms] State-diff tree -1 created from reader
(1e-07) Chunk size: 262144, Creation time: 4.14773 seconds, throughput: 1.68358 GB/s
Evicting /lus/eagle/projects/RECUP/kassogba/veloc-ckpt/haac/sc-experiments/4gpus/np796-500mil/run1/m000p.mpirestart-combined-0-40.dat
Evicting /lus/eagle/projects/RECUP/kassogba/veloc-ckpt/haac/sc-experiments/4gpus/np796-500mil/run1/m000p.mpirestart-combined-0-20.dat
Evicting /lus/eagle/projects/RECUP/kassogba/veloc-ckpt/haac/sc-experiments/4gpus/np796-500mil/run1/m000p.mpirestart-combined-0-30.dat
Evicting /lus/eagle/projects/RECUP/kassogba/veloc-ckpt/haac/sc-experiments/4gpus/np796-500mil/run1/m000p.mpirestart-combined-0-10.dat

           Files: 4
     Directories: 1
   Evicted Pages: 7324790 (27G)
         Elapsed: 1.9641 seconds
[INFO 0] [/home/keveltun/research/recup/veloc/apps/state-diff/src/loader/host_cache.cpp:11:host_cache_t] Host - Creating a cache of size 16384 MB
[INFO 0] [/home/keveltun/research/recup/veloc/apps/state-diff/src/loader/data_loader.cpp:10:data_loader_t] Loader - host and device caches initialized
[BENCHMARK 0] [/home/keveltun/research/recup/veloc/apps/state-diff/src/loader/data_loader.cpp:11:data_loader_t] [time elapsed: 0 ms] Initialized data loader
Data size = 7497964768
[BENCHMARK 0] [/home/keveltun/research/recup/veloc/apps/state-diff/include/statediff.hpp:143:client_t] [time elapsed: 0 ms] State-diff client 1 initialized
[INFO 0] [/home/keveltun/research/recup/veloc/apps/state-diff/src/loader/host_cache.cpp:50:set_reader] Host (0)- Setting reader to read from file
[INFO 0] [/home/keveltun/research/recup/veloc/apps/state-diff/src/loader/host_cache.cpp:32:activate] Host (0)- Started fetch thread on host cache
[INFO 0] [/home/keveltun/research/recup/veloc/apps/state-diff/src/loader/data_loader.cpp:137:file_load] Loader (0)- Creating segments without given file offsets
[BENCHMARK 0] [/home/keveltun/research/recup/veloc/apps/state-diff/src/loader/data_loader.cpp:161:file_load] [time elapsed: 0 ms] Created segments and staged for file read
[BENCHMARK 0] [/home/keveltun/research/recup/veloc/apps/state-diff/src/loader/host_cache.cpp:75:fetch_] [time elapsed: 0 ms] Host (0)- Waited any batch for host fetch
[INFO 0] [/home/keveltun/research/recup/veloc/apps/state-diff/src/loader/host_cache.cpp:138:get_completed] Host (0)- Getting completed jobs from ready_q
[BENCHMARK 2] [/home/keveltun/research/recup/veloc/apps/state-diff/src/loader/host_cache.cpp:93:fetch_] [time elapsed: 2530 ms] Host (0)- Fetched 1 batches to host cache
[BENCHMARK 2] [/home/keveltun/research/recup/veloc/apps/state-diff/src/loader/data_loader.cpp:223:next] [time elapsed: 2530 ms] Retrieved pointer to next batch of data for computation
[BENCHMARK 3] [/home/keveltun/research/recup/veloc/apps/state-diff/include/statediff.hpp:203:create] [time elapsed: 3607 ms] State-diff tree -1 created from reader
(0.01) Chunk size: 524288, Creation time: 3.60748 seconds, throughput: 1.93571 GB/s
Evicting /lus/eagle/projects/RECUP/kassogba/veloc-ckpt/haac/sc-experiments/4gpus/np796-500mil/run1/m000p.mpirestart-combined-0-40.dat
Evicting /lus/eagle/projects/RECUP/kassogba/veloc-ckpt/haac/sc-experiments/4gpus/np796-500mil/run1/m000p.mpirestart-combined-0-20.dat
Evicting /lus/eagle/projects/RECUP/kassogba/veloc-ckpt/haac/sc-experiments/4gpus/np796-500mil/run1/m000p.mpirestart-combined-0-30.dat
Evicting /lus/eagle/projects/RECUP/kassogba/veloc-ckpt/haac/sc-experiments/4gpus/np796-500mil/run1/m000p.mpirestart-combined-0-10.dat

           Files: 4
     Directories: 1
   Evicted Pages: 7324790 (27G)
         Elapsed: 1.9389 seconds
[INFO 0] [/home/keveltun/research/recup/veloc/apps/state-diff/src/loader/host_cache.cpp:11:host_cache_t] Host - Creating a cache of size 16384 MB
[INFO 0] [/home/keveltun/research/recup/veloc/apps/state-diff/src/loader/data_loader.cpp:10:data_loader_t] Loader - host and device caches initialized
[BENCHMARK 0] [/home/keveltun/research/recup/veloc/apps/state-diff/src/loader/data_loader.cpp:11:data_loader_t] [time elapsed: 0 ms] Initialized data loader
Data size = 7497964768
[BENCHMARK 0] [/home/keveltun/research/recup/veloc/apps/state-diff/include/statediff.hpp:143:client_t] [time elapsed: 0 ms] State-diff client 1 initialized
[INFO 0] [/home/keveltun/research/recup/veloc/apps/state-diff/src/loader/host_cache.cpp:50:set_reader] Host (0)- Setting reader to read from file
[INFO 0] [/home/keveltun/research/recup/veloc/apps/state-diff/src/loader/host_cache.cpp:32:activate] Host (0)- Started fetch thread on host cache
[INFO 0] [/home/keveltun/research/recup/veloc/apps/state-diff/src/loader/data_loader.cpp:137:file_load] Loader (0)- Creating segments without given file offsets
[BENCHMARK 0] [/home/keveltun/research/recup/veloc/apps/state-diff/src/loader/data_loader.cpp:161:file_load] [time elapsed: 0 ms] Created segments and staged for file read
[BENCHMARK 0] [/home/keveltun/research/recup/veloc/apps/state-diff/src/loader/host_cache.cpp:75:fetch_] [time elapsed: 0 ms] Host (0)- Waited any batch for host fetch
[INFO 0] [/home/keveltun/research/recup/veloc/apps/state-diff/src/loader/host_cache.cpp:138:get_completed] Host (0)- Getting completed jobs from ready_q
[BENCHMARK 2] [/home/keveltun/research/recup/veloc/apps/state-diff/src/loader/host_cache.cpp:93:fetch_] [time elapsed: 2450 ms] Host (0)- Fetched 1 batches to host cache
[BENCHMARK 2] [/home/keveltun/research/recup/veloc/apps/state-diff/src/loader/data_loader.cpp:223:next] [time elapsed: 2450 ms] Retrieved pointer to next batch of data for computation
[BENCHMARK 3] [/home/keveltun/research/recup/veloc/apps/state-diff/include/statediff.hpp:203:create] [time elapsed: 3209 ms] State-diff tree -1 created from reader
(0.0001) Chunk size: 524288, Creation time: 3.20938 seconds, throughput: 2.17581 GB/s
Evicting /lus/eagle/projects/RECUP/kassogba/veloc-ckpt/haac/sc-experiments/4gpus/np796-500mil/run1/m000p.mpirestart-combined-0-40.dat
Evicting /lus/eagle/projects/RECUP/kassogba/veloc-ckpt/haac/sc-experiments/4gpus/np796-500mil/run1/m000p.mpirestart-combined-0-20.dat
Evicting /lus/eagle/projects/RECUP/kassogba/veloc-ckpt/haac/sc-experiments/4gpus/np796-500mil/run1/m000p.mpirestart-combined-0-30.dat
Evicting /lus/eagle/projects/RECUP/kassogba/veloc-ckpt/haac/sc-experiments/4gpus/np796-500mil/run1/m000p.mpirestart-combined-0-10.dat

           Files: 4
     Directories: 1
   Evicted Pages: 7324790 (27G)
         Elapsed: 1.9603 seconds
[INFO 0] [/home/keveltun/research/recup/veloc/apps/state-diff/src/loader/host_cache.cpp:11:host_cache_t] Host - Creating a cache of size 16384 MB
[INFO 0] [/home/keveltun/research/recup/veloc/apps/state-diff/src/loader/data_loader.cpp:10:data_loader_t] Loader - host and device caches initialized
[BENCHMARK 0] [/home/keveltun/research/recup/veloc/apps/state-diff/src/loader/data_loader.cpp:11:data_loader_t] [time elapsed: 0 ms] Initialized data loader
Data size = 7497964768
[BENCHMARK 0] [/home/keveltun/research/recup/veloc/apps/state-diff/include/statediff.hpp:143:client_t] [time elapsed: 0 ms] State-diff client 1 initialized
[INFO 0] [/home/keveltun/research/recup/veloc/apps/state-diff/src/loader/host_cache.cpp:50:set_reader] Host (0)- Setting reader to read from file
[INFO 0] [/home/keveltun/research/recup/veloc/apps/state-diff/src/loader/host_cache.cpp:32:activate] Host (0)- Started fetch thread on host cache
[INFO 0] [/home/keveltun/research/recup/veloc/apps/state-diff/src/loader/data_loader.cpp:137:file_load] Loader (0)- Creating segments without given file offsets
[BENCHMARK 0] [/home/keveltun/research/recup/veloc/apps/state-diff/src/loader/data_loader.cpp:161:file_load] [time elapsed: 0 ms] Created segments and staged for file read
[BENCHMARK 0] [/home/keveltun/research/recup/veloc/apps/state-diff/src/loader/host_cache.cpp:75:fetch_] [time elapsed: 0 ms] Host (0)- Waited any batch for host fetch
[INFO 0] [/home/keveltun/research/recup/veloc/apps/state-diff/src/loader/host_cache.cpp:138:get_completed] Host (0)- Getting completed jobs from ready_q
[BENCHMARK 2] [/home/keveltun/research/recup/veloc/apps/state-diff/src/loader/host_cache.cpp:93:fetch_] [time elapsed: 2457 ms] Host (0)- Fetched 1 batches to host cache
[BENCHMARK 2] [/home/keveltun/research/recup/veloc/apps/state-diff/src/loader/data_loader.cpp:223:next] [time elapsed: 2457 ms] Retrieved pointer to next batch of data for computation
[BENCHMARK 3] [/home/keveltun/research/recup/veloc/apps/state-diff/include/statediff.hpp:203:create] [time elapsed: 3229 ms] State-diff tree -1 created from reader
(1e-07) Chunk size: 524288, Creation time: 3.2292 seconds, throughput: 2.16246 GB/s
Evicting /lus/eagle/projects/RECUP/kassogba/veloc-ckpt/haac/sc-experiments/4gpus/np796-500mil/run1/m000p.mpirestart-combined-0-40.dat
Evicting /lus/eagle/projects/RECUP/kassogba/veloc-ckpt/haac/sc-experiments/4gpus/np796-500mil/run1/m000p.mpirestart-combined-0-20.dat
Evicting /lus/eagle/projects/RECUP/kassogba/veloc-ckpt/haac/sc-experiments/4gpus/np796-500mil/run1/m000p.mpirestart-combined-0-30.dat
Evicting /lus/eagle/projects/RECUP/kassogba/veloc-ckpt/haac/sc-experiments/4gpus/np796-500mil/run1/m000p.mpirestart-combined-0-10.dat

           Files: 4
     Directories: 1
   Evicted Pages: 7324790 (27G)
         Elapsed: 1.9429 seconds
[INFO 0] [/home/keveltun/research/recup/veloc/apps/state-diff/src/loader/host_cache.cpp:11:host_cache_t] Host - Creating a cache of size 16384 MB
[INFO 0] [/home/keveltun/research/recup/veloc/apps/state-diff/src/loader/data_loader.cpp:10:data_loader_t] Loader - host and device caches initialized
[BENCHMARK 0] [/home/keveltun/research/recup/veloc/apps/state-diff/src/loader/data_loader.cpp:11:data_loader_t] [time elapsed: 0 ms] Initialized data loader
Data size = 7497964768
[BENCHMARK 0] [/home/keveltun/research/recup/veloc/apps/state-diff/include/statediff.hpp:143:client_t] [time elapsed: 0 ms] State-diff client 1 initialized
[INFO 0] [/home/keveltun/research/recup/veloc/apps/state-diff/src/loader/host_cache.cpp:50:set_reader] Host (0)- Setting reader to read from file
[INFO 0] [/home/keveltun/research/recup/veloc/apps/state-diff/src/loader/host_cache.cpp:32:activate] Host (0)- Started fetch thread on host cache
[INFO 0] [/home/keveltun/research/recup/veloc/apps/state-diff/src/loader/data_loader.cpp:137:file_load] Loader (0)- Creating segments without given file offsets
[BENCHMARK 0] [/home/keveltun/research/recup/veloc/apps/state-diff/src/loader/data_loader.cpp:161:file_load] [time elapsed: 0 ms] Created segments and staged for file read
[BENCHMARK 0] [/home/keveltun/research/recup/veloc/apps/state-diff/src/loader/host_cache.cpp:75:fetch_] [time elapsed: 0 ms] Host (0)- Waited any batch for host fetch
[INFO 0] [/home/keveltun/research/recup/veloc/apps/state-diff/src/loader/host_cache.cpp:138:get_completed] Host (0)- Getting completed jobs from ready_q
[BENCHMARK 2] [/home/keveltun/research/recup/veloc/apps/state-diff/src/loader/host_cache.cpp:93:fetch_] [time elapsed: 2057 ms] Host (0)- Fetched 1 batches to host cache
[BENCHMARK 2] [/home/keveltun/research/recup/veloc/apps/state-diff/src/loader/data_loader.cpp:223:next] [time elapsed: 2057 ms] Retrieved pointer to next batch of data for computation
[BENCHMARK 3] [/home/keveltun/research/recup/veloc/apps/state-diff/include/statediff.hpp:203:create] [time elapsed: 3132 ms] State-diff tree -1 created from reader
(0.01) Chunk size: 1048576, Creation time: 3.13212 seconds, throughput: 2.22949 GB/s
Evicting /lus/eagle/projects/RECUP/kassogba/veloc-ckpt/haac/sc-experiments/4gpus/np796-500mil/run1/m000p.mpirestart-combined-0-40.dat
Evicting /lus/eagle/projects/RECUP/kassogba/veloc-ckpt/haac/sc-experiments/4gpus/np796-500mil/run1/m000p.mpirestart-combined-0-20.dat
Evicting /lus/eagle/projects/RECUP/kassogba/veloc-ckpt/haac/sc-experiments/4gpus/np796-500mil/run1/m000p.mpirestart-combined-0-30.dat
Evicting /lus/eagle/projects/RECUP/kassogba/veloc-ckpt/haac/sc-experiments/4gpus/np796-500mil/run1/m000p.mpirestart-combined-0-10.dat

           Files: 4
     Directories: 1
   Evicted Pages: 7324790 (27G)
         Elapsed: 1.9149 seconds
[INFO 0] [/home/keveltun/research/recup/veloc/apps/state-diff/src/loader/host_cache.cpp:11:host_cache_t] Host - Creating a cache of size 16384 MB
[INFO 0] [/home/keveltun/research/recup/veloc/apps/state-diff/src/loader/data_loader.cpp:10:data_loader_t] Loader - host and device caches initialized
[BENCHMARK 0] [/home/keveltun/research/recup/veloc/apps/state-diff/src/loader/data_loader.cpp:11:data_loader_t] [time elapsed: 0 ms] Initialized data loader
Data size = 7497964768
[BENCHMARK 0] [/home/keveltun/research/recup/veloc/apps/state-diff/include/statediff.hpp:143:client_t] [time elapsed: 0 ms] State-diff client 1 initialized
[INFO 0] [/home/keveltun/research/recup/veloc/apps/state-diff/src/loader/host_cache.cpp:50:set_reader] Host (0)- Setting reader to read from file
[INFO 0] [/home/keveltun/research/recup/veloc/apps/state-diff/src/loader/host_cache.cpp:32:activate] Host (0)- Started fetch thread on host cache
[INFO 0] [/home/keveltun/research/recup/veloc/apps/state-diff/src/loader/data_loader.cpp:137:file_load] Loader (0)- Creating segments without given file offsets
[BENCHMARK 0] [/home/keveltun/research/recup/veloc/apps/state-diff/src/loader/data_loader.cpp:161:file_load] [time elapsed: 0 ms] Created segments and staged for file read
[BENCHMARK 0] [/home/keveltun/research/recup/veloc/apps/state-diff/src/loader/host_cache.cpp:75:fetch_] [time elapsed: 0 ms] Host (0)- Waited any batch for host fetch
[INFO 0] [/home/keveltun/research/recup/veloc/apps/state-diff/src/loader/host_cache.cpp:138:get_completed] Host (0)- Getting completed jobs from ready_q
[BENCHMARK 2] [/home/keveltun/research/recup/veloc/apps/state-diff/src/loader/host_cache.cpp:93:fetch_] [time elapsed: 2104 ms] Host (0)- Fetched 1 batches to host cache
[BENCHMARK 2] [/home/keveltun/research/recup/veloc/apps/state-diff/src/loader/data_loader.cpp:223:next] [time elapsed: 2105 ms] Retrieved pointer to next batch of data for computation
[BENCHMARK 2] [/home/keveltun/research/recup/veloc/apps/state-diff/include/statediff.hpp:203:create] [time elapsed: 2870 ms] State-diff tree -1 created from reader
(0.0001) Chunk size: 1048576, Creation time: 2.87073 seconds, throughput: 2.43249 GB/s
Evicting /lus/eagle/projects/RECUP/kassogba/veloc-ckpt/haac/sc-experiments/4gpus/np796-500mil/run1/m000p.mpirestart-combined-0-40.dat
Evicting /lus/eagle/projects/RECUP/kassogba/veloc-ckpt/haac/sc-experiments/4gpus/np796-500mil/run1/m000p.mpirestart-combined-0-20.dat
Evicting /lus/eagle/projects/RECUP/kassogba/veloc-ckpt/haac/sc-experiments/4gpus/np796-500mil/run1/m000p.mpirestart-combined-0-30.dat
Evicting /lus/eagle/projects/RECUP/kassogba/veloc-ckpt/haac/sc-experiments/4gpus/np796-500mil/run1/m000p.mpirestart-combined-0-10.dat

           Files: 4
     Directories: 1
   Evicted Pages: 7324790 (27G)
         Elapsed: 1.977 seconds
[INFO 0] [/home/keveltun/research/recup/veloc/apps/state-diff/src/loader/host_cache.cpp:11:host_cache_t] Host - Creating a cache of size 16384 MB
[INFO 0] [/home/keveltun/research/recup/veloc/apps/state-diff/src/loader/data_loader.cpp:10:data_loader_t] Loader - host and device caches initialized
[BENCHMARK 0] [/home/keveltun/research/recup/veloc/apps/state-diff/src/loader/data_loader.cpp:11:data_loader_t] [time elapsed: 0 ms] Initialized data loader
Data size = 7497964768
[BENCHMARK 0] [/home/keveltun/research/recup/veloc/apps/state-diff/include/statediff.hpp:143:client_t] [time elapsed: 0 ms] State-diff client 1 initialized
[INFO 0] [/home/keveltun/research/recup/veloc/apps/state-diff/src/loader/host_cache.cpp:50:set_reader] Host (0)- Setting reader to read from file
[INFO 0] [/home/keveltun/research/recup/veloc/apps/state-diff/src/loader/host_cache.cpp:32:activate] Host (0)- Started fetch thread on host cache
[INFO 0] [/home/keveltun/research/recup/veloc/apps/state-diff/src/loader/data_loader.cpp:137:file_load] Loader (0)- Creating segments without given file offsets
[BENCHMARK 0] [/home/keveltun/research/recup/veloc/apps/state-diff/src/loader/data_loader.cpp:161:file_load] [time elapsed: 0 ms] Created segments and staged for file read
[BENCHMARK 0] [/home/keveltun/research/recup/veloc/apps/state-diff/src/loader/host_cache.cpp:75:fetch_] [time elapsed: 0 ms] Host (0)- Waited any batch for host fetch
[INFO 0] [/home/keveltun/research/recup/veloc/apps/state-diff/src/loader/host_cache.cpp:138:get_completed] Host (0)- Getting completed jobs from ready_q
[BENCHMARK 2] [/home/keveltun/research/recup/veloc/apps/state-diff/src/loader/host_cache.cpp:93:fetch_] [time elapsed: 2024 ms] Host (0)- Fetched 1 batches to host cache
[BENCHMARK 2] [/home/keveltun/research/recup/veloc/apps/state-diff/src/loader/data_loader.cpp:223:next] [time elapsed: 2024 ms] Retrieved pointer to next batch of data for computation
[BENCHMARK 2] [/home/keveltun/research/recup/veloc/apps/state-diff/include/statediff.hpp:203:create] [time elapsed: 2787 ms] State-diff tree -1 created from reader
(1e-07) Chunk size: 1048576, Creation time: 2.78798 seconds, throughput: 2.50469 GB/s
Evicting /lus/eagle/projects/RECUP/kassogba/veloc-ckpt/haac/sc-experiments/4gpus/np796-500mil/run1/m000p.mpirestart-combined-0-40.dat
Evicting /lus/eagle/projects/RECUP/kassogba/veloc-ckpt/haac/sc-experiments/4gpus/np796-500mil/run1/m000p.mpirestart-combined-0-20.dat
Evicting /lus/eagle/projects/RECUP/kassogba/veloc-ckpt/haac/sc-experiments/4gpus/np796-500mil/run1/m000p.mpirestart-combined-0-30.dat
Evicting /lus/eagle/projects/RECUP/kassogba/veloc-ckpt/haac/sc-experiments/4gpus/np796-500mil/run1/m000p.mpirestart-combined-0-10.dat

           Files: 4
     Directories: 1
   Evicted Pages: 7324790 (27G)
         Elapsed: 1.9354 seconds
[INFO 0] [/home/keveltun/research/recup/veloc/apps/state-diff/src/loader/host_cache.cpp:11:host_cache_t] Host - Creating a cache of size 16384 MB
[INFO 0] [/home/keveltun/research/recup/veloc/apps/state-diff/src/loader/data_loader.cpp:10:data_loader_t] Loader - host and device caches initialized
[BENCHMARK 0] [/home/keveltun/research/recup/veloc/apps/state-diff/src/loader/data_loader.cpp:11:data_loader_t] [time elapsed: 0 ms] Initialized data loader
Data size = 7497964768
[BENCHMARK 0] [/home/keveltun/research/recup/veloc/apps/state-diff/include/statediff.hpp:143:client_t] [time elapsed: 0 ms] State-diff client 1 initialized
[INFO 0] [/home/keveltun/research/recup/veloc/apps/state-diff/src/loader/host_cache.cpp:50:set_reader] Host (0)- Setting reader to read from file
[INFO 0] [/home/keveltun/research/recup/veloc/apps/state-diff/src/loader/host_cache.cpp:32:activate] Host (0)- Started fetch thread on host cache
[INFO 0] [/home/keveltun/research/recup/veloc/apps/state-diff/src/loader/data_loader.cpp:137:file_load] Loader (0)- Creating segments without given file offsets
[BENCHMARK 0] [/home/keveltun/research/recup/veloc/apps/state-diff/src/loader/data_loader.cpp:161:file_load] [time elapsed: 0 ms] Created segments and staged for file read
[BENCHMARK 0] [/home/keveltun/research/recup/veloc/apps/state-diff/src/loader/host_cache.cpp:75:fetch_] [time elapsed: 0 ms] Host (0)- Waited any batch for host fetch
[INFO 0] [/home/keveltun/research/recup/veloc/apps/state-diff/src/loader/host_cache.cpp:138:get_completed] Host (0)- Getting completed jobs from ready_q
[BENCHMARK 2] [/home/keveltun/research/recup/veloc/apps/state-diff/src/loader/host_cache.cpp:93:fetch_] [time elapsed: 2032 ms] Host (0)- Fetched 1 batches to host cache
[BENCHMARK 2] [/home/keveltun/research/recup/veloc/apps/state-diff/src/loader/data_loader.cpp:223:next] [time elapsed: 2032 ms] Retrieved pointer to next batch of data for computation
[BENCHMARK 3] [/home/keveltun/research/recup/veloc/apps/state-diff/include/statediff.hpp:203:create] [time elapsed: 3108 ms] State-diff tree -1 created from reader
(0.01) Chunk size: 2097152, Creation time: 3.10872 seconds, throughput: 2.24627 GB/s
Evicting /lus/eagle/projects/RECUP/kassogba/veloc-ckpt/haac/sc-experiments/4gpus/np796-500mil/run1/m000p.mpirestart-combined-0-40.dat
Evicting /lus/eagle/projects/RECUP/kassogba/veloc-ckpt/haac/sc-experiments/4gpus/np796-500mil/run1/m000p.mpirestart-combined-0-20.dat
Evicting /lus/eagle/projects/RECUP/kassogba/veloc-ckpt/haac/sc-experiments/4gpus/np796-500mil/run1/m000p.mpirestart-combined-0-30.dat
Evicting /lus/eagle/projects/RECUP/kassogba/veloc-ckpt/haac/sc-experiments/4gpus/np796-500mil/run1/m000p.mpirestart-combined-0-10.dat

           Files: 4
     Directories: 1
   Evicted Pages: 7324790 (27G)
         Elapsed: 1.9379 seconds
[INFO 0] [/home/keveltun/research/recup/veloc/apps/state-diff/src/loader/host_cache.cpp:11:host_cache_t] Host - Creating a cache of size 16384 MB
[INFO 0] [/home/keveltun/research/recup/veloc/apps/state-diff/src/loader/data_loader.cpp:10:data_loader_t] Loader - host and device caches initialized
[BENCHMARK 0] [/home/keveltun/research/recup/veloc/apps/state-diff/src/loader/data_loader.cpp:11:data_loader_t] [time elapsed: 0 ms] Initialized data loader
Data size = 7497964768
[BENCHMARK 0] [/home/keveltun/research/recup/veloc/apps/state-diff/include/statediff.hpp:143:client_t] [time elapsed: 0 ms] State-diff client 1 initialized
[INFO 0] [/home/keveltun/research/recup/veloc/apps/state-diff/src/loader/host_cache.cpp:50:set_reader] Host (0)- Setting reader to read from file
[INFO 0] [/home/keveltun/research/recup/veloc/apps/state-diff/src/loader/host_cache.cpp:32:activate] Host (0)- Started fetch thread on host cache
[INFO 0] [/home/keveltun/research/recup/veloc/apps/state-diff/src/loader/data_loader.cpp:137:file_load] Loader (0)- Creating segments without given file offsets
[BENCHMARK 0] [/home/keveltun/research/recup/veloc/apps/state-diff/src/loader/data_loader.cpp:161:file_load] [time elapsed: 0 ms] Created segments and staged for file read
[BENCHMARK 0] [/home/keveltun/research/recup/veloc/apps/state-diff/src/loader/host_cache.cpp:75:fetch_] [time elapsed: 0 ms] Host (0)- Waited any batch for host fetch
[INFO 0] [/home/keveltun/research/recup/veloc/apps/state-diff/src/loader/host_cache.cpp:138:get_completed] Host (0)- Getting completed jobs from ready_q
[BENCHMARK 2] [/home/keveltun/research/recup/veloc/apps/state-diff/src/loader/host_cache.cpp:93:fetch_] [time elapsed: 2011 ms] Host (0)- Fetched 1 batches to host cache
[BENCHMARK 2] [/home/keveltun/research/recup/veloc/apps/state-diff/src/loader/data_loader.cpp:223:next] [time elapsed: 2011 ms] Retrieved pointer to next batch of data for computation
[BENCHMARK 2] [/home/keveltun/research/recup/veloc/apps/state-diff/include/statediff.hpp:203:create] [time elapsed: 2772 ms] State-diff tree -1 created from reader
(0.0001) Chunk size: 2097152, Creation time: 2.77243 seconds, throughput: 2.51873 GB/s
Evicting /lus/eagle/projects/RECUP/kassogba/veloc-ckpt/haac/sc-experiments/4gpus/np796-500mil/run1/m000p.mpirestart-combined-0-40.dat
Evicting /lus/eagle/projects/RECUP/kassogba/veloc-ckpt/haac/sc-experiments/4gpus/np796-500mil/run1/m000p.mpirestart-combined-0-20.dat
Evicting /lus/eagle/projects/RECUP/kassogba/veloc-ckpt/haac/sc-experiments/4gpus/np796-500mil/run1/m000p.mpirestart-combined-0-30.dat
Evicting /lus/eagle/projects/RECUP/kassogba/veloc-ckpt/haac/sc-experiments/4gpus/np796-500mil/run1/m000p.mpirestart-combined-0-10.dat

           Files: 4
     Directories: 1
   Evicted Pages: 7324790 (27G)
         Elapsed: 1.9581 seconds
[INFO 0] [/home/keveltun/research/recup/veloc/apps/state-diff/src/loader/host_cache.cpp:11:host_cache_t] Host - Creating a cache of size 16384 MB
[INFO 0] [/home/keveltun/research/recup/veloc/apps/state-diff/src/loader/data_loader.cpp:10:data_loader_t] Loader - host and device caches initialized
[BENCHMARK 0] [/home/keveltun/research/recup/veloc/apps/state-diff/src/loader/data_loader.cpp:11:data_loader_t] [time elapsed: 0 ms] Initialized data loader
Data size = 7497964768
[BENCHMARK 0] [/home/keveltun/research/recup/veloc/apps/state-diff/include/statediff.hpp:143:client_t] [time elapsed: 0 ms] State-diff client 1 initialized
[INFO 0] [/home/keveltun/research/recup/veloc/apps/state-diff/src/loader/host_cache.cpp:50:set_reader] Host (0)- Setting reader to read from file
[INFO 0] [/home/keveltun/research/recup/veloc/apps/state-diff/src/loader/host_cache.cpp:32:activate] Host (0)- Started fetch thread on host cache
[INFO 0] [/home/keveltun/research/recup/veloc/apps/state-diff/src/loader/data_loader.cpp:137:file_load] Loader (0)- Creating segments without given file offsets
[BENCHMARK 0] [/home/keveltun/research/recup/veloc/apps/state-diff/src/loader/data_loader.cpp:161:file_load] [time elapsed: 0 ms] Created segments and staged for file read
[BENCHMARK 0] [/home/keveltun/research/recup/veloc/apps/state-diff/src/loader/host_cache.cpp:75:fetch_] [time elapsed: 0 ms] Host (0)- Waited any batch for host fetch
[INFO 0] [/home/keveltun/research/recup/veloc/apps/state-diff/src/loader/host_cache.cpp:138:get_completed] Host (0)- Getting completed jobs from ready_q
[BENCHMARK 2] [/home/keveltun/research/recup/veloc/apps/state-diff/src/loader/host_cache.cpp:93:fetch_] [time elapsed: 2111 ms] Host (0)- Fetched 1 batches to host cache
[BENCHMARK 2] [/home/keveltun/research/recup/veloc/apps/state-diff/src/loader/data_loader.cpp:223:next] [time elapsed: 2112 ms] Retrieved pointer to next batch of data for computation
[BENCHMARK 2] [/home/keveltun/research/recup/veloc/apps/state-diff/include/statediff.hpp:203:create] [time elapsed: 2878 ms] State-diff tree -1 created from reader
(1e-07) Chunk size: 2097152, Creation time: 2.87825 seconds, throughput: 2.42613 GB/s
Evicting /lus/eagle/projects/RECUP/kassogba/veloc-ckpt/haac/sc-experiments/4gpus/np796-500mil/run1/m000p.mpirestart-combined-0-40.dat
Evicting /lus/eagle/projects/RECUP/kassogba/veloc-ckpt/haac/sc-experiments/4gpus/np796-500mil/run1/m000p.mpirestart-combined-0-20.dat
Evicting /lus/eagle/projects/RECUP/kassogba/veloc-ckpt/haac/sc-experiments/4gpus/np796-500mil/run1/m000p.mpirestart-combined-0-30.dat
Evicting /lus/eagle/projects/RECUP/kassogba/veloc-ckpt/haac/sc-experiments/4gpus/np796-500mil/run1/m000p.mpirestart-combined-0-10.dat

           Files: 4
     Directories: 1
   Evicted Pages: 7324790 (27G)
         Elapsed: 1.9297 seconds
[INFO 0] [/home/keveltun/research/recup/veloc/apps/state-diff/src/loader/host_cache.cpp:11:host_cache_t] Host - Creating a cache of size 16384 MB
[INFO 0] [/home/keveltun/research/recup/veloc/apps/state-diff/src/loader/data_loader.cpp:10:data_loader_t] Loader - host and device caches initialized
[BENCHMARK 0] [/home/keveltun/research/recup/veloc/apps/state-diff/src/loader/data_loader.cpp:11:data_loader_t] [time elapsed: 0 ms] Initialized data loader
Data size = 7497964768
[BENCHMARK 0] [/home/keveltun/research/recup/veloc/apps/state-diff/include/statediff.hpp:143:client_t] [time elapsed: 0 ms] State-diff client 1 initialized
[INFO 0] [/home/keveltun/research/recup/veloc/apps/state-diff/src/loader/host_cache.cpp:50:set_reader] Host (0)- Setting reader to read from file
[INFO 0] [/home/keveltun/research/recup/veloc/apps/state-diff/src/loader/host_cache.cpp:32:activate] Host (0)- Started fetch thread on host cache
[INFO 0] [/home/keveltun/research/recup/veloc/apps/state-diff/src/loader/data_loader.cpp:137:file_load] Loader (0)- Creating segments without given file offsets
[BENCHMARK 0] [/home/keveltun/research/recup/veloc/apps/state-diff/src/loader/data_loader.cpp:161:file_load] [time elapsed: 0 ms] Created segments and staged for file read
[BENCHMARK 0] [/home/keveltun/research/recup/veloc/apps/state-diff/src/loader/host_cache.cpp:75:fetch_] [time elapsed: 0 ms] Host (0)- Waited any batch for host fetch
[INFO 0] [/home/keveltun/research/recup/veloc/apps/state-diff/src/loader/host_cache.cpp:138:get_completed] Host (0)- Getting completed jobs from ready_q
[BENCHMARK 1] [/home/keveltun/research/recup/veloc/apps/state-diff/src/loader/host_cache.cpp:93:fetch_] [time elapsed: 1942 ms] Host (0)- Fetched 1 batches to host cache
[BENCHMARK 1] [/home/keveltun/research/recup/veloc/apps/state-diff/src/loader/data_loader.cpp:223:next] [time elapsed: 1942 ms] Retrieved pointer to next batch of data for computation
[BENCHMARK 3] [/home/keveltun/research/recup/veloc/apps/state-diff/include/statediff.hpp:203:create] [time elapsed: 3028 ms] State-diff tree -1 created from reader
(0.01) Chunk size: 4194304, Creation time: 3.02837 seconds, throughput: 2.30587 GB/s
Evicting /lus/eagle/projects/RECUP/kassogba/veloc-ckpt/haac/sc-experiments/4gpus/np796-500mil/run1/m000p.mpirestart-combined-0-40.dat
Evicting /lus/eagle/projects/RECUP/kassogba/veloc-ckpt/haac/sc-experiments/4gpus/np796-500mil/run1/m000p.mpirestart-combined-0-20.dat
Evicting /lus/eagle/projects/RECUP/kassogba/veloc-ckpt/haac/sc-experiments/4gpus/np796-500mil/run1/m000p.mpirestart-combined-0-30.dat
Evicting /lus/eagle/projects/RECUP/kassogba/veloc-ckpt/haac/sc-experiments/4gpus/np796-500mil/run1/m000p.mpirestart-combined-0-10.dat

           Files: 4
     Directories: 1
   Evicted Pages: 7324790 (27G)
         Elapsed: 1.9431 seconds
[INFO 0] [/home/keveltun/research/recup/veloc/apps/state-diff/src/loader/host_cache.cpp:11:host_cache_t] Host - Creating a cache of size 16384 MB
[INFO 0] [/home/keveltun/research/recup/veloc/apps/state-diff/src/loader/data_loader.cpp:10:data_loader_t] Loader - host and device caches initialized
[BENCHMARK 0] [/home/keveltun/research/recup/veloc/apps/state-diff/src/loader/data_loader.cpp:11:data_loader_t] [time elapsed: 0 ms] Initialized data loader
Data size = 7497964768
[BENCHMARK 0] [/home/keveltun/research/recup/veloc/apps/state-diff/include/statediff.hpp:143:client_t] [time elapsed: 0 ms] State-diff client 1 initialized
[INFO 0] [/home/keveltun/research/recup/veloc/apps/state-diff/src/loader/host_cache.cpp:50:set_reader] Host (0)- Setting reader to read from file
[INFO 0] [/home/keveltun/research/recup/veloc/apps/state-diff/src/loader/host_cache.cpp:32:activate] Host (0)- Started fetch thread on host cache
[INFO 0] [/home/keveltun/research/recup/veloc/apps/state-diff/src/loader/data_loader.cpp:137:file_load] Loader (0)- Creating segments without given file offsets
[BENCHMARK 0] [/home/keveltun/research/recup/veloc/apps/state-diff/src/loader/data_loader.cpp:161:file_load] [time elapsed: 0 ms] Created segments and staged for file read
[BENCHMARK 0] [/home/keveltun/research/recup/veloc/apps/state-diff/src/loader/host_cache.cpp:75:fetch_] [time elapsed: 0 ms] Host (0)- Waited any batch for host fetch
[INFO 0] [/home/keveltun/research/recup/veloc/apps/state-diff/src/loader/host_cache.cpp:138:get_completed] Host (0)- Getting completed jobs from ready_q
[BENCHMARK 2] [/home/keveltun/research/recup/veloc/apps/state-diff/src/loader/host_cache.cpp:93:fetch_] [time elapsed: 2002 ms] Host (0)- Fetched 1 batches to host cache
[BENCHMARK 2] [/home/keveltun/research/recup/veloc/apps/state-diff/src/loader/data_loader.cpp:223:next] [time elapsed: 2002 ms] Retrieved pointer to next batch of data for computation
[BENCHMARK 2] [/home/keveltun/research/recup/veloc/apps/state-diff/include/statediff.hpp:203:create] [time elapsed: 2763 ms] State-diff tree -1 created from reader
(0.0001) Chunk size: 4194304, Creation time: 2.76338 seconds, throughput: 2.52699 GB/s
Evicting /lus/eagle/projects/RECUP/kassogba/veloc-ckpt/haac/sc-experiments/4gpus/np796-500mil/run1/m000p.mpirestart-combined-0-40.dat
Evicting /lus/eagle/projects/RECUP/kassogba/veloc-ckpt/haac/sc-experiments/4gpus/np796-500mil/run1/m000p.mpirestart-combined-0-20.dat
Evicting /lus/eagle/projects/RECUP/kassogba/veloc-ckpt/haac/sc-experiments/4gpus/np796-500mil/run1/m000p.mpirestart-combined-0-30.dat
Evicting /lus/eagle/projects/RECUP/kassogba/veloc-ckpt/haac/sc-experiments/4gpus/np796-500mil/run1/m000p.mpirestart-combined-0-10.dat

           Files: 4
     Directories: 1
   Evicted Pages: 7324790 (27G)
         Elapsed: 1.9427 seconds
[INFO 0] [/home/keveltun/research/recup/veloc/apps/state-diff/src/loader/host_cache.cpp:11:host_cache_t] Host - Creating a cache of size 16384 MB
[INFO 0] [/home/keveltun/research/recup/veloc/apps/state-diff/src/loader/data_loader.cpp:10:data_loader_t] Loader - host and device caches initialized
[BENCHMARK 0] [/home/keveltun/research/recup/veloc/apps/state-diff/src/loader/data_loader.cpp:11:data_loader_t] [time elapsed: 0 ms] Initialized data loader
Data size = 7497964768
[BENCHMARK 0] [/home/keveltun/research/recup/veloc/apps/state-diff/include/statediff.hpp:143:client_t] [time elapsed: 0 ms] State-diff client 1 initialized
[INFO 0] [/home/keveltun/research/recup/veloc/apps/state-diff/src/loader/host_cache.cpp:50:set_reader] Host (0)- Setting reader to read from file
[INFO 0] [/home/keveltun/research/recup/veloc/apps/state-diff/src/loader/host_cache.cpp:32:activate] Host (0)- Started fetch thread on host cache
[INFO 0] [/home/keveltun/research/recup/veloc/apps/state-diff/src/loader/data_loader.cpp:137:file_load] Loader (0)- Creating segments without given file offsets
[BENCHMARK 0] [/home/keveltun/research/recup/veloc/apps/state-diff/src/loader/data_loader.cpp:161:file_load] [time elapsed: 0 ms] Created segments and staged for file read
[BENCHMARK 0] [/home/keveltun/research/recup/veloc/apps/state-diff/src/loader/host_cache.cpp:75:fetch_] [time elapsed: 0 ms] Host (0)- Waited any batch for host fetch
[INFO 0] [/home/keveltun/research/recup/veloc/apps/state-diff/src/loader/host_cache.cpp:138:get_completed] Host (0)- Getting completed jobs from ready_q
[BENCHMARK 2] [/home/keveltun/research/recup/veloc/apps/state-diff/src/loader/host_cache.cpp:93:fetch_] [time elapsed: 2324 ms] Host (0)- Fetched 1 batches to host cache
[BENCHMARK 2] [/home/keveltun/research/recup/veloc/apps/state-diff/src/loader/data_loader.cpp:223:next] [time elapsed: 2324 ms] Retrieved pointer to next batch of data for computation
[BENCHMARK 3] [/home/keveltun/research/recup/veloc/apps/state-diff/include/statediff.hpp:203:create] [time elapsed: 3078 ms] State-diff tree -1 created from reader
(1e-07) Chunk size: 4194304, Creation time: 3.07803 seconds, throughput: 2.26866 GB/s
Evicting /lus/eagle/projects/RECUP/kassogba/veloc-ckpt/haac/sc-experiments/4gpus/np796-500mil/run1/m000p.mpirestart-combined-0-40.dat
Evicting /lus/eagle/projects/RECUP/kassogba/veloc-ckpt/haac/sc-experiments/4gpus/np796-500mil/run1/m000p.mpirestart-combined-0-20.dat
Evicting /lus/eagle/projects/RECUP/kassogba/veloc-ckpt/haac/sc-experiments/4gpus/np796-500mil/run1/m000p.mpirestart-combined-0-30.dat
Evicting /lus/eagle/projects/RECUP/kassogba/veloc-ckpt/haac/sc-experiments/4gpus/np796-500mil/run1/m000p.mpirestart-combined-0-10.dat

           Files: 4
     Directories: 1
   Evicted Pages: 7324790 (27G)
         Elapsed: 1.9527 seconds
[INFO 0] [/home/keveltun/research/recup/veloc/apps/state-diff/src/loader/host_cache.cpp:11:host_cache_t] Host - Creating a cache of size 16384 MB
[INFO 0] [/home/keveltun/research/recup/veloc/apps/state-diff/src/loader/data_loader.cpp:10:data_loader_t] Loader - host and device caches initialized
[BENCHMARK 0] [/home/keveltun/research/recup/veloc/apps/state-diff/src/loader/data_loader.cpp:11:data_loader_t] [time elapsed: 0 ms] Initialized data loader
Data size = 7497964768
[BENCHMARK 0] [/home/keveltun/research/recup/veloc/apps/state-diff/include/statediff.hpp:143:client_t] [time elapsed: 0 ms] State-diff client 1 initialized
[INFO 0] [/home/keveltun/research/recup/veloc/apps/state-diff/src/loader/host_cache.cpp:50:set_reader] Host (0)- Setting reader to read from file
[INFO 0] [/home/keveltun/research/recup/veloc/apps/state-diff/src/loader/host_cache.cpp:32:activate] Host (0)- Started fetch thread on host cache
[INFO 0] [/home/keveltun/research/recup/veloc/apps/state-diff/src/loader/data_loader.cpp:137:file_load] Loader (0)- Creating segments without given file offsets
[BENCHMARK 0] [/home/keveltun/research/recup/veloc/apps/state-diff/src/loader/data_loader.cpp:161:file_load] [time elapsed: 0 ms] Created segments and staged for file read
[BENCHMARK 0] [/home/keveltun/research/recup/veloc/apps/state-diff/src/loader/host_cache.cpp:75:fetch_] [time elapsed: 0 ms] Host (0)- Waited any batch for host fetch
[INFO 0] [/home/keveltun/research/recup/veloc/apps/state-diff/src/loader/host_cache.cpp:138:get_completed] Host (0)- Getting completed jobs from ready_q
[BENCHMARK 2] [/home/keveltun/research/recup/veloc/apps/state-diff/src/loader/host_cache.cpp:93:fetch_] [time elapsed: 2120 ms] Host (0)- Fetched 1 batches to host cache
[BENCHMARK 2] [/home/keveltun/research/recup/veloc/apps/state-diff/src/loader/data_loader.cpp:223:next] [time elapsed: 2120 ms] Retrieved pointer to next batch of data for computation
[BENCHMARK 3] [/home/keveltun/research/recup/veloc/apps/state-diff/include/statediff.hpp:203:create] [time elapsed: 3206 ms] State-diff tree -1 created from reader
(0.01) Chunk size: 8388608, Creation time: 3.20605 seconds, throughput: 2.17807 GB/s
Evicting /lus/eagle/projects/RECUP/kassogba/veloc-ckpt/haac/sc-experiments/4gpus/np796-500mil/run1/m000p.mpirestart-combined-0-40.dat
Evicting /lus/eagle/projects/RECUP/kassogba/veloc-ckpt/haac/sc-experiments/4gpus/np796-500mil/run1/m000p.mpirestart-combined-0-20.dat
Evicting /lus/eagle/projects/RECUP/kassogba/veloc-ckpt/haac/sc-experiments/4gpus/np796-500mil/run1/m000p.mpirestart-combined-0-30.dat
Evicting /lus/eagle/projects/RECUP/kassogba/veloc-ckpt/haac/sc-experiments/4gpus/np796-500mil/run1/m000p.mpirestart-combined-0-10.dat

           Files: 4
     Directories: 1
   Evicted Pages: 7324790 (27G)
         Elapsed: 1.9497 seconds
[INFO 0] [/home/keveltun/research/recup/veloc/apps/state-diff/src/loader/host_cache.cpp:11:host_cache_t] Host - Creating a cache of size 16384 MB
[INFO 0] [/home/keveltun/research/recup/veloc/apps/state-diff/src/loader/data_loader.cpp:10:data_loader_t] Loader - host and device caches initialized
[BENCHMARK 0] [/home/keveltun/research/recup/veloc/apps/state-diff/src/loader/data_loader.cpp:11:data_loader_t] [time elapsed: 0 ms] Initialized data loader
Data size = 7497964768
[BENCHMARK 0] [/home/keveltun/research/recup/veloc/apps/state-diff/include/statediff.hpp:143:client_t] [time elapsed: 0 ms] State-diff client 1 initialized
[INFO 0] [/home/keveltun/research/recup/veloc/apps/state-diff/src/loader/host_cache.cpp:50:set_reader] Host (0)- Setting reader to read from file
[INFO 0] [/home/keveltun/research/recup/veloc/apps/state-diff/src/loader/host_cache.cpp:32:activate] Host (0)- Started fetch thread on host cache
[INFO 0] [/home/keveltun/research/recup/veloc/apps/state-diff/src/loader/data_loader.cpp:137:file_load] Loader (0)- Creating segments without given file offsets
[BENCHMARK 0] [/home/keveltun/research/recup/veloc/apps/state-diff/src/loader/data_loader.cpp:161:file_load] [time elapsed: 0 ms] Created segments and staged for file read
[BENCHMARK 0] [/home/keveltun/research/recup/veloc/apps/state-diff/src/loader/host_cache.cpp:75:fetch_] [time elapsed: 0 ms] Host (0)- Waited any batch for host fetch
[INFO 0] [/home/keveltun/research/recup/veloc/apps/state-diff/src/loader/host_cache.cpp:138:get_completed] Host (0)- Getting completed jobs from ready_q
[BENCHMARK 2] [/home/keveltun/research/recup/veloc/apps/state-diff/src/loader/host_cache.cpp:93:fetch_] [time elapsed: 2098 ms] Host (0)- Fetched 1 batches to host cache
[BENCHMARK 2] [/home/keveltun/research/recup/veloc/apps/state-diff/src/loader/data_loader.cpp:223:next] [time elapsed: 2098 ms] Retrieved pointer to next batch of data for computation
[BENCHMARK 2] [/home/keveltun/research/recup/veloc/apps/state-diff/include/statediff.hpp:203:create] [time elapsed: 2859 ms] State-diff tree -1 created from reader
(0.0001) Chunk size: 8388608, Creation time: 2.85964 seconds, throughput: 2.44193 GB/s
Evicting /lus/eagle/projects/RECUP/kassogba/veloc-ckpt/haac/sc-experiments/4gpus/np796-500mil/run1/m000p.mpirestart-combined-0-40.dat
Evicting /lus/eagle/projects/RECUP/kassogba/veloc-ckpt/haac/sc-experiments/4gpus/np796-500mil/run1/m000p.mpirestart-combined-0-20.dat
Evicting /lus/eagle/projects/RECUP/kassogba/veloc-ckpt/haac/sc-experiments/4gpus/np796-500mil/run1/m000p.mpirestart-combined-0-30.dat
Evicting /lus/eagle/projects/RECUP/kassogba/veloc-ckpt/haac/sc-experiments/4gpus/np796-500mil/run1/m000p.mpirestart-combined-0-10.dat

           Files: 4
     Directories: 1
   Evicted Pages: 7324790 (27G)
         Elapsed: 1.9563 seconds
[INFO 0] [/home/keveltun/research/recup/veloc/apps/state-diff/src/loader/host_cache.cpp:11:host_cache_t] Host - Creating a cache of size 16384 MB
[INFO 0] [/home/keveltun/research/recup/veloc/apps/state-diff/src/loader/data_loader.cpp:10:data_loader_t] Loader - host and device caches initialized
[BENCHMARK 0] [/home/keveltun/research/recup/veloc/apps/state-diff/src/loader/data_loader.cpp:11:data_loader_t] [time elapsed: 0 ms] Initialized data loader
Data size = 7497964768
[BENCHMARK 0] [/home/keveltun/research/recup/veloc/apps/state-diff/include/statediff.hpp:143:client_t] [time elapsed: 0 ms] State-diff client 1 initialized
[INFO 0] [/home/keveltun/research/recup/veloc/apps/state-diff/src/loader/host_cache.cpp:50:set_reader] Host (0)- Setting reader to read from file
[INFO 0] [/home/keveltun/research/recup/veloc/apps/state-diff/src/loader/host_cache.cpp:32:activate] Host (0)- Started fetch thread on host cache
[INFO 0] [/home/keveltun/research/recup/veloc/apps/state-diff/src/loader/data_loader.cpp:137:file_load] Loader (0)- Creating segments without given file offsets
[BENCHMARK 0] [/home/keveltun/research/recup/veloc/apps/state-diff/src/loader/data_loader.cpp:161:file_load] [time elapsed: 0 ms] Created segments and staged for file read
[BENCHMARK 0] [/home/keveltun/research/recup/veloc/apps/state-diff/src/loader/host_cache.cpp:75:fetch_] [time elapsed: 0 ms] Host (0)- Waited any batch for host fetch
[INFO 0] [/home/keveltun/research/recup/veloc/apps/state-diff/src/loader/host_cache.cpp:138:get_completed] Host (0)- Getting completed jobs from ready_q
[BENCHMARK 2] [/home/keveltun/research/recup/veloc/apps/state-diff/src/loader/host_cache.cpp:93:fetch_] [time elapsed: 2009 ms] Host (0)- Fetched 1 batches to host cache
[BENCHMARK 2] [/home/keveltun/research/recup/veloc/apps/state-diff/src/loader/data_loader.cpp:223:next] [time elapsed: 2009 ms] Retrieved pointer to next batch of data for computation
[BENCHMARK 2] [/home/keveltun/research/recup/veloc/apps/state-diff/include/statediff.hpp:203:create] [time elapsed: 2777 ms] State-diff tree -1 created from reader
(1e-07) Chunk size: 8388608, Creation time: 2.7779 seconds, throughput: 2.51378 GB/s
 Benchmarking the tree creation time for modeling 
===============================================================================
Evicting /lus/eagle/projects/RECUP/kassogba/veloc-ckpt/haac/sc-experiments/4gpus/np796-500mil/run1/m000p.mpirestart-combined-0-40.dat
Evicting /lus/eagle/projects/RECUP/kassogba/veloc-ckpt/haac/sc-experiments/4gpus/np796-500mil/run1/m000p.mpirestart-combined-0-20.dat
Evicting /lus/eagle/projects/RECUP/kassogba/veloc-ckpt/haac/sc-experiments/4gpus/np796-500mil/run1/m000p.mpirestart-combined-0-30.dat
Evicting /lus/eagle/projects/RECUP/kassogba/veloc-ckpt/haac/sc-experiments/4gpus/np796-500mil/run1/m000p.mpirestart-combined-0-10.dat

           Files: 4
     Directories: 1
   Evicted Pages: 7324790 (27G)
         Elapsed: 1.9234 seconds
[INFO 0] [/home/keveltun/research/recup/veloc/apps/state-diff/src/loader/host_cache.cpp:11:host_cache_t] Host - Creating a cache of size 16384 MB
[INFO 0] [/home/keveltun/research/recup/veloc/apps/state-diff/src/loader/data_loader.cpp:10:data_loader_t] Loader - host and device caches initialized
[BENCHMARK 0] [/home/keveltun/research/recup/veloc/apps/state-diff/src/loader/data_loader.cpp:11:data_loader_t] [time elapsed: 0 ms] Initialized data loader
Data size = 7497964768
[BENCHMARK 0] [/home/keveltun/research/recup/veloc/apps/state-diff/include/statediff.hpp:143:client_t] [time elapsed: 7 ms] State-diff client 1 initialized
[INFO 0] [/home/keveltun/research/recup/veloc/apps/state-diff/src/loader/host_cache.cpp:50:set_reader] Host (0)- Setting reader to read from file
[INFO 0] [/home/keveltun/research/recup/veloc/apps/state-diff/src/loader/host_cache.cpp:32:activate] Host (0)- Started fetch thread on host cache
[INFO 0] [/home/keveltun/research/recup/veloc/apps/state-diff/src/loader/data_loader.cpp:137:file_load] Loader (0)- Creating segments without given file offsets
[BENCHMARK 0] [/home/keveltun/research/recup/veloc/apps/state-diff/src/loader/data_loader.cpp:161:file_load] [time elapsed: 6 ms] Created segments and staged for file read
[BENCHMARK 0] [/home/keveltun/research/recup/veloc/apps/state-diff/src/loader/host_cache.cpp:75:fetch_] [time elapsed: 6 ms] Host (0)- Waited any batch for host fetch
[INFO 0] [/home/keveltun/research/recup/veloc/apps/state-diff/src/loader/host_cache.cpp:138:get_completed] Host (0)- Getting completed jobs from ready_q
[BENCHMARK 7] [/home/keveltun/research/recup/veloc/apps/state-diff/src/loader/host_cache.cpp:93:fetch_] [time elapsed: 7192 ms] Host (0)- Fetched 1 batches to host cache
[BENCHMARK 7] [/home/keveltun/research/recup/veloc/apps/state-diff/src/loader/data_loader.cpp:223:next] [time elapsed: 7192 ms] Retrieved pointer to next batch of data for computation
[BENCHMARK 8] [/home/keveltun/research/recup/veloc/apps/state-diff/include/statediff.hpp:203:create] [time elapsed: 8270 ms] State-diff tree -1 created from reader
(0.01) Chunk size: 4096, Creation time: 8.27037 seconds, throughput: 0.844342 GB/s
Evicting /lus/eagle/projects/RECUP/kassogba/veloc-ckpt/haac/sc-experiments/4gpus/np796-500mil/run1/m000p.mpirestart-combined-0-40.dat
Evicting /lus/eagle/projects/RECUP/kassogba/veloc-ckpt/haac/sc-experiments/4gpus/np796-500mil/run1/m000p.mpirestart-combined-0-20.dat
Evicting /lus/eagle/projects/RECUP/kassogba/veloc-ckpt/haac/sc-experiments/4gpus/np796-500mil/run1/m000p.mpirestart-combined-0-30.dat
Evicting /lus/eagle/projects/RECUP/kassogba/veloc-ckpt/haac/sc-experiments/4gpus/np796-500mil/run1/m000p.mpirestart-combined-0-10.dat

           Files: 4
     Directories: 1
   Evicted Pages: 7324790 (27G)
         Elapsed: 1.9702 seconds
[INFO 0] [/home/keveltun/research/recup/veloc/apps/state-diff/src/loader/host_cache.cpp:11:host_cache_t] Host - Creating a cache of size 16384 MB
[INFO 0] [/home/keveltun/research/recup/veloc/apps/state-diff/src/loader/data_loader.cpp:10:data_loader_t] Loader - host and device caches initialized
[BENCHMARK 0] [/home/keveltun/research/recup/veloc/apps/state-diff/src/loader/data_loader.cpp:11:data_loader_t] [time elapsed: 0 ms] Initialized data loader
Data size = 7497964768
[BENCHMARK 0] [/home/keveltun/research/recup/veloc/apps/state-diff/include/statediff.hpp:143:client_t] [time elapsed: 7 ms] State-diff client 1 initialized
[INFO 0] [/home/keveltun/research/recup/veloc/apps/state-diff/src/loader/host_cache.cpp:50:set_reader] Host (0)- Setting reader to read from file
[INFO 0] [/home/keveltun/research/recup/veloc/apps/state-diff/src/loader/host_cache.cpp:32:activate] Host (0)- Started fetch thread on host cache
[INFO 0] [/home/keveltun/research/recup/veloc/apps/state-diff/src/loader/data_loader.cpp:137:file_load] Loader (0)- Creating segments without given file offsets
[BENCHMARK 0] [/home/keveltun/research/recup/veloc/apps/state-diff/src/loader/data_loader.cpp:161:file_load] [time elapsed: 6 ms] Created segments and staged for file read
[BENCHMARK 0] [/home/keveltun/research/recup/veloc/apps/state-diff/src/loader/host_cache.cpp:75:fetch_] [time elapsed: 6 ms] Host (0)- Waited any batch for host fetch
[INFO 0] [/home/keveltun/research/recup/veloc/apps/state-diff/src/loader/host_cache.cpp:138:get_completed] Host (0)- Getting completed jobs from ready_q
[BENCHMARK 7] [/home/keveltun/research/recup/veloc/apps/state-diff/src/loader/host_cache.cpp:93:fetch_] [time elapsed: 7487 ms] Host (0)- Fetched 1 batches to host cache
[BENCHMARK 7] [/home/keveltun/research/recup/veloc/apps/state-diff/src/loader/data_loader.cpp:223:next] [time elapsed: 7487 ms] Retrieved pointer to next batch of data for computation
[BENCHMARK 8] [/home/keveltun/research/recup/veloc/apps/state-diff/include/statediff.hpp:203:create] [time elapsed: 8260 ms] State-diff tree -1 created from reader
(0.0001) Chunk size: 4096, Creation time: 8.26046 seconds, throughput: 0.845356 GB/s
Evicting /lus/eagle/projects/RECUP/kassogba/veloc-ckpt/haac/sc-experiments/4gpus/np796-500mil/run1/m000p.mpirestart-combined-0-40.dat
Evicting /lus/eagle/projects/RECUP/kassogba/veloc-ckpt/haac/sc-experiments/4gpus/np796-500mil/run1/m000p.mpirestart-combined-0-20.dat
Evicting /lus/eagle/projects/RECUP/kassogba/veloc-ckpt/haac/sc-experiments/4gpus/np796-500mil/run1/m000p.mpirestart-combined-0-30.dat
Evicting /lus/eagle/projects/RECUP/kassogba/veloc-ckpt/haac/sc-experiments/4gpus/np796-500mil/run1/m000p.mpirestart-combined-0-10.dat

           Files: 4
     Directories: 1
   Evicted Pages: 7324790 (27G)
         Elapsed: 1.9469 seconds
[INFO 0] [/home/keveltun/research/recup/veloc/apps/state-diff/src/loader/host_cache.cpp:11:host_cache_t] Host - Creating a cache of size 16384 MB
[INFO 0] [/home/keveltun/research/recup/veloc/apps/state-diff/src/loader/data_loader.cpp:10:data_loader_t] Loader - host and device caches initialized
[BENCHMARK 0] [/home/keveltun/research/recup/veloc/apps/state-diff/src/loader/data_loader.cpp:11:data_loader_t] [time elapsed: 0 ms] Initialized data loader
Data size = 7497964768
[BENCHMARK 0] [/home/keveltun/research/recup/veloc/apps/state-diff/include/statediff.hpp:143:client_t] [time elapsed: 7 ms] State-diff client 1 initialized
[INFO 0] [/home/keveltun/research/recup/veloc/apps/state-diff/src/loader/host_cache.cpp:50:set_reader] Host (0)- Setting reader to read from file
[INFO 0] [/home/keveltun/research/recup/veloc/apps/state-diff/src/loader/host_cache.cpp:32:activate] Host (0)- Started fetch thread on host cache
[INFO 0] [/home/keveltun/research/recup/veloc/apps/state-diff/src/loader/data_loader.cpp:137:file_load] Loader (0)- Creating segments without given file offsets
[BENCHMARK 0] [/home/keveltun/research/recup/veloc/apps/state-diff/src/loader/data_loader.cpp:161:file_load] [time elapsed: 6 ms] Created segments and staged for file read
[BENCHMARK 0] [/home/keveltun/research/recup/veloc/apps/state-diff/src/loader/host_cache.cpp:75:fetch_] [time elapsed: 6 ms] Host (0)- Waited any batch for host fetch
[INFO 0] [/home/keveltun/research/recup/veloc/apps/state-diff/src/loader/host_cache.cpp:138:get_completed] Host (0)- Getting completed jobs from ready_q
[BENCHMARK 6] [/home/keveltun/research/recup/veloc/apps/state-diff/src/loader/host_cache.cpp:93:fetch_] [time elapsed: 6959 ms] Host (0)- Fetched 1 batches to host cache
[BENCHMARK 6] [/home/keveltun/research/recup/veloc/apps/state-diff/src/loader/data_loader.cpp:223:next] [time elapsed: 6959 ms] Retrieved pointer to next batch of data for computation
[BENCHMARK 7] [/home/keveltun/research/recup/veloc/apps/state-diff/include/statediff.hpp:203:create] [time elapsed: 7729 ms] State-diff tree -1 created from reader
(1e-07) Chunk size: 4096, Creation time: 7.72988 seconds, throughput: 0.90338 GB/s
Evicting /lus/eagle/projects/RECUP/kassogba/veloc-ckpt/haac/sc-experiments/4gpus/np796-500mil/run1/m000p.mpirestart-combined-0-40.dat
Evicting /lus/eagle/projects/RECUP/kassogba/veloc-ckpt/haac/sc-experiments/4gpus/np796-500mil/run1/m000p.mpirestart-combined-0-20.dat
Evicting /lus/eagle/projects/RECUP/kassogba/veloc-ckpt/haac/sc-experiments/4gpus/np796-500mil/run1/m000p.mpirestart-combined-0-30.dat
Evicting /lus/eagle/projects/RECUP/kassogba/veloc-ckpt/haac/sc-experiments/4gpus/np796-500mil/run1/m000p.mpirestart-combined-0-10.dat

           Files: 4
     Directories: 1
   Evicted Pages: 7324790 (27G)
         Elapsed: 1.9666 seconds
[INFO 0] [/home/keveltun/research/recup/veloc/apps/state-diff/src/loader/host_cache.cpp:11:host_cache_t] Host - Creating a cache of size 16384 MB
[INFO 0] [/home/keveltun/research/recup/veloc/apps/state-diff/src/loader/data_loader.cpp:10:data_loader_t] Loader - host and device caches initialized
[BENCHMARK 0] [/home/keveltun/research/recup/veloc/apps/state-diff/src/loader/data_loader.cpp:11:data_loader_t] [time elapsed: 0 ms] Initialized data loader
Data size = 7497964768
[BENCHMARK 0] [/home/keveltun/research/recup/veloc/apps/state-diff/include/statediff.hpp:143:client_t] [time elapsed: 5 ms] State-diff client 1 initialized
[INFO 0] [/home/keveltun/research/recup/veloc/apps/state-diff/src/loader/host_cache.cpp:50:set_reader] Host (0)- Setting reader to read from file
[INFO 0] [/home/keveltun/research/recup/veloc/apps/state-diff/src/loader/host_cache.cpp:32:activate] Host (0)- Started fetch thread on host cache
[INFO 0] [/home/keveltun/research/recup/veloc/apps/state-diff/src/loader/data_loader.cpp:137:file_load] Loader (0)- Creating segments without given file offsets
[BENCHMARK 0] [/home/keveltun/research/recup/veloc/apps/state-diff/src/loader/data_loader.cpp:161:file_load] [time elapsed: 3 ms] Created segments and staged for file read
[BENCHMARK 0] [/home/keveltun/research/recup/veloc/apps/state-diff/src/loader/host_cache.cpp:75:fetch_] [time elapsed: 3 ms] Host (0)- Waited any batch for host fetch
[INFO 0] [/home/keveltun/research/recup/veloc/apps/state-diff/src/loader/host_cache.cpp:138:get_completed] Host (0)- Getting completed jobs from ready_q
[BENCHMARK 6] [/home/keveltun/research/recup/veloc/apps/state-diff/src/loader/host_cache.cpp:93:fetch_] [time elapsed: 6453 ms] Host (0)- Fetched 1 batches to host cache
[BENCHMARK 6] [/home/keveltun/research/recup/veloc/apps/state-diff/src/loader/data_loader.cpp:223:next] [time elapsed: 6453 ms] Retrieved pointer to next batch of data for computation
[BENCHMARK 7] [/home/keveltun/research/recup/veloc/apps/state-diff/include/statediff.hpp:203:create] [time elapsed: 7534 ms] State-diff tree -1 created from reader
(0.01) Chunk size: 8192, Creation time: 7.53471 seconds, throughput: 0.926781 GB/s
Evicting /lus/eagle/projects/RECUP/kassogba/veloc-ckpt/haac/sc-experiments/4gpus/np796-500mil/run1/m000p.mpirestart-combined-0-40.dat
Evicting /lus/eagle/projects/RECUP/kassogba/veloc-ckpt/haac/sc-experiments/4gpus/np796-500mil/run1/m000p.mpirestart-combined-0-20.dat
Evicting /lus/eagle/projects/RECUP/kassogba/veloc-ckpt/haac/sc-experiments/4gpus/np796-500mil/run1/m000p.mpirestart-combined-0-30.dat
Evicting /lus/eagle/projects/RECUP/kassogba/veloc-ckpt/haac/sc-experiments/4gpus/np796-500mil/run1/m000p.mpirestart-combined-0-10.dat

           Files: 4
     Directories: 1
   Evicted Pages: 7324790 (27G)
         Elapsed: 1.9684 seconds
[INFO 0] [/home/keveltun/research/recup/veloc/apps/state-diff/src/loader/host_cache.cpp:11:host_cache_t] Host - Creating a cache of size 16384 MB
[INFO 0] [/home/keveltun/research/recup/veloc/apps/state-diff/src/loader/data_loader.cpp:10:data_loader_t] Loader - host and device caches initialized
[BENCHMARK 0] [/home/keveltun/research/recup/veloc/apps/state-diff/src/loader/data_loader.cpp:11:data_loader_t] [time elapsed: 0 ms] Initialized data loader
Data size = 7497964768
[BENCHMARK 0] [/home/keveltun/research/recup/veloc/apps/state-diff/include/statediff.hpp:143:client_t] [time elapsed: 5 ms] State-diff client 1 initialized
[INFO 0] [/home/keveltun/research/recup/veloc/apps/state-diff/src/loader/host_cache.cpp:50:set_reader] Host (0)- Setting reader to read from file
[INFO 0] [/home/keveltun/research/recup/veloc/apps/state-diff/src/loader/host_cache.cpp:32:activate] Host (0)- Started fetch thread on host cache
[INFO 0] [/home/keveltun/research/recup/veloc/apps/state-diff/src/loader/data_loader.cpp:137:file_load] Loader (0)- Creating segments without given file offsets
[BENCHMARK 0] [/home/keveltun/research/recup/veloc/apps/state-diff/src/loader/data_loader.cpp:161:file_load] [time elapsed: 4 ms] Created segments and staged for file read
[BENCHMARK 0] [/home/keveltun/research/recup/veloc/apps/state-diff/src/loader/host_cache.cpp:75:fetch_] [time elapsed: 4 ms] Host (0)- Waited any batch for host fetch
[INFO 0] [/home/keveltun/research/recup/veloc/apps/state-diff/src/loader/host_cache.cpp:138:get_completed] Host (0)- Getting completed jobs from ready_q
[BENCHMARK 6] [/home/keveltun/research/recup/veloc/apps/state-diff/src/loader/host_cache.cpp:93:fetch_] [time elapsed: 6354 ms] Host (0)- Fetched 1 batches to host cache
[BENCHMARK 6] [/home/keveltun/research/recup/veloc/apps/state-diff/src/loader/data_loader.cpp:223:next] [time elapsed: 6354 ms] Retrieved pointer to next batch of data for computation
[BENCHMARK 7] [/home/keveltun/research/recup/veloc/apps/state-diff/include/statediff.hpp:203:create] [time elapsed: 7112 ms] State-diff tree -1 created from reader
(0.0001) Chunk size: 8192, Creation time: 7.11286 seconds, throughput: 0.981747 GB/s
Evicting /lus/eagle/projects/RECUP/kassogba/veloc-ckpt/haac/sc-experiments/4gpus/np796-500mil/run1/m000p.mpirestart-combined-0-40.dat
Evicting /lus/eagle/projects/RECUP/kassogba/veloc-ckpt/haac/sc-experiments/4gpus/np796-500mil/run1/m000p.mpirestart-combined-0-20.dat
Evicting /lus/eagle/projects/RECUP/kassogba/veloc-ckpt/haac/sc-experiments/4gpus/np796-500mil/run1/m000p.mpirestart-combined-0-30.dat
Evicting /lus/eagle/projects/RECUP/kassogba/veloc-ckpt/haac/sc-experiments/4gpus/np796-500mil/run1/m000p.mpirestart-combined-0-10.dat

           Files: 4
     Directories: 1
   Evicted Pages: 7324790 (27G)
         Elapsed: 1.9675 seconds
[INFO 0] [/home/keveltun/research/recup/veloc/apps/state-diff/src/loader/host_cache.cpp:11:host_cache_t] Host - Creating a cache of size 16384 MB
[INFO 0] [/home/keveltun/research/recup/veloc/apps/state-diff/src/loader/data_loader.cpp:10:data_loader_t] Loader - host and device caches initialized
[BENCHMARK 0] [/home/keveltun/research/recup/veloc/apps/state-diff/src/loader/data_loader.cpp:11:data_loader_t] [time elapsed: 0 ms] Initialized data loader
Data size = 7497964768
[BENCHMARK 0] [/home/keveltun/research/recup/veloc/apps/state-diff/include/statediff.hpp:143:client_t] [time elapsed: 5 ms] State-diff client 1 initialized
[INFO 0] [/home/keveltun/research/recup/veloc/apps/state-diff/src/loader/host_cache.cpp:50:set_reader] Host (0)- Setting reader to read from file
[INFO 0] [/home/keveltun/research/recup/veloc/apps/state-diff/src/loader/host_cache.cpp:32:activate] Host (0)- Started fetch thread on host cache
[INFO 0] [/home/keveltun/research/recup/veloc/apps/state-diff/src/loader/data_loader.cpp:137:file_load] Loader (0)- Creating segments without given file offsets
[BENCHMARK 0] [/home/keveltun/research/recup/veloc/apps/state-diff/src/loader/data_loader.cpp:161:file_load] [time elapsed: 4 ms] Created segments and staged for file read
[BENCHMARK 0] [/home/keveltun/research/recup/veloc/apps/state-diff/src/loader/host_cache.cpp:75:fetch_] [time elapsed: 4 ms] Host (0)- Waited any batch for host fetch
[INFO 0] [/home/keveltun/research/recup/veloc/apps/state-diff/src/loader/host_cache.cpp:138:get_completed] Host (0)- Getting completed jobs from ready_q
[BENCHMARK 6] [/home/keveltun/research/recup/veloc/apps/state-diff/src/loader/host_cache.cpp:93:fetch_] [time elapsed: 6204 ms] Host (0)- Fetched 1 batches to host cache
[BENCHMARK 6] [/home/keveltun/research/recup/veloc/apps/state-diff/src/loader/data_loader.cpp:223:next] [time elapsed: 6204 ms] Retrieved pointer to next batch of data for computation
[BENCHMARK 6] [/home/keveltun/research/recup/veloc/apps/state-diff/include/statediff.hpp:203:create] [time elapsed: 6972 ms] State-diff tree -1 created from reader
(1e-07) Chunk size: 8192, Creation time: 6.97239 seconds, throughput: 1.00153 GB/s
Evicting /lus/eagle/projects/RECUP/kassogba/veloc-ckpt/haac/sc-experiments/4gpus/np796-500mil/run1/m000p.mpirestart-combined-0-40.dat
Evicting /lus/eagle/projects/RECUP/kassogba/veloc-ckpt/haac/sc-experiments/4gpus/np796-500mil/run1/m000p.mpirestart-combined-0-20.dat
Evicting /lus/eagle/projects/RECUP/kassogba/veloc-ckpt/haac/sc-experiments/4gpus/np796-500mil/run1/m000p.mpirestart-combined-0-30.dat
Evicting /lus/eagle/projects/RECUP/kassogba/veloc-ckpt/haac/sc-experiments/4gpus/np796-500mil/run1/m000p.mpirestart-combined-0-10.dat

           Files: 4
     Directories: 1
   Evicted Pages: 7324790 (27G)
         Elapsed: 1.9635 seconds
[INFO 0] [/home/keveltun/research/recup/veloc/apps/state-diff/src/loader/host_cache.cpp:11:host_cache_t] Host - Creating a cache of size 16384 MB
[INFO 0] [/home/keveltun/research/recup/veloc/apps/state-diff/src/loader/data_loader.cpp:10:data_loader_t] Loader - host and device caches initialized
[BENCHMARK 0] [/home/keveltun/research/recup/veloc/apps/state-diff/src/loader/data_loader.cpp:11:data_loader_t] [time elapsed: 0 ms] Initialized data loader
Data size = 7497964768
[BENCHMARK 0] [/home/keveltun/research/recup/veloc/apps/state-diff/include/statediff.hpp:143:client_t] [time elapsed: 3 ms] State-diff client 1 initialized
[INFO 0] [/home/keveltun/research/recup/veloc/apps/state-diff/src/loader/host_cache.cpp:50:set_reader] Host (0)- Setting reader to read from file
[INFO 0] [/home/keveltun/research/recup/veloc/apps/state-diff/src/loader/host_cache.cpp:32:activate] Host (0)- Started fetch thread on host cache
[INFO 0] [/home/keveltun/research/recup/veloc/apps/state-diff/src/loader/data_loader.cpp:137:file_load] Loader (0)- Creating segments without given file offsets
[BENCHMARK 0] [/home/keveltun/research/recup/veloc/apps/state-diff/src/loader/data_loader.cpp:161:file_load] [time elapsed: 2 ms] Created segments and staged for file read
[BENCHMARK 0] [/home/keveltun/research/recup/veloc/apps/state-diff/src/loader/host_cache.cpp:75:fetch_] [time elapsed: 2 ms] Host (0)- Waited any batch for host fetch
[INFO 0] [/home/keveltun/research/recup/veloc/apps/state-diff/src/loader/host_cache.cpp:138:get_completed] Host (0)- Getting completed jobs from ready_q
[BENCHMARK 6] [/home/keveltun/research/recup/veloc/apps/state-diff/src/loader/host_cache.cpp:93:fetch_] [time elapsed: 6026 ms] Host (0)- Fetched 1 batches to host cache
[BENCHMARK 6] [/home/keveltun/research/recup/veloc/apps/state-diff/src/loader/data_loader.cpp:223:next] [time elapsed: 6026 ms] Retrieved pointer to next batch of data for computation
[BENCHMARK 7] [/home/keveltun/research/recup/veloc/apps/state-diff/include/statediff.hpp:203:create] [time elapsed: 7109 ms] State-diff tree -1 created from reader
(0.01) Chunk size: 16384, Creation time: 7.10929 seconds, throughput: 0.982239 GB/s
Evicting /lus/eagle/projects/RECUP/kassogba/veloc-ckpt/haac/sc-experiments/4gpus/np796-500mil/run1/m000p.mpirestart-combined-0-40.dat
Evicting /lus/eagle/projects/RECUP/kassogba/veloc-ckpt/haac/sc-experiments/4gpus/np796-500mil/run1/m000p.mpirestart-combined-0-20.dat
Evicting /lus/eagle/projects/RECUP/kassogba/veloc-ckpt/haac/sc-experiments/4gpus/np796-500mil/run1/m000p.mpirestart-combined-0-30.dat
Evicting /lus/eagle/projects/RECUP/kassogba/veloc-ckpt/haac/sc-experiments/4gpus/np796-500mil/run1/m000p.mpirestart-combined-0-10.dat

           Files: 4
     Directories: 1
   Evicted Pages: 7324790 (27G)
         Elapsed: 1.9456 seconds
[INFO 0] [/home/keveltun/research/recup/veloc/apps/state-diff/src/loader/host_cache.cpp:11:host_cache_t] Host - Creating a cache of size 16384 MB
[INFO 0] [/home/keveltun/research/recup/veloc/apps/state-diff/src/loader/data_loader.cpp:10:data_loader_t] Loader - host and device caches initialized
[BENCHMARK 0] [/home/keveltun/research/recup/veloc/apps/state-diff/src/loader/data_loader.cpp:11:data_loader_t] [time elapsed: 0 ms] Initialized data loader
Data size = 7497964768
[BENCHMARK 0] [/home/keveltun/research/recup/veloc/apps/state-diff/include/statediff.hpp:143:client_t] [time elapsed: 3 ms] State-diff client 1 initialized
[INFO 0] [/home/keveltun/research/recup/veloc/apps/state-diff/src/loader/host_cache.cpp:50:set_reader] Host (0)- Setting reader to read from file
[INFO 0] [/home/keveltun/research/recup/veloc/apps/state-diff/src/loader/host_cache.cpp:32:activate] Host (0)- Started fetch thread on host cache
[INFO 0] [/home/keveltun/research/recup/veloc/apps/state-diff/src/loader/data_loader.cpp:137:file_load] Loader (0)- Creating segments without given file offsets
[BENCHMARK 0] [/home/keveltun/research/recup/veloc/apps/state-diff/src/loader/data_loader.cpp:161:file_load] [time elapsed: 2 ms] Created segments and staged for file read
[BENCHMARK 0] [/home/keveltun/research/recup/veloc/apps/state-diff/src/loader/host_cache.cpp:75:fetch_] [time elapsed: 2 ms] Host (0)- Waited any batch for host fetch
[INFO 0] [/home/keveltun/research/recup/veloc/apps/state-diff/src/loader/host_cache.cpp:138:get_completed] Host (0)- Getting completed jobs from ready_q
[BENCHMARK 5] [/home/keveltun/research/recup/veloc/apps/state-diff/src/loader/host_cache.cpp:93:fetch_] [time elapsed: 5940 ms] Host (0)- Fetched 1 batches to host cache
[BENCHMARK 5] [/home/keveltun/research/recup/veloc/apps/state-diff/src/loader/data_loader.cpp:223:next] [time elapsed: 5940 ms] Retrieved pointer to next batch of data for computation
[BENCHMARK 6] [/home/keveltun/research/recup/veloc/apps/state-diff/include/statediff.hpp:203:create] [time elapsed: 6705 ms] State-diff tree -1 created from reader
(0.0001) Chunk size: 16384, Creation time: 6.7056 seconds, throughput: 1.04137 GB/s
Evicting /lus/eagle/projects/RECUP/kassogba/veloc-ckpt/haac/sc-experiments/4gpus/np796-500mil/run1/m000p.mpirestart-combined-0-40.dat
Evicting /lus/eagle/projects/RECUP/kassogba/veloc-ckpt/haac/sc-experiments/4gpus/np796-500mil/run1/m000p.mpirestart-combined-0-20.dat
Evicting /lus/eagle/projects/RECUP/kassogba/veloc-ckpt/haac/sc-experiments/4gpus/np796-500mil/run1/m000p.mpirestart-combined-0-30.dat
Evicting /lus/eagle/projects/RECUP/kassogba/veloc-ckpt/haac/sc-experiments/4gpus/np796-500mil/run1/m000p.mpirestart-combined-0-10.dat

           Files: 4
     Directories: 1
   Evicted Pages: 7324790 (27G)
         Elapsed: 1.9818 seconds
[INFO 0] [/home/keveltun/research/recup/veloc/apps/state-diff/src/loader/host_cache.cpp:11:host_cache_t] Host - Creating a cache of size 16384 MB
[INFO 0] [/home/keveltun/research/recup/veloc/apps/state-diff/src/loader/data_loader.cpp:10:data_loader_t] Loader - host and device caches initialized
[BENCHMARK 0] [/home/keveltun/research/recup/veloc/apps/state-diff/src/loader/data_loader.cpp:11:data_loader_t] [time elapsed: 0 ms] Initialized data loader
Data size = 7497964768
[BENCHMARK 0] [/home/keveltun/research/recup/veloc/apps/state-diff/include/statediff.hpp:143:client_t] [time elapsed: 3 ms] State-diff client 1 initialized
[INFO 0] [/home/keveltun/research/recup/veloc/apps/state-diff/src/loader/host_cache.cpp:50:set_reader] Host (0)- Setting reader to read from file
[INFO 0] [/home/keveltun/research/recup/veloc/apps/state-diff/src/loader/host_cache.cpp:32:activate] Host (0)- Started fetch thread on host cache
[INFO 0] [/home/keveltun/research/recup/veloc/apps/state-diff/src/loader/data_loader.cpp:137:file_load] Loader (0)- Creating segments without given file offsets
[BENCHMARK 0] [/home/keveltun/research/recup/veloc/apps/state-diff/src/loader/data_loader.cpp:161:file_load] [time elapsed: 2 ms] Created segments and staged for file read
[BENCHMARK 0] [/home/keveltun/research/recup/veloc/apps/state-diff/src/loader/host_cache.cpp:75:fetch_] [time elapsed: 2 ms] Host (0)- Waited any batch for host fetch
[INFO 0] [/home/keveltun/research/recup/veloc/apps/state-diff/src/loader/host_cache.cpp:138:get_completed] Host (0)- Getting completed jobs from ready_q
[BENCHMARK 6] [/home/keveltun/research/recup/veloc/apps/state-diff/src/loader/host_cache.cpp:93:fetch_] [time elapsed: 6477 ms] Host (0)- Fetched 1 batches to host cache
[BENCHMARK 6] [/home/keveltun/research/recup/veloc/apps/state-diff/src/loader/data_loader.cpp:223:next] [time elapsed: 6477 ms] Retrieved pointer to next batch of data for computation
[BENCHMARK 7] [/home/keveltun/research/recup/veloc/apps/state-diff/include/statediff.hpp:203:create] [time elapsed: 7229 ms] State-diff tree -1 created from reader
(1e-07) Chunk size: 16384, Creation time: 7.22938 seconds, throughput: 0.965923 GB/s
Evicting /lus/eagle/projects/RECUP/kassogba/veloc-ckpt/haac/sc-experiments/4gpus/np796-500mil/run1/m000p.mpirestart-combined-0-40.dat
Evicting /lus/eagle/projects/RECUP/kassogba/veloc-ckpt/haac/sc-experiments/4gpus/np796-500mil/run1/m000p.mpirestart-combined-0-20.dat
Evicting /lus/eagle/projects/RECUP/kassogba/veloc-ckpt/haac/sc-experiments/4gpus/np796-500mil/run1/m000p.mpirestart-combined-0-30.dat
Evicting /lus/eagle/projects/RECUP/kassogba/veloc-ckpt/haac/sc-experiments/4gpus/np796-500mil/run1/m000p.mpirestart-combined-0-10.dat

           Files: 4
     Directories: 1
   Evicted Pages: 7324790 (27G)
         Elapsed: 1.9761 seconds
[INFO 0] [/home/keveltun/research/recup/veloc/apps/state-diff/src/loader/host_cache.cpp:11:host_cache_t] Host - Creating a cache of size 16384 MB
[INFO 0] [/home/keveltun/research/recup/veloc/apps/state-diff/src/loader/data_loader.cpp:10:data_loader_t] Loader - host and device caches initialized
[BENCHMARK 0] [/home/keveltun/research/recup/veloc/apps/state-diff/src/loader/data_loader.cpp:11:data_loader_t] [time elapsed: 0 ms] Initialized data loader
Data size = 7497964768
[BENCHMARK 0] [/home/keveltun/research/recup/veloc/apps/state-diff/include/statediff.hpp:143:client_t] [time elapsed: 3 ms] State-diff client 1 initialized
[INFO 0] [/home/keveltun/research/recup/veloc/apps/state-diff/src/loader/host_cache.cpp:50:set_reader] Host (0)- Setting reader to read from file
[INFO 0] [/home/keveltun/research/recup/veloc/apps/state-diff/src/loader/host_cache.cpp:32:activate] Host (0)- Started fetch thread on host cache
[INFO 0] [/home/keveltun/research/recup/veloc/apps/state-diff/src/loader/data_loader.cpp:137:file_load] Loader (0)- Creating segments without given file offsets
[BENCHMARK 0] [/home/keveltun/research/recup/veloc/apps/state-diff/src/loader/data_loader.cpp:161:file_load] [time elapsed: 1 ms] Created segments and staged for file read
[BENCHMARK 0] [/home/keveltun/research/recup/veloc/apps/state-diff/src/loader/host_cache.cpp:75:fetch_] [time elapsed: 1 ms] Host (0)- Waited any batch for host fetch
[INFO 0] [/home/keveltun/research/recup/veloc/apps/state-diff/src/loader/host_cache.cpp:138:get_completed] Host (0)- Getting completed jobs from ready_q
[BENCHMARK 6] [/home/keveltun/research/recup/veloc/apps/state-diff/src/loader/host_cache.cpp:93:fetch_] [time elapsed: 6556 ms] Host (0)- Fetched 1 batches to host cache
[BENCHMARK 6] [/home/keveltun/research/recup/veloc/apps/state-diff/src/loader/data_loader.cpp:223:next] [time elapsed: 6556 ms] Retrieved pointer to next batch of data for computation
[BENCHMARK 7] [/home/keveltun/research/recup/veloc/apps/state-diff/include/statediff.hpp:203:create] [time elapsed: 7627 ms] State-diff tree -1 created from reader
(0.01) Chunk size: 32768, Creation time: 7.62705 seconds, throughput: 0.91556 GB/s
Evicting /lus/eagle/projects/RECUP/kassogba/veloc-ckpt/haac/sc-experiments/4gpus/np796-500mil/run1/m000p.mpirestart-combined-0-40.dat
Evicting /lus/eagle/projects/RECUP/kassogba/veloc-ckpt/haac/sc-experiments/4gpus/np796-500mil/run1/m000p.mpirestart-combined-0-20.dat
Evicting /lus/eagle/projects/RECUP/kassogba/veloc-ckpt/haac/sc-experiments/4gpus/np796-500mil/run1/m000p.mpirestart-combined-0-30.dat
Evicting /lus/eagle/projects/RECUP/kassogba/veloc-ckpt/haac/sc-experiments/4gpus/np796-500mil/run1/m000p.mpirestart-combined-0-10.dat

           Files: 4
     Directories: 1
   Evicted Pages: 7324790 (27G)
         Elapsed: 1.9521 seconds
[INFO 0] [/home/keveltun/research/recup/veloc/apps/state-diff/src/loader/host_cache.cpp:11:host_cache_t] Host - Creating a cache of size 16384 MB
[INFO 0] [/home/keveltun/research/recup/veloc/apps/state-diff/src/loader/data_loader.cpp:10:data_loader_t] Loader - host and device caches initialized
[BENCHMARK 0] [/home/keveltun/research/recup/veloc/apps/state-diff/src/loader/data_loader.cpp:11:data_loader_t] [time elapsed: 0 ms] Initialized data loader
Data size = 7497964768
[BENCHMARK 0] [/home/keveltun/research/recup/veloc/apps/state-diff/include/statediff.hpp:143:client_t] [time elapsed: 3 ms] State-diff client 1 initialized
[INFO 0] [/home/keveltun/research/recup/veloc/apps/state-diff/src/loader/host_cache.cpp:50:set_reader] Host (0)- Setting reader to read from file
[INFO 0] [/home/keveltun/research/recup/veloc/apps/state-diff/src/loader/host_cache.cpp:32:activate] Host (0)- Started fetch thread on host cache
[INFO 0] [/home/keveltun/research/recup/veloc/apps/state-diff/src/loader/data_loader.cpp:137:file_load] Loader (0)- Creating segments without given file offsets
[BENCHMARK 0] [/home/keveltun/research/recup/veloc/apps/state-diff/src/loader/data_loader.cpp:161:file_load] [time elapsed: 1 ms] Created segments and staged for file read
[BENCHMARK 0] [/home/keveltun/research/recup/veloc/apps/state-diff/src/loader/host_cache.cpp:75:fetch_] [time elapsed: 1 ms] Host (0)- Waited any batch for host fetch
[INFO 0] [/home/keveltun/research/recup/veloc/apps/state-diff/src/loader/host_cache.cpp:138:get_completed] Host (0)- Getting completed jobs from ready_q
[BENCHMARK 5] [/home/keveltun/research/recup/veloc/apps/state-diff/src/loader/host_cache.cpp:93:fetch_] [time elapsed: 5785 ms] Host (0)- Fetched 1 batches to host cache
[BENCHMARK 5] [/home/keveltun/research/recup/veloc/apps/state-diff/src/loader/data_loader.cpp:223:next] [time elapsed: 5785 ms] Retrieved pointer to next batch of data for computation
[BENCHMARK 6] [/home/keveltun/research/recup/veloc/apps/state-diff/include/statediff.hpp:203:create] [time elapsed: 6542 ms] State-diff tree -1 created from reader
(0.0001) Chunk size: 32768, Creation time: 6.54285 seconds, throughput: 1.06728 GB/s
Evicting /lus/eagle/projects/RECUP/kassogba/veloc-ckpt/haac/sc-experiments/4gpus/np796-500mil/run1/m000p.mpirestart-combined-0-40.dat
Evicting /lus/eagle/projects/RECUP/kassogba/veloc-ckpt/haac/sc-experiments/4gpus/np796-500mil/run1/m000p.mpirestart-combined-0-20.dat
Evicting /lus/eagle/projects/RECUP/kassogba/veloc-ckpt/haac/sc-experiments/4gpus/np796-500mil/run1/m000p.mpirestart-combined-0-30.dat
Evicting /lus/eagle/projects/RECUP/kassogba/veloc-ckpt/haac/sc-experiments/4gpus/np796-500mil/run1/m000p.mpirestart-combined-0-10.dat

           Files: 4
     Directories: 1
   Evicted Pages: 7324790 (27G)
         Elapsed: 1.9823 seconds
[INFO 0] [/home/keveltun/research/recup/veloc/apps/state-diff/src/loader/host_cache.cpp:11:host_cache_t] Host - Creating a cache of size 16384 MB
[INFO 0] [/home/keveltun/research/recup/veloc/apps/state-diff/src/loader/data_loader.cpp:10:data_loader_t] Loader - host and device caches initialized
[BENCHMARK 0] [/home/keveltun/research/recup/veloc/apps/state-diff/src/loader/data_loader.cpp:11:data_loader_t] [time elapsed: 0 ms] Initialized data loader
Data size = 7497964768
[BENCHMARK 0] [/home/keveltun/research/recup/veloc/apps/state-diff/include/statediff.hpp:143:client_t] [time elapsed: 3 ms] State-diff client 1 initialized
[INFO 0] [/home/keveltun/research/recup/veloc/apps/state-diff/src/loader/host_cache.cpp:50:set_reader] Host (0)- Setting reader to read from file
[INFO 0] [/home/keveltun/research/recup/veloc/apps/state-diff/src/loader/host_cache.cpp:32:activate] Host (0)- Started fetch thread on host cache
[INFO 0] [/home/keveltun/research/recup/veloc/apps/state-diff/src/loader/data_loader.cpp:137:file_load] Loader (0)- Creating segments without given file offsets
[BENCHMARK 0] [/home/keveltun/research/recup/veloc/apps/state-diff/src/loader/data_loader.cpp:161:file_load] [time elapsed: 1 ms] Created segments and staged for file read
[BENCHMARK 0] [/home/keveltun/research/recup/veloc/apps/state-diff/src/loader/host_cache.cpp:75:fetch_] [time elapsed: 1 ms] Host (0)- Waited any batch for host fetch
[INFO 0] [/home/keveltun/research/recup/veloc/apps/state-diff/src/loader/host_cache.cpp:138:get_completed] Host (0)- Getting completed jobs from ready_q
[BENCHMARK 5] [/home/keveltun/research/recup/veloc/apps/state-diff/src/loader/host_cache.cpp:93:fetch_] [time elapsed: 5927 ms] Host (0)- Fetched 1 batches to host cache
[BENCHMARK 5] [/home/keveltun/research/recup/veloc/apps/state-diff/src/loader/data_loader.cpp:223:next] [time elapsed: 5927 ms] Retrieved pointer to next batch of data for computation
[BENCHMARK 6] [/home/keveltun/research/recup/veloc/apps/state-diff/include/statediff.hpp:203:create] [time elapsed: 6687 ms] State-diff tree -1 created from reader
(1e-07) Chunk size: 32768, Creation time: 6.68717 seconds, throughput: 1.04424 GB/s
Evicting /lus/eagle/projects/RECUP/kassogba/veloc-ckpt/haac/sc-experiments/4gpus/np796-500mil/run1/m000p.mpirestart-combined-0-40.dat
Evicting /lus/eagle/projects/RECUP/kassogba/veloc-ckpt/haac/sc-experiments/4gpus/np796-500mil/run1/m000p.mpirestart-combined-0-20.dat
Evicting /lus/eagle/projects/RECUP/kassogba/veloc-ckpt/haac/sc-experiments/4gpus/np796-500mil/run1/m000p.mpirestart-combined-0-30.dat
Evicting /lus/eagle/projects/RECUP/kassogba/veloc-ckpt/haac/sc-experiments/4gpus/np796-500mil/run1/m000p.mpirestart-combined-0-10.dat

           Files: 4
     Directories: 1
   Evicted Pages: 7324790 (27G)
         Elapsed: 1.9731 seconds
[INFO 0] [/home/keveltun/research/recup/veloc/apps/state-diff/src/loader/host_cache.cpp:11:host_cache_t] Host - Creating a cache of size 16384 MB
[INFO 0] [/home/keveltun/research/recup/veloc/apps/state-diff/src/loader/data_loader.cpp:10:data_loader_t] Loader - host and device caches initialized
[BENCHMARK 0] [/home/keveltun/research/recup/veloc/apps/state-diff/src/loader/data_loader.cpp:11:data_loader_t] [time elapsed: 0 ms] Initialized data loader
Data size = 7497964768
[BENCHMARK 0] [/home/keveltun/research/recup/veloc/apps/state-diff/include/statediff.hpp:143:client_t] [time elapsed: 1 ms] State-diff client 1 initialized
[INFO 0] [/home/keveltun/research/recup/veloc/apps/state-diff/src/loader/host_cache.cpp:50:set_reader] Host (0)- Setting reader to read from file
[INFO 0] [/home/keveltun/research/recup/veloc/apps/state-diff/src/loader/host_cache.cpp:32:activate] Host (0)- Started fetch thread on host cache
[INFO 0] [/home/keveltun/research/recup/veloc/apps/state-diff/src/loader/data_loader.cpp:137:file_load] Loader (0)- Creating segments without given file offsets
[BENCHMARK 0] [/home/keveltun/research/recup/veloc/apps/state-diff/src/loader/data_loader.cpp:161:file_load] [time elapsed: 0 ms] Created segments and staged for file read
[BENCHMARK 0] [/home/keveltun/research/recup/veloc/apps/state-diff/src/loader/host_cache.cpp:75:fetch_] [time elapsed: 0 ms] Host (0)- Waited any batch for host fetch
[INFO 0] [/home/keveltun/research/recup/veloc/apps/state-diff/src/loader/host_cache.cpp:138:get_completed] Host (0)- Getting completed jobs from ready_q
[BENCHMARK 5] [/home/keveltun/research/recup/veloc/apps/state-diff/src/loader/host_cache.cpp:93:fetch_] [time elapsed: 5603 ms] Host (0)- Fetched 1 batches to host cache
[BENCHMARK 5] [/home/keveltun/research/recup/veloc/apps/state-diff/src/loader/data_loader.cpp:223:next] [time elapsed: 5603 ms] Retrieved pointer to next batch of data for computation
[BENCHMARK 6] [/home/keveltun/research/recup/veloc/apps/state-diff/include/statediff.hpp:203:create] [time elapsed: 6675 ms] State-diff tree -1 created from reader
(0.01) Chunk size: 65536, Creation time: 6.676 seconds, throughput: 1.04599 GB/s
Evicting /lus/eagle/projects/RECUP/kassogba/veloc-ckpt/haac/sc-experiments/4gpus/np796-500mil/run1/m000p.mpirestart-combined-0-40.dat
Evicting /lus/eagle/projects/RECUP/kassogba/veloc-ckpt/haac/sc-experiments/4gpus/np796-500mil/run1/m000p.mpirestart-combined-0-20.dat
Evicting /lus/eagle/projects/RECUP/kassogba/veloc-ckpt/haac/sc-experiments/4gpus/np796-500mil/run1/m000p.mpirestart-combined-0-30.dat
Evicting /lus/eagle/projects/RECUP/kassogba/veloc-ckpt/haac/sc-experiments/4gpus/np796-500mil/run1/m000p.mpirestart-combined-0-10.dat

           Files: 4
     Directories: 1
   Evicted Pages: 7324790 (27G)
         Elapsed: 1.9654 seconds
[INFO 0] [/home/keveltun/research/recup/veloc/apps/state-diff/src/loader/host_cache.cpp:11:host_cache_t] Host - Creating a cache of size 16384 MB
[INFO 0] [/home/keveltun/research/recup/veloc/apps/state-diff/src/loader/data_loader.cpp:10:data_loader_t] Loader - host and device caches initialized
[BENCHMARK 0] [/home/keveltun/research/recup/veloc/apps/state-diff/src/loader/data_loader.cpp:11:data_loader_t] [time elapsed: 0 ms] Initialized data loader
Data size = 7497964768
[BENCHMARK 0] [/home/keveltun/research/recup/veloc/apps/state-diff/include/statediff.hpp:143:client_t] [time elapsed: 1 ms] State-diff client 1 initialized
[INFO 0] [/home/keveltun/research/recup/veloc/apps/state-diff/src/loader/host_cache.cpp:50:set_reader] Host (0)- Setting reader to read from file
[INFO 0] [/home/keveltun/research/recup/veloc/apps/state-diff/src/loader/host_cache.cpp:32:activate] Host (0)- Started fetch thread on host cache
[INFO 0] [/home/keveltun/research/recup/veloc/apps/state-diff/src/loader/data_loader.cpp:137:file_load] Loader (0)- Creating segments without given file offsets
[BENCHMARK 0] [/home/keveltun/research/recup/veloc/apps/state-diff/src/loader/data_loader.cpp:161:file_load] [time elapsed: 1 ms] Created segments and staged for file read
[BENCHMARK 0] [/home/keveltun/research/recup/veloc/apps/state-diff/src/loader/host_cache.cpp:75:fetch_] [time elapsed: 1 ms] Host (0)- Waited any batch for host fetch
[INFO 0] [/home/keveltun/research/recup/veloc/apps/state-diff/src/loader/host_cache.cpp:138:get_completed] Host (0)- Getting completed jobs from ready_q
[BENCHMARK 5] [/home/keveltun/research/recup/veloc/apps/state-diff/src/loader/host_cache.cpp:93:fetch_] [time elapsed: 5578 ms] Host (0)- Fetched 1 batches to host cache
[BENCHMARK 5] [/home/keveltun/research/recup/veloc/apps/state-diff/src/loader/data_loader.cpp:223:next] [time elapsed: 5578 ms] Retrieved pointer to next batch of data for computation
[BENCHMARK 6] [/home/keveltun/research/recup/veloc/apps/state-diff/include/statediff.hpp:203:create] [time elapsed: 6340 ms] State-diff tree -1 created from reader
(0.0001) Chunk size: 65536, Creation time: 6.34013 seconds, throughput: 1.1014 GB/s
Evicting /lus/eagle/projects/RECUP/kassogba/veloc-ckpt/haac/sc-experiments/4gpus/np796-500mil/run1/m000p.mpirestart-combined-0-40.dat
Evicting /lus/eagle/projects/RECUP/kassogba/veloc-ckpt/haac/sc-experiments/4gpus/np796-500mil/run1/m000p.mpirestart-combined-0-20.dat
Evicting /lus/eagle/projects/RECUP/kassogba/veloc-ckpt/haac/sc-experiments/4gpus/np796-500mil/run1/m000p.mpirestart-combined-0-30.dat
Evicting /lus/eagle/projects/RECUP/kassogba/veloc-ckpt/haac/sc-experiments/4gpus/np796-500mil/run1/m000p.mpirestart-combined-0-10.dat

           Files: 4
     Directories: 1
   Evicted Pages: 7324790 (27G)
         Elapsed: 1.9674 seconds
[INFO 0] [/home/keveltun/research/recup/veloc/apps/state-diff/src/loader/host_cache.cpp:11:host_cache_t] Host - Creating a cache of size 16384 MB
[INFO 0] [/home/keveltun/research/recup/veloc/apps/state-diff/src/loader/data_loader.cpp:10:data_loader_t] Loader - host and device caches initialized
[BENCHMARK 0] [/home/keveltun/research/recup/veloc/apps/state-diff/src/loader/data_loader.cpp:11:data_loader_t] [time elapsed: 0 ms] Initialized data loader
Data size = 7497964768
[BENCHMARK 0] [/home/keveltun/research/recup/veloc/apps/state-diff/include/statediff.hpp:143:client_t] [time elapsed: 1 ms] State-diff client 1 initialized
[INFO 0] [/home/keveltun/research/recup/veloc/apps/state-diff/src/loader/host_cache.cpp:50:set_reader] Host (0)- Setting reader to read from file
[INFO 0] [/home/keveltun/research/recup/veloc/apps/state-diff/src/loader/host_cache.cpp:32:activate] Host (0)- Started fetch thread on host cache
[INFO 0] [/home/keveltun/research/recup/veloc/apps/state-diff/src/loader/data_loader.cpp:137:file_load] Loader (0)- Creating segments without given file offsets
[BENCHMARK 0] [/home/keveltun/research/recup/veloc/apps/state-diff/src/loader/data_loader.cpp:161:file_load] [time elapsed: 0 ms] Created segments and staged for file read
[BENCHMARK 0] [/home/keveltun/research/recup/veloc/apps/state-diff/src/loader/host_cache.cpp:75:fetch_] [time elapsed: 0 ms] Host (0)- Waited any batch for host fetch
[INFO 0] [/home/keveltun/research/recup/veloc/apps/state-diff/src/loader/host_cache.cpp:138:get_completed] Host (0)- Getting completed jobs from ready_q
[BENCHMARK 6] [/home/keveltun/research/recup/veloc/apps/state-diff/src/loader/host_cache.cpp:93:fetch_] [time elapsed: 6189 ms] Host (0)- Fetched 1 batches to host cache
[BENCHMARK 6] [/home/keveltun/research/recup/veloc/apps/state-diff/src/loader/data_loader.cpp:223:next] [time elapsed: 6189 ms] Retrieved pointer to next batch of data for computation
[BENCHMARK 6] [/home/keveltun/research/recup/veloc/apps/state-diff/include/statediff.hpp:203:create] [time elapsed: 6949 ms] State-diff tree -1 created from reader
(1e-07) Chunk size: 65536, Creation time: 6.94921 seconds, throughput: 1.00487 GB/s
Evicting /lus/eagle/projects/RECUP/kassogba/veloc-ckpt/haac/sc-experiments/4gpus/np796-500mil/run1/m000p.mpirestart-combined-0-40.dat
Evicting /lus/eagle/projects/RECUP/kassogba/veloc-ckpt/haac/sc-experiments/4gpus/np796-500mil/run1/m000p.mpirestart-combined-0-20.dat
Evicting /lus/eagle/projects/RECUP/kassogba/veloc-ckpt/haac/sc-experiments/4gpus/np796-500mil/run1/m000p.mpirestart-combined-0-30.dat
Evicting /lus/eagle/projects/RECUP/kassogba/veloc-ckpt/haac/sc-experiments/4gpus/np796-500mil/run1/m000p.mpirestart-combined-0-10.dat

           Files: 4
     Directories: 1
   Evicted Pages: 7324790 (27G)
         Elapsed: 1.9612 seconds
[INFO 0] [/home/keveltun/research/recup/veloc/apps/state-diff/src/loader/host_cache.cpp:11:host_cache_t] Host - Creating a cache of size 16384 MB
[INFO 0] [/home/keveltun/research/recup/veloc/apps/state-diff/src/loader/data_loader.cpp:10:data_loader_t] Loader - host and device caches initialized
[BENCHMARK 0] [/home/keveltun/research/recup/veloc/apps/state-diff/src/loader/data_loader.cpp:11:data_loader_t] [time elapsed: 0 ms] Initialized data loader
Data size = 7497964768
[BENCHMARK 0] [/home/keveltun/research/recup/veloc/apps/state-diff/include/statediff.hpp:143:client_t] [time elapsed: 1 ms] State-diff client 1 initialized
[INFO 0] [/home/keveltun/research/recup/veloc/apps/state-diff/src/loader/host_cache.cpp:50:set_reader] Host (0)- Setting reader to read from file
[INFO 0] [/home/keveltun/research/recup/veloc/apps/state-diff/src/loader/host_cache.cpp:32:activate] Host (0)- Started fetch thread on host cache
[INFO 0] [/home/keveltun/research/recup/veloc/apps/state-diff/src/loader/data_loader.cpp:137:file_load] Loader (0)- Creating segments without given file offsets
[BENCHMARK 0] [/home/keveltun/research/recup/veloc/apps/state-diff/src/loader/data_loader.cpp:161:file_load] [time elapsed: 0 ms] Created segments and staged for file read
[BENCHMARK 0] [/home/keveltun/research/recup/veloc/apps/state-diff/src/loader/host_cache.cpp:75:fetch_] [time elapsed: 0 ms] Host (0)- Waited any batch for host fetch
[INFO 0] [/home/keveltun/research/recup/veloc/apps/state-diff/src/loader/host_cache.cpp:138:get_completed] Host (0)- Getting completed jobs from ready_q
[BENCHMARK 4] [/home/keveltun/research/recup/veloc/apps/state-diff/src/loader/host_cache.cpp:93:fetch_] [time elapsed: 4648 ms] Host (0)- Fetched 1 batches to host cache
[BENCHMARK 4] [/home/keveltun/research/recup/veloc/apps/state-diff/src/loader/data_loader.cpp:223:next] [time elapsed: 4648 ms] Retrieved pointer to next batch of data for computation
[BENCHMARK 5] [/home/keveltun/research/recup/veloc/apps/state-diff/include/statediff.hpp:203:create] [time elapsed: 5723 ms] State-diff tree -1 created from reader
(0.01) Chunk size: 131072, Creation time: 5.72398 seconds, throughput: 1.21996 GB/s
Evicting /lus/eagle/projects/RECUP/kassogba/veloc-ckpt/haac/sc-experiments/4gpus/np796-500mil/run1/m000p.mpirestart-combined-0-40.dat
Evicting /lus/eagle/projects/RECUP/kassogba/veloc-ckpt/haac/sc-experiments/4gpus/np796-500mil/run1/m000p.mpirestart-combined-0-20.dat
Evicting /lus/eagle/projects/RECUP/kassogba/veloc-ckpt/haac/sc-experiments/4gpus/np796-500mil/run1/m000p.mpirestart-combined-0-30.dat
Evicting /lus/eagle/projects/RECUP/kassogba/veloc-ckpt/haac/sc-experiments/4gpus/np796-500mil/run1/m000p.mpirestart-combined-0-10.dat

           Files: 4
     Directories: 1
   Evicted Pages: 7324790 (27G)
         Elapsed: 1.968 seconds
[INFO 0] [/home/keveltun/research/recup/veloc/apps/state-diff/src/loader/host_cache.cpp:11:host_cache_t] Host - Creating a cache of size 16384 MB
[INFO 0] [/home/keveltun/research/recup/veloc/apps/state-diff/src/loader/data_loader.cpp:10:data_loader_t] Loader - host and device caches initialized
[BENCHMARK 0] [/home/keveltun/research/recup/veloc/apps/state-diff/src/loader/data_loader.cpp:11:data_loader_t] [time elapsed: 0 ms] Initialized data loader
Data size = 7497964768
[BENCHMARK 0] [/home/keveltun/research/recup/veloc/apps/state-diff/include/statediff.hpp:143:client_t] [time elapsed: 1 ms] State-diff client 1 initialized
[INFO 0] [/home/keveltun/research/recup/veloc/apps/state-diff/src/loader/host_cache.cpp:50:set_reader] Host (0)- Setting reader to read from file
[INFO 0] [/home/keveltun/research/recup/veloc/apps/state-diff/src/loader/host_cache.cpp:32:activate] Host (0)- Started fetch thread on host cache
[INFO 0] [/home/keveltun/research/recup/veloc/apps/state-diff/src/loader/data_loader.cpp:137:file_load] Loader (0)- Creating segments without given file offsets
[BENCHMARK 0] [/home/keveltun/research/recup/veloc/apps/state-diff/src/loader/data_loader.cpp:161:file_load] [time elapsed: 0 ms] Created segments and staged for file read
[BENCHMARK 0] [/home/keveltun/research/recup/veloc/apps/state-diff/src/loader/host_cache.cpp:75:fetch_] [time elapsed: 0 ms] Host (0)- Waited any batch for host fetch
[INFO 0] [/home/keveltun/research/recup/veloc/apps/state-diff/src/loader/host_cache.cpp:138:get_completed] Host (0)- Getting completed jobs from ready_q
[BENCHMARK 4] [/home/keveltun/research/recup/veloc/apps/state-diff/src/loader/host_cache.cpp:93:fetch_] [time elapsed: 4944 ms] Host (0)- Fetched 1 batches to host cache
[BENCHMARK 4] [/home/keveltun/research/recup/veloc/apps/state-diff/src/loader/data_loader.cpp:223:next] [time elapsed: 4944 ms] Retrieved pointer to next batch of data for computation
[BENCHMARK 5] [/home/keveltun/research/recup/veloc/apps/state-diff/include/statediff.hpp:203:create] [time elapsed: 5707 ms] State-diff tree -1 created from reader
(0.0001) Chunk size: 131072, Creation time: 5.70763 seconds, throughput: 1.22345 GB/s
Evicting /lus/eagle/projects/RECUP/kassogba/veloc-ckpt/haac/sc-experiments/4gpus/np796-500mil/run1/m000p.mpirestart-combined-0-40.dat
Evicting /lus/eagle/projects/RECUP/kassogba/veloc-ckpt/haac/sc-experiments/4gpus/np796-500mil/run1/m000p.mpirestart-combined-0-20.dat
Evicting /lus/eagle/projects/RECUP/kassogba/veloc-ckpt/haac/sc-experiments/4gpus/np796-500mil/run1/m000p.mpirestart-combined-0-30.dat
Evicting /lus/eagle/projects/RECUP/kassogba/veloc-ckpt/haac/sc-experiments/4gpus/np796-500mil/run1/m000p.mpirestart-combined-0-10.dat

           Files: 4
     Directories: 1
   Evicted Pages: 7324790 (27G)
         Elapsed: 1.938 seconds
[INFO 0] [/home/keveltun/research/recup/veloc/apps/state-diff/src/loader/host_cache.cpp:11:host_cache_t] Host - Creating a cache of size 16384 MB
[INFO 0] [/home/keveltun/research/recup/veloc/apps/state-diff/src/loader/data_loader.cpp:10:data_loader_t] Loader - host and device caches initialized
[BENCHMARK 0] [/home/keveltun/research/recup/veloc/apps/state-diff/src/loader/data_loader.cpp:11:data_loader_t] [time elapsed: 0 ms] Initialized data loader
Data size = 7497964768
[BENCHMARK 0] [/home/keveltun/research/recup/veloc/apps/state-diff/include/statediff.hpp:143:client_t] [time elapsed: 1 ms] State-diff client 1 initialized
[INFO 0] [/home/keveltun/research/recup/veloc/apps/state-diff/src/loader/host_cache.cpp:50:set_reader] Host (0)- Setting reader to read from file
[INFO 0] [/home/keveltun/research/recup/veloc/apps/state-diff/src/loader/host_cache.cpp:32:activate] Host (0)- Started fetch thread on host cache
[INFO 0] [/home/keveltun/research/recup/veloc/apps/state-diff/src/loader/data_loader.cpp:137:file_load] Loader (0)- Creating segments without given file offsets
[BENCHMARK 0] [/home/keveltun/research/recup/veloc/apps/state-diff/src/loader/data_loader.cpp:161:file_load] [time elapsed: 0 ms] Created segments and staged for file read
[BENCHMARK 0] [/home/keveltun/research/recup/veloc/apps/state-diff/src/loader/host_cache.cpp:75:fetch_] [time elapsed: 0 ms] Host (0)- Waited any batch for host fetch
[INFO 0] [/home/keveltun/research/recup/veloc/apps/state-diff/src/loader/host_cache.cpp:138:get_completed] Host (0)- Getting completed jobs from ready_q
[BENCHMARK 4] [/home/keveltun/research/recup/veloc/apps/state-diff/src/loader/host_cache.cpp:93:fetch_] [time elapsed: 4394 ms] Host (0)- Fetched 1 batches to host cache
[BENCHMARK 4] [/home/keveltun/research/recup/veloc/apps/state-diff/src/loader/data_loader.cpp:223:next] [time elapsed: 4394 ms] Retrieved pointer to next batch of data for computation
[BENCHMARK 5] [/home/keveltun/research/recup/veloc/apps/state-diff/include/statediff.hpp:203:create] [time elapsed: 5145 ms] State-diff tree -1 created from reader
(1e-07) Chunk size: 131072, Creation time: 5.14598 seconds, throughput: 1.35699 GB/s
Evicting /lus/eagle/projects/RECUP/kassogba/veloc-ckpt/haac/sc-experiments/4gpus/np796-500mil/run1/m000p.mpirestart-combined-0-40.dat
Evicting /lus/eagle/projects/RECUP/kassogba/veloc-ckpt/haac/sc-experiments/4gpus/np796-500mil/run1/m000p.mpirestart-combined-0-20.dat
Evicting /lus/eagle/projects/RECUP/kassogba/veloc-ckpt/haac/sc-experiments/4gpus/np796-500mil/run1/m000p.mpirestart-combined-0-30.dat
Evicting /lus/eagle/projects/RECUP/kassogba/veloc-ckpt/haac/sc-experiments/4gpus/np796-500mil/run1/m000p.mpirestart-combined-0-10.dat

           Files: 4
     Directories: 1
   Evicted Pages: 7324790 (27G)
         Elapsed: 1.9471 seconds
[INFO 0] [/home/keveltun/research/recup/veloc/apps/state-diff/src/loader/host_cache.cpp:11:host_cache_t] Host - Creating a cache of size 16384 MB
[INFO 0] [/home/keveltun/research/recup/veloc/apps/state-diff/src/loader/data_loader.cpp:10:data_loader_t] Loader - host and device caches initialized
[BENCHMARK 0] [/home/keveltun/research/recup/veloc/apps/state-diff/src/loader/data_loader.cpp:11:data_loader_t] [time elapsed: 0 ms] Initialized data loader
Data size = 7497964768
[BENCHMARK 0] [/home/keveltun/research/recup/veloc/apps/state-diff/include/statediff.hpp:143:client_t] [time elapsed: 0 ms] State-diff client 1 initialized
[INFO 0] [/home/keveltun/research/recup/veloc/apps/state-diff/src/loader/host_cache.cpp:50:set_reader] Host (0)- Setting reader to read from file
[INFO 0] [/home/keveltun/research/recup/veloc/apps/state-diff/src/loader/host_cache.cpp:32:activate] Host (0)- Started fetch thread on host cache
[INFO 0] [/home/keveltun/research/recup/veloc/apps/state-diff/src/loader/data_loader.cpp:137:file_load] Loader (0)- Creating segments without given file offsets
[BENCHMARK 0] [/home/keveltun/research/recup/veloc/apps/state-diff/src/loader/data_loader.cpp:161:file_load] [time elapsed: 0 ms] Created segments and staged for file read
[BENCHMARK 0] [/home/keveltun/research/recup/veloc/apps/state-diff/src/loader/host_cache.cpp:75:fetch_] [time elapsed: 0 ms] Host (0)- Waited any batch for host fetch
[INFO 0] [/home/keveltun/research/recup/veloc/apps/state-diff/src/loader/host_cache.cpp:138:get_completed] Host (0)- Getting completed jobs from ready_q
[BENCHMARK 3] [/home/keveltun/research/recup/veloc/apps/state-diff/src/loader/host_cache.cpp:93:fetch_] [time elapsed: 3905 ms] Host (0)- Fetched 1 batches to host cache
[BENCHMARK 3] [/home/keveltun/research/recup/veloc/apps/state-diff/src/loader/data_loader.cpp:223:next] [time elapsed: 3905 ms] Retrieved pointer to next batch of data for computation
[BENCHMARK 5] [/home/keveltun/research/recup/veloc/apps/state-diff/include/statediff.hpp:203:create] [time elapsed: 4995 ms] State-diff tree -1 created from reader
(0.01) Chunk size: 262144, Creation time: 4.99547 seconds, throughput: 1.39787 GB/s
Evicting /lus/eagle/projects/RECUP/kassogba/veloc-ckpt/haac/sc-experiments/4gpus/np796-500mil/run1/m000p.mpirestart-combined-0-40.dat
Evicting /lus/eagle/projects/RECUP/kassogba/veloc-ckpt/haac/sc-experiments/4gpus/np796-500mil/run1/m000p.mpirestart-combined-0-20.dat
Evicting /lus/eagle/projects/RECUP/kassogba/veloc-ckpt/haac/sc-experiments/4gpus/np796-500mil/run1/m000p.mpirestart-combined-0-30.dat
Evicting /lus/eagle/projects/RECUP/kassogba/veloc-ckpt/haac/sc-experiments/4gpus/np796-500mil/run1/m000p.mpirestart-combined-0-10.dat

           Files: 4
     Directories: 1
   Evicted Pages: 7324790 (27G)
         Elapsed: 1.9672 seconds
[INFO 0] [/home/keveltun/research/recup/veloc/apps/state-diff/src/loader/host_cache.cpp:11:host_cache_t] Host - Creating a cache of size 16384 MB
[INFO 0] [/home/keveltun/research/recup/veloc/apps/state-diff/src/loader/data_loader.cpp:10:data_loader_t] Loader - host and device caches initialized
[BENCHMARK 0] [/home/keveltun/research/recup/veloc/apps/state-diff/src/loader/data_loader.cpp:11:data_loader_t] [time elapsed: 0 ms] Initialized data loader
Data size = 7497964768
[BENCHMARK 0] [/home/keveltun/research/recup/veloc/apps/state-diff/include/statediff.hpp:143:client_t] [time elapsed: 0 ms] State-diff client 1 initialized
[INFO 0] [/home/keveltun/research/recup/veloc/apps/state-diff/src/loader/host_cache.cpp:50:set_reader] Host (0)- Setting reader to read from file
[INFO 0] [/home/keveltun/research/recup/veloc/apps/state-diff/src/loader/host_cache.cpp:32:activate] Host (0)- Started fetch thread on host cache
[INFO 0] [/home/keveltun/research/recup/veloc/apps/state-diff/src/loader/data_loader.cpp:137:file_load] Loader (0)- Creating segments without given file offsets
[BENCHMARK 0] [/home/keveltun/research/recup/veloc/apps/state-diff/src/loader/data_loader.cpp:161:file_load] [time elapsed: 0 ms] Created segments and staged for file read
[BENCHMARK 0] [/home/keveltun/research/recup/veloc/apps/state-diff/src/loader/host_cache.cpp:75:fetch_] [time elapsed: 0 ms] Host (0)- Waited any batch for host fetch
[INFO 0] [/home/keveltun/research/recup/veloc/apps/state-diff/src/loader/host_cache.cpp:138:get_completed] Host (0)- Getting completed jobs from ready_q
[BENCHMARK 3] [/home/keveltun/research/recup/veloc/apps/state-diff/src/loader/host_cache.cpp:93:fetch_] [time elapsed: 3770 ms] Host (0)- Fetched 1 batches to host cache
[BENCHMARK 3] [/home/keveltun/research/recup/veloc/apps/state-diff/src/loader/data_loader.cpp:223:next] [time elapsed: 3770 ms] Retrieved pointer to next batch of data for computation
[BENCHMARK 4] [/home/keveltun/research/recup/veloc/apps/state-diff/include/statediff.hpp:203:create] [time elapsed: 4550 ms] State-diff tree -1 created from reader
(0.0001) Chunk size: 262144, Creation time: 4.55081 seconds, throughput: 1.53446 GB/s
Evicting /lus/eagle/projects/RECUP/kassogba/veloc-ckpt/haac/sc-experiments/4gpus/np796-500mil/run1/m000p.mpirestart-combined-0-40.dat
Evicting /lus/eagle/projects/RECUP/kassogba/veloc-ckpt/haac/sc-experiments/4gpus/np796-500mil/run1/m000p.mpirestart-combined-0-20.dat
Evicting /lus/eagle/projects/RECUP/kassogba/veloc-ckpt/haac/sc-experiments/4gpus/np796-500mil/run1/m000p.mpirestart-combined-0-30.dat
Evicting /lus/eagle/projects/RECUP/kassogba/veloc-ckpt/haac/sc-experiments/4gpus/np796-500mil/run1/m000p.mpirestart-combined-0-10.dat

           Files: 4
     Directories: 1
   Evicted Pages: 7324790 (27G)
         Elapsed: 1.9683 seconds
[INFO 0] [/home/keveltun/research/recup/veloc/apps/state-diff/src/loader/host_cache.cpp:11:host_cache_t] Host - Creating a cache of size 16384 MB
[INFO 0] [/home/keveltun/research/recup/veloc/apps/state-diff/src/loader/data_loader.cpp:10:data_loader_t] Loader - host and device caches initialized
[BENCHMARK 0] [/home/keveltun/research/recup/veloc/apps/state-diff/src/loader/data_loader.cpp:11:data_loader_t] [time elapsed: 0 ms] Initialized data loader
Data size = 7497964768
[BENCHMARK 0] [/home/keveltun/research/recup/veloc/apps/state-diff/include/statediff.hpp:143:client_t] [time elapsed: 0 ms] State-diff client 1 initialized
[INFO 0] [/home/keveltun/research/recup/veloc/apps/state-diff/src/loader/host_cache.cpp:50:set_reader] Host (0)- Setting reader to read from file
[INFO 0] [/home/keveltun/research/recup/veloc/apps/state-diff/src/loader/host_cache.cpp:32:activate] Host (0)- Started fetch thread on host cache
[INFO 0] [/home/keveltun/research/recup/veloc/apps/state-diff/src/loader/data_loader.cpp:137:file_load] Loader (0)- Creating segments without given file offsets
[BENCHMARK 0] [/home/keveltun/research/recup/veloc/apps/state-diff/src/loader/data_loader.cpp:161:file_load] [time elapsed: 0 ms] Created segments and staged for file read
[BENCHMARK 0] [/home/keveltun/research/recup/veloc/apps/state-diff/src/loader/host_cache.cpp:75:fetch_] [time elapsed: 0 ms] Host (0)- Waited any batch for host fetch
[INFO 0] [/home/keveltun/research/recup/veloc/apps/state-diff/src/loader/host_cache.cpp:138:get_completed] Host (0)- Getting completed jobs from ready_q
[BENCHMARK 3] [/home/keveltun/research/recup/veloc/apps/state-diff/src/loader/host_cache.cpp:93:fetch_] [time elapsed: 3494 ms] Host (0)- Fetched 1 batches to host cache
[BENCHMARK 3] [/home/keveltun/research/recup/veloc/apps/state-diff/src/loader/data_loader.cpp:223:next] [time elapsed: 3494 ms] Retrieved pointer to next batch of data for computation
[BENCHMARK 4] [/home/keveltun/research/recup/veloc/apps/state-diff/include/statediff.hpp:203:create] [time elapsed: 4254 ms] State-diff tree -1 created from reader
(1e-07) Chunk size: 262144, Creation time: 4.2549 seconds, throughput: 1.64117 GB/s
Evicting /lus/eagle/projects/RECUP/kassogba/veloc-ckpt/haac/sc-experiments/4gpus/np796-500mil/run1/m000p.mpirestart-combined-0-40.dat
Evicting /lus/eagle/projects/RECUP/kassogba/veloc-ckpt/haac/sc-experiments/4gpus/np796-500mil/run1/m000p.mpirestart-combined-0-20.dat
Evicting /lus/eagle/projects/RECUP/kassogba/veloc-ckpt/haac/sc-experiments/4gpus/np796-500mil/run1/m000p.mpirestart-combined-0-30.dat
Evicting /lus/eagle/projects/RECUP/kassogba/veloc-ckpt/haac/sc-experiments/4gpus/np796-500mil/run1/m000p.mpirestart-combined-0-10.dat

           Files: 4
     Directories: 1
   Evicted Pages: 7324790 (27G)
         Elapsed: 1.9784 seconds
[INFO 0] [/home/keveltun/research/recup/veloc/apps/state-diff/src/loader/host_cache.cpp:11:host_cache_t] Host - Creating a cache of size 16384 MB
[INFO 0] [/home/keveltun/research/recup/veloc/apps/state-diff/src/loader/data_loader.cpp:10:data_loader_t] Loader - host and device caches initialized
[BENCHMARK 0] [/home/keveltun/research/recup/veloc/apps/state-diff/src/loader/data_loader.cpp:11:data_loader_t] [time elapsed: 0 ms] Initialized data loader
Data size = 7497964768
[BENCHMARK 0] [/home/keveltun/research/recup/veloc/apps/state-diff/include/statediff.hpp:143:client_t] [time elapsed: 0 ms] State-diff client 1 initialized
[INFO 0] [/home/keveltun/research/recup/veloc/apps/state-diff/src/loader/host_cache.cpp:50:set_reader] Host (0)- Setting reader to read from file
[INFO 0] [/home/keveltun/research/recup/veloc/apps/state-diff/src/loader/host_cache.cpp:32:activate] Host (0)- Started fetch thread on host cache
[INFO 0] [/home/keveltun/research/recup/veloc/apps/state-diff/src/loader/data_loader.cpp:137:file_load] Loader (0)- Creating segments without given file offsets
[BENCHMARK 0] [/home/keveltun/research/recup/veloc/apps/state-diff/src/loader/data_loader.cpp:161:file_load] [time elapsed: 0 ms] Created segments and staged for file read
[BENCHMARK 0] [/home/keveltun/research/recup/veloc/apps/state-diff/src/loader/host_cache.cpp:75:fetch_] [time elapsed: 0 ms] Host (0)- Waited any batch for host fetch
[INFO 0] [/home/keveltun/research/recup/veloc/apps/state-diff/src/loader/host_cache.cpp:138:get_completed] Host (0)- Getting completed jobs from ready_q
[BENCHMARK 2] [/home/keveltun/research/recup/veloc/apps/state-diff/src/loader/host_cache.cpp:93:fetch_] [time elapsed: 2496 ms] Host (0)- Fetched 1 batches to host cache
[BENCHMARK 2] [/home/keveltun/research/recup/veloc/apps/state-diff/src/loader/data_loader.cpp:223:next] [time elapsed: 2496 ms] Retrieved pointer to next batch of data for computation
[BENCHMARK 3] [/home/keveltun/research/recup/veloc/apps/state-diff/include/statediff.hpp:203:create] [time elapsed: 3573 ms] State-diff tree -1 created from reader
(0.01) Chunk size: 524288, Creation time: 3.57367 seconds, throughput: 1.95402 GB/s
Evicting /lus/eagle/projects/RECUP/kassogba/veloc-ckpt/haac/sc-experiments/4gpus/np796-500mil/run1/m000p.mpirestart-combined-0-40.dat
Evicting /lus/eagle/projects/RECUP/kassogba/veloc-ckpt/haac/sc-experiments/4gpus/np796-500mil/run1/m000p.mpirestart-combined-0-20.dat
Evicting /lus/eagle/projects/RECUP/kassogba/veloc-ckpt/haac/sc-experiments/4gpus/np796-500mil/run1/m000p.mpirestart-combined-0-30.dat
Evicting /lus/eagle/projects/RECUP/kassogba/veloc-ckpt/haac/sc-experiments/4gpus/np796-500mil/run1/m000p.mpirestart-combined-0-10.dat

           Files: 4
     Directories: 1
   Evicted Pages: 7324790 (27G)
         Elapsed: 1.9565 seconds
[INFO 0] [/home/keveltun/research/recup/veloc/apps/state-diff/src/loader/host_cache.cpp:11:host_cache_t] Host - Creating a cache of size 16384 MB
[INFO 0] [/home/keveltun/research/recup/veloc/apps/state-diff/src/loader/data_loader.cpp:10:data_loader_t] Loader - host and device caches initialized
[BENCHMARK 0] [/home/keveltun/research/recup/veloc/apps/state-diff/src/loader/data_loader.cpp:11:data_loader_t] [time elapsed: 0 ms] Initialized data loader
Data size = 7497964768
[BENCHMARK 0] [/home/keveltun/research/recup/veloc/apps/state-diff/include/statediff.hpp:143:client_t] [time elapsed: 0 ms] State-diff client 1 initialized
[INFO 0] [/home/keveltun/research/recup/veloc/apps/state-diff/src/loader/host_cache.cpp:50:set_reader] Host (0)- Setting reader to read from file
[INFO 0] [/home/keveltun/research/recup/veloc/apps/state-diff/src/loader/host_cache.cpp:32:activate] Host (0)- Started fetch thread on host cache
[INFO 0] [/home/keveltun/research/recup/veloc/apps/state-diff/src/loader/data_loader.cpp:137:file_load] Loader (0)- Creating segments without given file offsets
[BENCHMARK 0] [/home/keveltun/research/recup/veloc/apps/state-diff/src/loader/data_loader.cpp:161:file_load] [time elapsed: 0 ms] Created segments and staged for file read
[BENCHMARK 0] [/home/keveltun/research/recup/veloc/apps/state-diff/src/loader/host_cache.cpp:75:fetch_] [time elapsed: 0 ms] Host (0)- Waited any batch for host fetch
[INFO 0] [/home/keveltun/research/recup/veloc/apps/state-diff/src/loader/host_cache.cpp:138:get_completed] Host (0)- Getting completed jobs from ready_q
[BENCHMARK 2] [/home/keveltun/research/recup/veloc/apps/state-diff/src/loader/host_cache.cpp:93:fetch_] [time elapsed: 2444 ms] Host (0)- Fetched 1 batches to host cache
[BENCHMARK 2] [/home/keveltun/research/recup/veloc/apps/state-diff/src/loader/data_loader.cpp:223:next] [time elapsed: 2444 ms] Retrieved pointer to next batch of data for computation
[BENCHMARK 3] [/home/keveltun/research/recup/veloc/apps/state-diff/include/statediff.hpp:203:create] [time elapsed: 3211 ms] State-diff tree -1 created from reader
(0.0001) Chunk size: 524288, Creation time: 3.2118 seconds, throughput: 2.17418 GB/s
Evicting /lus/eagle/projects/RECUP/kassogba/veloc-ckpt/haac/sc-experiments/4gpus/np796-500mil/run1/m000p.mpirestart-combined-0-40.dat
Evicting /lus/eagle/projects/RECUP/kassogba/veloc-ckpt/haac/sc-experiments/4gpus/np796-500mil/run1/m000p.mpirestart-combined-0-20.dat
Evicting /lus/eagle/projects/RECUP/kassogba/veloc-ckpt/haac/sc-experiments/4gpus/np796-500mil/run1/m000p.mpirestart-combined-0-30.dat
Evicting /lus/eagle/projects/RECUP/kassogba/veloc-ckpt/haac/sc-experiments/4gpus/np796-500mil/run1/m000p.mpirestart-combined-0-10.dat

           Files: 4
     Directories: 1
   Evicted Pages: 7324790 (27G)
         Elapsed: 1.9626 seconds
[INFO 0] [/home/keveltun/research/recup/veloc/apps/state-diff/src/loader/host_cache.cpp:11:host_cache_t] Host - Creating a cache of size 16384 MB
[INFO 0] [/home/keveltun/research/recup/veloc/apps/state-diff/src/loader/data_loader.cpp:10:data_loader_t] Loader - host and device caches initialized
[BENCHMARK 0] [/home/keveltun/research/recup/veloc/apps/state-diff/src/loader/data_loader.cpp:11:data_loader_t] [time elapsed: 0 ms] Initialized data loader
Data size = 7497964768
[BENCHMARK 0] [/home/keveltun/research/recup/veloc/apps/state-diff/include/statediff.hpp:143:client_t] [time elapsed: 0 ms] State-diff client 1 initialized
[INFO 0] [/home/keveltun/research/recup/veloc/apps/state-diff/src/loader/host_cache.cpp:50:set_reader] Host (0)- Setting reader to read from file
[INFO 0] [/home/keveltun/research/recup/veloc/apps/state-diff/src/loader/host_cache.cpp:32:activate] Host (0)- Started fetch thread on host cache
[INFO 0] [/home/keveltun/research/recup/veloc/apps/state-diff/src/loader/data_loader.cpp:137:file_load] Loader (0)- Creating segments without given file offsets
[BENCHMARK 0] [/home/keveltun/research/recup/veloc/apps/state-diff/src/loader/data_loader.cpp:161:file_load] [time elapsed: 0 ms] Created segments and staged for file read
[INFO 0] [/home/keveltun/research/recup/veloc/apps/state-diff/src/loader/host_cache.cpp:138:get_completed] Host (0)- Getting completed jobs from ready_q
[BENCHMARK 0] [/home/keveltun/research/recup/veloc/apps/state-diff/src/loader/host_cache.cpp:75:fetch_] [time elapsed: 0 ms] Host (0)- Waited any batch for host fetch
[BENCHMARK 2] [/home/keveltun/research/recup/veloc/apps/state-diff/src/loader/host_cache.cpp:93:fetch_] [time elapsed: 2356 ms] Host (0)- Fetched 1 batches to host cache
[BENCHMARK 2] [/home/keveltun/research/recup/veloc/apps/state-diff/src/loader/data_loader.cpp:223:next] [time elapsed: 2356 ms] Retrieved pointer to next batch of data for computation
[BENCHMARK 3] [/home/keveltun/research/recup/veloc/apps/state-diff/include/statediff.hpp:203:create] [time elapsed: 3111 ms] State-diff tree -1 created from reader
(1e-07) Chunk size: 524288, Creation time: 3.11162 seconds, throughput: 2.24417 GB/s
Evicting /lus/eagle/projects/RECUP/kassogba/veloc-ckpt/haac/sc-experiments/4gpus/np796-500mil/run1/m000p.mpirestart-combined-0-40.dat
Evicting /lus/eagle/projects/RECUP/kassogba/veloc-ckpt/haac/sc-experiments/4gpus/np796-500mil/run1/m000p.mpirestart-combined-0-20.dat
Evicting /lus/eagle/projects/RECUP/kassogba/veloc-ckpt/haac/sc-experiments/4gpus/np796-500mil/run1/m000p.mpirestart-combined-0-30.dat
Evicting /lus/eagle/projects/RECUP/kassogba/veloc-ckpt/haac/sc-experiments/4gpus/np796-500mil/run1/m000p.mpirestart-combined-0-10.dat

           Files: 4
     Directories: 1
   Evicted Pages: 7324790 (27G)
         Elapsed: 1.9474 seconds
[INFO 0] [/home/keveltun/research/recup/veloc/apps/state-diff/src/loader/host_cache.cpp:11:host_cache_t] Host - Creating a cache of size 16384 MB
[INFO 0] [/home/keveltun/research/recup/veloc/apps/state-diff/src/loader/data_loader.cpp:10:data_loader_t] Loader - host and device caches initialized
[BENCHMARK 0] [/home/keveltun/research/recup/veloc/apps/state-diff/src/loader/data_loader.cpp:11:data_loader_t] [time elapsed: 0 ms] Initialized data loader
Data size = 7497964768
[BENCHMARK 0] [/home/keveltun/research/recup/veloc/apps/state-diff/include/statediff.hpp:143:client_t] [time elapsed: 0 ms] State-diff client 1 initialized
[INFO 0] [/home/keveltun/research/recup/veloc/apps/state-diff/src/loader/host_cache.cpp:50:set_reader] Host (0)- Setting reader to read from file
[INFO 0] [/home/keveltun/research/recup/veloc/apps/state-diff/src/loader/host_cache.cpp:32:activate] Host (0)- Started fetch thread on host cache
[INFO 0] [/home/keveltun/research/recup/veloc/apps/state-diff/src/loader/data_loader.cpp:137:file_load] Loader (0)- Creating segments without given file offsets
[BENCHMARK 0] [/home/keveltun/research/recup/veloc/apps/state-diff/src/loader/data_loader.cpp:161:file_load] [time elapsed: 0 ms] Created segments and staged for file read
[BENCHMARK 0] [/home/keveltun/research/recup/veloc/apps/state-diff/src/loader/host_cache.cpp:75:fetch_] [time elapsed: 0 ms] Host (0)- Waited any batch for host fetch
[INFO 0] [/home/keveltun/research/recup/veloc/apps/state-diff/src/loader/host_cache.cpp:138:get_completed] Host (0)- Getting completed jobs from ready_q
[BENCHMARK 2] [/home/keveltun/research/recup/veloc/apps/state-diff/src/loader/host_cache.cpp:93:fetch_] [time elapsed: 2064 ms] Host (0)- Fetched 1 batches to host cache
[BENCHMARK 2] [/home/keveltun/research/recup/veloc/apps/state-diff/src/loader/data_loader.cpp:223:next] [time elapsed: 2064 ms] Retrieved pointer to next batch of data for computation
[BENCHMARK 3] [/home/keveltun/research/recup/veloc/apps/state-diff/include/statediff.hpp:203:create] [time elapsed: 3140 ms] State-diff tree -1 created from reader
(0.01) Chunk size: 1048576, Creation time: 3.14085 seconds, throughput: 2.22329 GB/s
Evicting /lus/eagle/projects/RECUP/kassogba/veloc-ckpt/haac/sc-experiments/4gpus/np796-500mil/run1/m000p.mpirestart-combined-0-40.dat
Evicting /lus/eagle/projects/RECUP/kassogba/veloc-ckpt/haac/sc-experiments/4gpus/np796-500mil/run1/m000p.mpirestart-combined-0-20.dat
Evicting /lus/eagle/projects/RECUP/kassogba/veloc-ckpt/haac/sc-experiments/4gpus/np796-500mil/run1/m000p.mpirestart-combined-0-30.dat
Evicting /lus/eagle/projects/RECUP/kassogba/veloc-ckpt/haac/sc-experiments/4gpus/np796-500mil/run1/m000p.mpirestart-combined-0-10.dat

           Files: 4
     Directories: 1
   Evicted Pages: 7324790 (27G)
         Elapsed: 1.9563 seconds
[INFO 0] [/home/keveltun/research/recup/veloc/apps/state-diff/src/loader/host_cache.cpp:11:host_cache_t] Host - Creating a cache of size 16384 MB
[INFO 0] [/home/keveltun/research/recup/veloc/apps/state-diff/src/loader/data_loader.cpp:10:data_loader_t] Loader - host and device caches initialized
[BENCHMARK 0] [/home/keveltun/research/recup/veloc/apps/state-diff/src/loader/data_loader.cpp:11:data_loader_t] [time elapsed: 0 ms] Initialized data loader
Data size = 7497964768
[BENCHMARK 0] [/home/keveltun/research/recup/veloc/apps/state-diff/include/statediff.hpp:143:client_t] [time elapsed: 0 ms] State-diff client 1 initialized
[INFO 0] [/home/keveltun/research/recup/veloc/apps/state-diff/src/loader/host_cache.cpp:50:set_reader] Host (0)- Setting reader to read from file
[INFO 0] [/home/keveltun/research/recup/veloc/apps/state-diff/src/loader/host_cache.cpp:32:activate] Host (0)- Started fetch thread on host cache
[INFO 0] [/home/keveltun/research/recup/veloc/apps/state-diff/src/loader/data_loader.cpp:137:file_load] Loader (0)- Creating segments without given file offsets
[BENCHMARK 0] [/home/keveltun/research/recup/veloc/apps/state-diff/src/loader/data_loader.cpp:161:file_load] [time elapsed: 0 ms] Created segments and staged for file read
[BENCHMARK 0] [/home/keveltun/research/recup/veloc/apps/state-diff/src/loader/host_cache.cpp:75:fetch_] [time elapsed: 0 ms] Host (0)- Waited any batch for host fetch
[INFO 0] [/home/keveltun/research/recup/veloc/apps/state-diff/src/loader/host_cache.cpp:138:get_completed] Host (0)- Getting completed jobs from ready_q
[BENCHMARK 2] [/home/keveltun/research/recup/veloc/apps/state-diff/src/loader/host_cache.cpp:93:fetch_] [time elapsed: 2018 ms] Host (0)- Fetched 1 batches to host cache
[BENCHMARK 2] [/home/keveltun/research/recup/veloc/apps/state-diff/src/loader/data_loader.cpp:223:next] [time elapsed: 2018 ms] Retrieved pointer to next batch of data for computation
[BENCHMARK 2] [/home/keveltun/research/recup/veloc/apps/state-diff/include/statediff.hpp:203:create] [time elapsed: 2779 ms] State-diff tree -1 created from reader
(0.0001) Chunk size: 1048576, Creation time: 2.77984 seconds, throughput: 2.51203 GB/s
Evicting /lus/eagle/projects/RECUP/kassogba/veloc-ckpt/haac/sc-experiments/4gpus/np796-500mil/run1/m000p.mpirestart-combined-0-40.dat
Evicting /lus/eagle/projects/RECUP/kassogba/veloc-ckpt/haac/sc-experiments/4gpus/np796-500mil/run1/m000p.mpirestart-combined-0-20.dat
Evicting /lus/eagle/projects/RECUP/kassogba/veloc-ckpt/haac/sc-experiments/4gpus/np796-500mil/run1/m000p.mpirestart-combined-0-30.dat
Evicting /lus/eagle/projects/RECUP/kassogba/veloc-ckpt/haac/sc-experiments/4gpus/np796-500mil/run1/m000p.mpirestart-combined-0-10.dat

           Files: 4
     Directories: 1
   Evicted Pages: 7324790 (27G)
         Elapsed: 1.9168 seconds
[INFO 0] [/home/keveltun/research/recup/veloc/apps/state-diff/src/loader/host_cache.cpp:11:host_cache_t] Host - Creating a cache of size 16384 MB
[INFO 0] [/home/keveltun/research/recup/veloc/apps/state-diff/src/loader/data_loader.cpp:10:data_loader_t] Loader - host and device caches initialized
[BENCHMARK 0] [/home/keveltun/research/recup/veloc/apps/state-diff/src/loader/data_loader.cpp:11:data_loader_t] [time elapsed: 0 ms] Initialized data loader
Data size = 7497964768
[BENCHMARK 0] [/home/keveltun/research/recup/veloc/apps/state-diff/include/statediff.hpp:143:client_t] [time elapsed: 0 ms] State-diff client 1 initialized
[INFO 0] [/home/keveltun/research/recup/veloc/apps/state-diff/src/loader/host_cache.cpp:50:set_reader] Host (0)- Setting reader to read from file
[INFO 0] [/home/keveltun/research/recup/veloc/apps/state-diff/src/loader/host_cache.cpp:32:activate] Host (0)- Started fetch thread on host cache
[INFO 0] [/home/keveltun/research/recup/veloc/apps/state-diff/src/loader/data_loader.cpp:137:file_load] Loader (0)- Creating segments without given file offsets
[BENCHMARK 0] [/home/keveltun/research/recup/veloc/apps/state-diff/src/loader/data_loader.cpp:161:file_load] [time elapsed: 0 ms] Created segments and staged for file read
[BENCHMARK 0] [/home/keveltun/research/recup/veloc/apps/state-diff/src/loader/host_cache.cpp:75:fetch_] [time elapsed: 0 ms] Host (0)- Waited any batch for host fetch
[INFO 0] [/home/keveltun/research/recup/veloc/apps/state-diff/src/loader/host_cache.cpp:138:get_completed] Host (0)- Getting completed jobs from ready_q
[BENCHMARK 2] [/home/keveltun/research/recup/veloc/apps/state-diff/src/loader/host_cache.cpp:93:fetch_] [time elapsed: 1986 ms] Host (0)- Fetched 1 batches to host cache
[BENCHMARK 2] [/home/keveltun/research/recup/veloc/apps/state-diff/src/loader/data_loader.cpp:223:next] [time elapsed: 1986 ms] Retrieved pointer to next batch of data for computation
[BENCHMARK 2] [/home/keveltun/research/recup/veloc/apps/state-diff/include/statediff.hpp:203:create] [time elapsed: 2742 ms] State-diff tree -1 created from reader
(1e-07) Chunk size: 1048576, Creation time: 2.74207 seconds, throughput: 2.54662 GB/s
Evicting /lus/eagle/projects/RECUP/kassogba/veloc-ckpt/haac/sc-experiments/4gpus/np796-500mil/run1/m000p.mpirestart-combined-0-40.dat
Evicting /lus/eagle/projects/RECUP/kassogba/veloc-ckpt/haac/sc-experiments/4gpus/np796-500mil/run1/m000p.mpirestart-combined-0-20.dat
Evicting /lus/eagle/projects/RECUP/kassogba/veloc-ckpt/haac/sc-experiments/4gpus/np796-500mil/run1/m000p.mpirestart-combined-0-30.dat
Evicting /lus/eagle/projects/RECUP/kassogba/veloc-ckpt/haac/sc-experiments/4gpus/np796-500mil/run1/m000p.mpirestart-combined-0-10.dat

           Files: 4
     Directories: 1
   Evicted Pages: 7324790 (27G)
         Elapsed: 1.9653 seconds
[INFO 0] [/home/keveltun/research/recup/veloc/apps/state-diff/src/loader/host_cache.cpp:11:host_cache_t] Host - Creating a cache of size 16384 MB
[INFO 0] [/home/keveltun/research/recup/veloc/apps/state-diff/src/loader/data_loader.cpp:10:data_loader_t] Loader - host and device caches initialized
[BENCHMARK 0] [/home/keveltun/research/recup/veloc/apps/state-diff/src/loader/data_loader.cpp:11:data_loader_t] [time elapsed: 0 ms] Initialized data loader
Data size = 7497964768
[BENCHMARK 0] [/home/keveltun/research/recup/veloc/apps/state-diff/include/statediff.hpp:143:client_t] [time elapsed: 0 ms] State-diff client 1 initialized
[INFO 0] [/home/keveltun/research/recup/veloc/apps/state-diff/src/loader/host_cache.cpp:50:set_reader] Host (0)- Setting reader to read from file
[INFO 0] [/home/keveltun/research/recup/veloc/apps/state-diff/src/loader/host_cache.cpp:32:activate] Host (0)- Started fetch thread on host cache
[INFO 0] [/home/keveltun/research/recup/veloc/apps/state-diff/src/loader/data_loader.cpp:137:file_load] Loader (0)- Creating segments without given file offsets
[BENCHMARK 0] [/home/keveltun/research/recup/veloc/apps/state-diff/src/loader/data_loader.cpp:161:file_load] [time elapsed: 0 ms] Created segments and staged for file read
[BENCHMARK 0] [/home/keveltun/research/recup/veloc/apps/state-diff/src/loader/host_cache.cpp:75:fetch_] [time elapsed: 0 ms] Host (0)- Waited any batch for host fetch
[INFO 0] [/home/keveltun/research/recup/veloc/apps/state-diff/src/loader/host_cache.cpp:138:get_completed] Host (0)- Getting completed jobs from ready_q
[BENCHMARK 2] [/home/keveltun/research/recup/veloc/apps/state-diff/src/loader/host_cache.cpp:93:fetch_] [time elapsed: 2064 ms] Host (0)- Fetched 1 batches to host cache
[BENCHMARK 2] [/home/keveltun/research/recup/veloc/apps/state-diff/src/loader/data_loader.cpp:223:next] [time elapsed: 2064 ms] Retrieved pointer to next batch of data for computation
[BENCHMARK 3] [/home/keveltun/research/recup/veloc/apps/state-diff/include/statediff.hpp:203:create] [time elapsed: 3141 ms] State-diff tree -1 created from reader
(0.01) Chunk size: 2097152, Creation time: 3.14174 seconds, throughput: 2.22266 GB/s
Evicting /lus/eagle/projects/RECUP/kassogba/veloc-ckpt/haac/sc-experiments/4gpus/np796-500mil/run1/m000p.mpirestart-combined-0-40.dat
Evicting /lus/eagle/projects/RECUP/kassogba/veloc-ckpt/haac/sc-experiments/4gpus/np796-500mil/run1/m000p.mpirestart-combined-0-20.dat
Evicting /lus/eagle/projects/RECUP/kassogba/veloc-ckpt/haac/sc-experiments/4gpus/np796-500mil/run1/m000p.mpirestart-combined-0-30.dat
Evicting /lus/eagle/projects/RECUP/kassogba/veloc-ckpt/haac/sc-experiments/4gpus/np796-500mil/run1/m000p.mpirestart-combined-0-10.dat

           Files: 4
     Directories: 1
   Evicted Pages: 7324790 (27G)
         Elapsed: 1.9579 seconds
[INFO 0] [/home/keveltun/research/recup/veloc/apps/state-diff/src/loader/host_cache.cpp:11:host_cache_t] Host - Creating a cache of size 16384 MB
[INFO 0] [/home/keveltun/research/recup/veloc/apps/state-diff/src/loader/data_loader.cpp:10:data_loader_t] Loader - host and device caches initialized
[BENCHMARK 0] [/home/keveltun/research/recup/veloc/apps/state-diff/src/loader/data_loader.cpp:11:data_loader_t] [time elapsed: 0 ms] Initialized data loader
Data size = 7497964768
[BENCHMARK 0] [/home/keveltun/research/recup/veloc/apps/state-diff/include/statediff.hpp:143:client_t] [time elapsed: 0 ms] State-diff client 1 initialized
[INFO 0] [/home/keveltun/research/recup/veloc/apps/state-diff/src/loader/host_cache.cpp:50:set_reader] Host (0)- Setting reader to read from file
[INFO 0] [/home/keveltun/research/recup/veloc/apps/state-diff/src/loader/host_cache.cpp:32:activate] Host (0)- Started fetch thread on host cache
[INFO 0] [/home/keveltun/research/recup/veloc/apps/state-diff/src/loader/data_loader.cpp:137:file_load] Loader (0)- Creating segments without given file offsets
[BENCHMARK 0] [/home/keveltun/research/recup/veloc/apps/state-diff/src/loader/data_loader.cpp:161:file_load] [time elapsed: 0 ms] Created segments and staged for file read
[BENCHMARK 0] [/home/keveltun/research/recup/veloc/apps/state-diff/src/loader/host_cache.cpp:75:fetch_] [time elapsed: 0 ms] Host (0)- Waited any batch for host fetch
[INFO 0] [/home/keveltun/research/recup/veloc/apps/state-diff/src/loader/host_cache.cpp:138:get_completed] Host (0)- Getting completed jobs from ready_q
[BENCHMARK 1] [/home/keveltun/research/recup/veloc/apps/state-diff/src/loader/host_cache.cpp:93:fetch_] [time elapsed: 1982 ms] Host (0)- Fetched 1 batches to host cache
[BENCHMARK 1] [/home/keveltun/research/recup/veloc/apps/state-diff/src/loader/data_loader.cpp:223:next] [time elapsed: 1982 ms] Retrieved pointer to next batch of data for computation
[BENCHMARK 2] [/home/keveltun/research/recup/veloc/apps/state-diff/include/statediff.hpp:203:create] [time elapsed: 2745 ms] State-diff tree -1 created from reader
(0.0001) Chunk size: 2097152, Creation time: 2.74542 seconds, throughput: 2.54352 GB/s
Evicting /lus/eagle/projects/RECUP/kassogba/veloc-ckpt/haac/sc-experiments/4gpus/np796-500mil/run1/m000p.mpirestart-combined-0-40.dat
Evicting /lus/eagle/projects/RECUP/kassogba/veloc-ckpt/haac/sc-experiments/4gpus/np796-500mil/run1/m000p.mpirestart-combined-0-20.dat
Evicting /lus/eagle/projects/RECUP/kassogba/veloc-ckpt/haac/sc-experiments/4gpus/np796-500mil/run1/m000p.mpirestart-combined-0-30.dat
Evicting /lus/eagle/projects/RECUP/kassogba/veloc-ckpt/haac/sc-experiments/4gpus/np796-500mil/run1/m000p.mpirestart-combined-0-10.dat

           Files: 4
     Directories: 1
   Evicted Pages: 7324790 (27G)
         Elapsed: 1.9651 seconds
[INFO 0] [/home/keveltun/research/recup/veloc/apps/state-diff/src/loader/host_cache.cpp:11:host_cache_t] Host - Creating a cache of size 16384 MB
[INFO 0] [/home/keveltun/research/recup/veloc/apps/state-diff/src/loader/data_loader.cpp:10:data_loader_t] Loader - host and device caches initialized
[BENCHMARK 0] [/home/keveltun/research/recup/veloc/apps/state-diff/src/loader/data_loader.cpp:11:data_loader_t] [time elapsed: 0 ms] Initialized data loader
Data size = 7497964768
[BENCHMARK 0] [/home/keveltun/research/recup/veloc/apps/state-diff/include/statediff.hpp:143:client_t] [time elapsed: 0 ms] State-diff client 1 initialized
[INFO 0] [/home/keveltun/research/recup/veloc/apps/state-diff/src/loader/host_cache.cpp:50:set_reader] Host (0)- Setting reader to read from file
[INFO 0] [/home/keveltun/research/recup/veloc/apps/state-diff/src/loader/host_cache.cpp:32:activate] Host (0)- Started fetch thread on host cache
[INFO 0] [/home/keveltun/research/recup/veloc/apps/state-diff/src/loader/data_loader.cpp:137:file_load] Loader (0)- Creating segments without given file offsets
[BENCHMARK 0] [/home/keveltun/research/recup/veloc/apps/state-diff/src/loader/data_loader.cpp:161:file_load] [time elapsed: 0 ms] Created segments and staged for file read
[BENCHMARK 0] [/home/keveltun/research/recup/veloc/apps/state-diff/src/loader/host_cache.cpp:75:fetch_] [time elapsed: 0 ms] Host (0)- Waited any batch for host fetch
[INFO 0] [/home/keveltun/research/recup/veloc/apps/state-diff/src/loader/host_cache.cpp:138:get_completed] Host (0)- Getting completed jobs from ready_q
[BENCHMARK 2] [/home/keveltun/research/recup/veloc/apps/state-diff/src/loader/host_cache.cpp:93:fetch_] [time elapsed: 2212 ms] Host (0)- Fetched 1 batches to host cache
[BENCHMARK 2] [/home/keveltun/research/recup/veloc/apps/state-diff/src/loader/data_loader.cpp:223:next] [time elapsed: 2212 ms] Retrieved pointer to next batch of data for computation
[BENCHMARK 2] [/home/keveltun/research/recup/veloc/apps/state-diff/include/statediff.hpp:203:create] [time elapsed: 2973 ms] State-diff tree -1 created from reader
(1e-07) Chunk size: 2097152, Creation time: 2.97378 seconds, throughput: 2.3482 GB/s
Evicting /lus/eagle/projects/RECUP/kassogba/veloc-ckpt/haac/sc-experiments/4gpus/np796-500mil/run1/m000p.mpirestart-combined-0-40.dat
Evicting /lus/eagle/projects/RECUP/kassogba/veloc-ckpt/haac/sc-experiments/4gpus/np796-500mil/run1/m000p.mpirestart-combined-0-20.dat
Evicting /lus/eagle/projects/RECUP/kassogba/veloc-ckpt/haac/sc-experiments/4gpus/np796-500mil/run1/m000p.mpirestart-combined-0-30.dat
Evicting /lus/eagle/projects/RECUP/kassogba/veloc-ckpt/haac/sc-experiments/4gpus/np796-500mil/run1/m000p.mpirestart-combined-0-10.dat

           Files: 4
     Directories: 1
   Evicted Pages: 7324790 (27G)
         Elapsed: 1.9555 seconds
[INFO 0] [/home/keveltun/research/recup/veloc/apps/state-diff/src/loader/host_cache.cpp:11:host_cache_t] Host - Creating a cache of size 16384 MB
[INFO 0] [/home/keveltun/research/recup/veloc/apps/state-diff/src/loader/data_loader.cpp:10:data_loader_t] Loader - host and device caches initialized
[BENCHMARK 0] [/home/keveltun/research/recup/veloc/apps/state-diff/src/loader/data_loader.cpp:11:data_loader_t] [time elapsed: 0 ms] Initialized data loader
Data size = 7497964768
[BENCHMARK 0] [/home/keveltun/research/recup/veloc/apps/state-diff/include/statediff.hpp:143:client_t] [time elapsed: 0 ms] State-diff client 1 initialized
[INFO 0] [/home/keveltun/research/recup/veloc/apps/state-diff/src/loader/host_cache.cpp:50:set_reader] Host (0)- Setting reader to read from file
[INFO 0] [/home/keveltun/research/recup/veloc/apps/state-diff/src/loader/host_cache.cpp:32:activate] Host (0)- Started fetch thread on host cache
[INFO 0] [/home/keveltun/research/recup/veloc/apps/state-diff/src/loader/data_loader.cpp:137:file_load] Loader (0)- Creating segments without given file offsets
[BENCHMARK 0] [/home/keveltun/research/recup/veloc/apps/state-diff/src/loader/data_loader.cpp:161:file_load] [time elapsed: 0 ms] Created segments and staged for file read
[BENCHMARK 0] [/home/keveltun/research/recup/veloc/apps/state-diff/src/loader/host_cache.cpp:75:fetch_] [time elapsed: 0 ms] Host (0)- Waited any batch for host fetch
[INFO 0] [/home/keveltun/research/recup/veloc/apps/state-diff/src/loader/host_cache.cpp:138:get_completed] Host (0)- Getting completed jobs from ready_q
[BENCHMARK 2] [/home/keveltun/research/recup/veloc/apps/state-diff/src/loader/host_cache.cpp:93:fetch_] [time elapsed: 2024 ms] Host (0)- Fetched 1 batches to host cache
[BENCHMARK 2] [/home/keveltun/research/recup/veloc/apps/state-diff/src/loader/data_loader.cpp:223:next] [time elapsed: 2024 ms] Retrieved pointer to next batch of data for computation
[BENCHMARK 3] [/home/keveltun/research/recup/veloc/apps/state-diff/include/statediff.hpp:203:create] [time elapsed: 3111 ms] State-diff tree -1 created from reader
(0.01) Chunk size: 4194304, Creation time: 3.11142 seconds, throughput: 2.24432 GB/s
Evicting /lus/eagle/projects/RECUP/kassogba/veloc-ckpt/haac/sc-experiments/4gpus/np796-500mil/run1/m000p.mpirestart-combined-0-40.dat
Evicting /lus/eagle/projects/RECUP/kassogba/veloc-ckpt/haac/sc-experiments/4gpus/np796-500mil/run1/m000p.mpirestart-combined-0-20.dat
Evicting /lus/eagle/projects/RECUP/kassogba/veloc-ckpt/haac/sc-experiments/4gpus/np796-500mil/run1/m000p.mpirestart-combined-0-30.dat
Evicting /lus/eagle/projects/RECUP/kassogba/veloc-ckpt/haac/sc-experiments/4gpus/np796-500mil/run1/m000p.mpirestart-combined-0-10.dat

           Files: 4
     Directories: 1
   Evicted Pages: 7324790 (27G)
         Elapsed: 1.9648 seconds
[INFO 0] [/home/keveltun/research/recup/veloc/apps/state-diff/src/loader/host_cache.cpp:11:host_cache_t] Host - Creating a cache of size 16384 MB
[INFO 0] [/home/keveltun/research/recup/veloc/apps/state-diff/src/loader/data_loader.cpp:10:data_loader_t] Loader - host and device caches initialized
[BENCHMARK 0] [/home/keveltun/research/recup/veloc/apps/state-diff/src/loader/data_loader.cpp:11:data_loader_t] [time elapsed: 0 ms] Initialized data loader
Data size = 7497964768
[BENCHMARK 0] [/home/keveltun/research/recup/veloc/apps/state-diff/include/statediff.hpp:143:client_t] [time elapsed: 0 ms] State-diff client 1 initialized
[INFO 0] [/home/keveltun/research/recup/veloc/apps/state-diff/src/loader/host_cache.cpp:50:set_reader] Host (0)- Setting reader to read from file
[INFO 0] [/home/keveltun/research/recup/veloc/apps/state-diff/src/loader/host_cache.cpp:32:activate] Host (0)- Started fetch thread on host cache
[INFO 0] [/home/keveltun/research/recup/veloc/apps/state-diff/src/loader/data_loader.cpp:137:file_load] Loader (0)- Creating segments without given file offsets
[BENCHMARK 0] [/home/keveltun/research/recup/veloc/apps/state-diff/src/loader/data_loader.cpp:161:file_load] [time elapsed: 0 ms] Created segments and staged for file read
[BENCHMARK 0] [/home/keveltun/research/recup/veloc/apps/state-diff/src/loader/host_cache.cpp:75:fetch_] [time elapsed: 0 ms] Host (0)- Waited any batch for host fetch
[INFO 0] [/home/keveltun/research/recup/veloc/apps/state-diff/src/loader/host_cache.cpp:138:get_completed] Host (0)- Getting completed jobs from ready_q
[BENCHMARK 1] [/home/keveltun/research/recup/veloc/apps/state-diff/src/loader/host_cache.cpp:93:fetch_] [time elapsed: 1968 ms] Host (0)- Fetched 1 batches to host cache
[BENCHMARK 1] [/home/keveltun/research/recup/veloc/apps/state-diff/src/loader/data_loader.cpp:223:next] [time elapsed: 1968 ms] Retrieved pointer to next batch of data for computation
[BENCHMARK 2] [/home/keveltun/research/recup/veloc/apps/state-diff/include/statediff.hpp:203:create] [time elapsed: 2730 ms] State-diff tree -1 created from reader
(0.0001) Chunk size: 4194304, Creation time: 2.73049 seconds, throughput: 2.55743 GB/s
Evicting /lus/eagle/projects/RECUP/kassogba/veloc-ckpt/haac/sc-experiments/4gpus/np796-500mil/run1/m000p.mpirestart-combined-0-40.dat
Evicting /lus/eagle/projects/RECUP/kassogba/veloc-ckpt/haac/sc-experiments/4gpus/np796-500mil/run1/m000p.mpirestart-combined-0-20.dat
Evicting /lus/eagle/projects/RECUP/kassogba/veloc-ckpt/haac/sc-experiments/4gpus/np796-500mil/run1/m000p.mpirestart-combined-0-30.dat
Evicting /lus/eagle/projects/RECUP/kassogba/veloc-ckpt/haac/sc-experiments/4gpus/np796-500mil/run1/m000p.mpirestart-combined-0-10.dat

           Files: 4
     Directories: 1
   Evicted Pages: 7324790 (27G)
         Elapsed: 1.9567 seconds
[INFO 0] [/home/keveltun/research/recup/veloc/apps/state-diff/src/loader/host_cache.cpp:11:host_cache_t] Host - Creating a cache of size 16384 MB
[INFO 0] [/home/keveltun/research/recup/veloc/apps/state-diff/src/loader/data_loader.cpp:10:data_loader_t] Loader - host and device caches initialized
[BENCHMARK 0] [/home/keveltun/research/recup/veloc/apps/state-diff/src/loader/data_loader.cpp:11:data_loader_t] [time elapsed: 0 ms] Initialized data loader
Data size = 7497964768
[BENCHMARK 0] [/home/keveltun/research/recup/veloc/apps/state-diff/include/statediff.hpp:143:client_t] [time elapsed: 0 ms] State-diff client 1 initialized
[INFO 0] [/home/keveltun/research/recup/veloc/apps/state-diff/src/loader/host_cache.cpp:50:set_reader] Host (0)- Setting reader to read from file
[INFO 0] [/home/keveltun/research/recup/veloc/apps/state-diff/src/loader/host_cache.cpp:32:activate] Host (0)- Started fetch thread on host cache
[INFO 0] [/home/keveltun/research/recup/veloc/apps/state-diff/src/loader/data_loader.cpp:137:file_load] Loader (0)- Creating segments without given file offsets
[BENCHMARK 0] [/home/keveltun/research/recup/veloc/apps/state-diff/src/loader/data_loader.cpp:161:file_load] [time elapsed: 0 ms] Created segments and staged for file read
[BENCHMARK 0] [/home/keveltun/research/recup/veloc/apps/state-diff/src/loader/host_cache.cpp:75:fetch_] [time elapsed: 0 ms] Host (0)- Waited any batch for host fetch
[INFO 0] [/home/keveltun/research/recup/veloc/apps/state-diff/src/loader/host_cache.cpp:138:get_completed] Host (0)- Getting completed jobs from ready_q
[BENCHMARK 1] [/home/keveltun/research/recup/veloc/apps/state-diff/src/loader/host_cache.cpp:93:fetch_] [time elapsed: 1933 ms] Host (0)- Fetched 1 batches to host cache
[BENCHMARK 1] [/home/keveltun/research/recup/veloc/apps/state-diff/src/loader/data_loader.cpp:223:next] [time elapsed: 1933 ms] Retrieved pointer to next batch of data for computation
[BENCHMARK 2] [/home/keveltun/research/recup/veloc/apps/state-diff/include/statediff.hpp:203:create] [time elapsed: 2692 ms] State-diff tree -1 created from reader
(1e-07) Chunk size: 4194304, Creation time: 2.69279 seconds, throughput: 2.59323 GB/s
Evicting /lus/eagle/projects/RECUP/kassogba/veloc-ckpt/haac/sc-experiments/4gpus/np796-500mil/run1/m000p.mpirestart-combined-0-40.dat
Evicting /lus/eagle/projects/RECUP/kassogba/veloc-ckpt/haac/sc-experiments/4gpus/np796-500mil/run1/m000p.mpirestart-combined-0-20.dat
Evicting /lus/eagle/projects/RECUP/kassogba/veloc-ckpt/haac/sc-experiments/4gpus/np796-500mil/run1/m000p.mpirestart-combined-0-30.dat
Evicting /lus/eagle/projects/RECUP/kassogba/veloc-ckpt/haac/sc-experiments/4gpus/np796-500mil/run1/m000p.mpirestart-combined-0-10.dat

           Files: 4
     Directories: 1
   Evicted Pages: 7324790 (27G)
         Elapsed: 1.9524 seconds
[INFO 0] [/home/keveltun/research/recup/veloc/apps/state-diff/src/loader/host_cache.cpp:11:host_cache_t] Host - Creating a cache of size 16384 MB
[INFO 0] [/home/keveltun/research/recup/veloc/apps/state-diff/src/loader/data_loader.cpp:10:data_loader_t] Loader - host and device caches initialized
[BENCHMARK 0] [/home/keveltun/research/recup/veloc/apps/state-diff/src/loader/data_loader.cpp:11:data_loader_t] [time elapsed: 0 ms] Initialized data loader
Data size = 7497964768
[BENCHMARK 0] [/home/keveltun/research/recup/veloc/apps/state-diff/include/statediff.hpp:143:client_t] [time elapsed: 0 ms] State-diff client 1 initialized
[INFO 0] [/home/keveltun/research/recup/veloc/apps/state-diff/src/loader/host_cache.cpp:50:set_reader] Host (0)- Setting reader to read from file
[INFO 0] [/home/keveltun/research/recup/veloc/apps/state-diff/src/loader/host_cache.cpp:32:activate] Host (0)- Started fetch thread on host cache
[INFO 0] [/home/keveltun/research/recup/veloc/apps/state-diff/src/loader/data_loader.cpp:137:file_load] Loader (0)- Creating segments without given file offsets
[BENCHMARK 0] [/home/keveltun/research/recup/veloc/apps/state-diff/src/loader/data_loader.cpp:161:file_load] [time elapsed: 0 ms] Created segments and staged for file read
[BENCHMARK 0] [/home/keveltun/research/recup/veloc/apps/state-diff/src/loader/host_cache.cpp:75:fetch_] [time elapsed: 0 ms] Host (0)- Waited any batch for host fetch
[INFO 0] [/home/keveltun/research/recup/veloc/apps/state-diff/src/loader/host_cache.cpp:138:get_completed] Host (0)- Getting completed jobs from ready_q
[BENCHMARK 2] [/home/keveltun/research/recup/veloc/apps/state-diff/src/loader/host_cache.cpp:93:fetch_] [time elapsed: 2103 ms] Host (0)- Fetched 1 batches to host cache
[BENCHMARK 2] [/home/keveltun/research/recup/veloc/apps/state-diff/src/loader/data_loader.cpp:223:next] [time elapsed: 2103 ms] Retrieved pointer to next batch of data for computation
[BENCHMARK 3] [/home/keveltun/research/recup/veloc/apps/state-diff/include/statediff.hpp:203:create] [time elapsed: 3188 ms] State-diff tree -1 created from reader
(0.01) Chunk size: 8388608, Creation time: 3.18895 seconds, throughput: 2.18976 GB/s
Evicting /lus/eagle/projects/RECUP/kassogba/veloc-ckpt/haac/sc-experiments/4gpus/np796-500mil/run1/m000p.mpirestart-combined-0-40.dat
Evicting /lus/eagle/projects/RECUP/kassogba/veloc-ckpt/haac/sc-experiments/4gpus/np796-500mil/run1/m000p.mpirestart-combined-0-20.dat
Evicting /lus/eagle/projects/RECUP/kassogba/veloc-ckpt/haac/sc-experiments/4gpus/np796-500mil/run1/m000p.mpirestart-combined-0-30.dat
Evicting /lus/eagle/projects/RECUP/kassogba/veloc-ckpt/haac/sc-experiments/4gpus/np796-500mil/run1/m000p.mpirestart-combined-0-10.dat

           Files: 4
     Directories: 1
   Evicted Pages: 7324790 (27G)
         Elapsed: 1.9091 seconds
[INFO 0] [/home/keveltun/research/recup/veloc/apps/state-diff/src/loader/host_cache.cpp:11:host_cache_t] Host - Creating a cache of size 16384 MB
[INFO 0] [/home/keveltun/research/recup/veloc/apps/state-diff/src/loader/data_loader.cpp:10:data_loader_t] Loader - host and device caches initialized
[BENCHMARK 0] [/home/keveltun/research/recup/veloc/apps/state-diff/src/loader/data_loader.cpp:11:data_loader_t] [time elapsed: 0 ms] Initialized data loader
Data size = 7497964768
[BENCHMARK 0] [/home/keveltun/research/recup/veloc/apps/state-diff/include/statediff.hpp:143:client_t] [time elapsed: 0 ms] State-diff client 1 initialized
[INFO 0] [/home/keveltun/research/recup/veloc/apps/state-diff/src/loader/host_cache.cpp:50:set_reader] Host (0)- Setting reader to read from file
[INFO 0] [/home/keveltun/research/recup/veloc/apps/state-diff/src/loader/host_cache.cpp:32:activate] Host (0)- Started fetch thread on host cache
[INFO 0] [/home/keveltun/research/recup/veloc/apps/state-diff/src/loader/data_loader.cpp:137:file_load] Loader (0)- Creating segments without given file offsets
[BENCHMARK 0] [/home/keveltun/research/recup/veloc/apps/state-diff/src/loader/data_loader.cpp:161:file_load] [time elapsed: 0 ms] Created segments and staged for file read
[BENCHMARK 0] [/home/keveltun/research/recup/veloc/apps/state-diff/src/loader/host_cache.cpp:75:fetch_] [time elapsed: 0 ms] Host (0)- Waited any batch for host fetch
[INFO 0] [/home/keveltun/research/recup/veloc/apps/state-diff/src/loader/host_cache.cpp:138:get_completed] Host (0)- Getting completed jobs from ready_q
[BENCHMARK 2] [/home/keveltun/research/recup/veloc/apps/state-diff/src/loader/host_cache.cpp:93:fetch_] [time elapsed: 2054 ms] Host (0)- Fetched 1 batches to host cache
[BENCHMARK 2] [/home/keveltun/research/recup/veloc/apps/state-diff/src/loader/data_loader.cpp:223:next] [time elapsed: 2054 ms] Retrieved pointer to next batch of data for computation
[BENCHMARK 2] [/home/keveltun/research/recup/veloc/apps/state-diff/include/statediff.hpp:203:create] [time elapsed: 2831 ms] State-diff tree -1 created from reader
(0.0001) Chunk size: 8388608, Creation time: 2.83112 seconds, throughput: 2.46653 GB/s
Evicting /lus/eagle/projects/RECUP/kassogba/veloc-ckpt/haac/sc-experiments/4gpus/np796-500mil/run1/m000p.mpirestart-combined-0-40.dat
Evicting /lus/eagle/projects/RECUP/kassogba/veloc-ckpt/haac/sc-experiments/4gpus/np796-500mil/run1/m000p.mpirestart-combined-0-20.dat
Evicting /lus/eagle/projects/RECUP/kassogba/veloc-ckpt/haac/sc-experiments/4gpus/np796-500mil/run1/m000p.mpirestart-combined-0-30.dat
Evicting /lus/eagle/projects/RECUP/kassogba/veloc-ckpt/haac/sc-experiments/4gpus/np796-500mil/run1/m000p.mpirestart-combined-0-10.dat

           Files: 4
     Directories: 1
   Evicted Pages: 7324790 (27G)
         Elapsed: 1.9386 seconds
[INFO 0] [/home/keveltun/research/recup/veloc/apps/state-diff/src/loader/host_cache.cpp:11:host_cache_t] Host - Creating a cache of size 16384 MB
[INFO 0] [/home/keveltun/research/recup/veloc/apps/state-diff/src/loader/data_loader.cpp:10:data_loader_t] Loader - host and device caches initialized
[BENCHMARK 0] [/home/keveltun/research/recup/veloc/apps/state-diff/src/loader/data_loader.cpp:11:data_loader_t] [time elapsed: 0 ms] Initialized data loader
Data size = 7497964768
[BENCHMARK 0] [/home/keveltun/research/recup/veloc/apps/state-diff/include/statediff.hpp:143:client_t] [time elapsed: 0 ms] State-diff client 1 initialized
[INFO 0] [/home/keveltun/research/recup/veloc/apps/state-diff/src/loader/host_cache.cpp:50:set_reader] Host (0)- Setting reader to read from file
[INFO 0] [/home/keveltun/research/recup/veloc/apps/state-diff/src/loader/host_cache.cpp:32:activate] Host (0)- Started fetch thread on host cache
[INFO 0] [/home/keveltun/research/recup/veloc/apps/state-diff/src/loader/data_loader.cpp:137:file_load] Loader (0)- Creating segments without given file offsets
[BENCHMARK 0] [/home/keveltun/research/recup/veloc/apps/state-diff/src/loader/data_loader.cpp:161:file_load] [time elapsed: 0 ms] Created segments and staged for file read
[BENCHMARK 0] [/home/keveltun/research/recup/veloc/apps/state-diff/src/loader/host_cache.cpp:75:fetch_] [time elapsed: 0 ms] Host (0)- Waited any batch for host fetch
[INFO 0] [/home/keveltun/research/recup/veloc/apps/state-diff/src/loader/host_cache.cpp:138:get_completed] Host (0)- Getting completed jobs from ready_q
[BENCHMARK 3] [/home/keveltun/research/recup/veloc/apps/state-diff/src/loader/host_cache.cpp:93:fetch_] [time elapsed: 3194 ms] Host (0)- Fetched 1 batches to host cache
[BENCHMARK 3] [/home/keveltun/research/recup/veloc/apps/state-diff/src/loader/data_loader.cpp:223:next] [time elapsed: 3194 ms] Retrieved pointer to next batch of data for computation
[BENCHMARK 3] [/home/keveltun/research/recup/veloc/apps/state-diff/include/statediff.hpp:203:create] [time elapsed: 3962 ms] State-diff tree -1 created from reader
(1e-07) Chunk size: 8388608, Creation time: 3.96277 seconds, throughput: 1.76216 GB/s
 Benchmarking the tree creation time for modeling 
===============================================================================
Evicting /lus/eagle/projects/RECUP/kassogba/veloc-ckpt/haac/sc-experiments/4gpus/np796-500mil/run1/m000p.mpirestart-combined-0-40.dat
Evicting /lus/eagle/projects/RECUP/kassogba/veloc-ckpt/haac/sc-experiments/4gpus/np796-500mil/run1/m000p.mpirestart-combined-0-20.dat
Evicting /lus/eagle/projects/RECUP/kassogba/veloc-ckpt/haac/sc-experiments/4gpus/np796-500mil/run1/m000p.mpirestart-combined-0-30.dat
Evicting /lus/eagle/projects/RECUP/kassogba/veloc-ckpt/haac/sc-experiments/4gpus/np796-500mil/run1/m000p.mpirestart-combined-0-10.dat

           Files: 4
     Directories: 1
   Evicted Pages: 7324790 (27G)
         Elapsed: 1.9662 seconds
[INFO 0] [/home/keveltun/research/recup/veloc/apps/state-diff/src/loader/host_cache.cpp:11:host_cache_t] Host - Creating a cache of size 16384 MB
[INFO 0] [/home/keveltun/research/recup/veloc/apps/state-diff/src/loader/data_loader.cpp:10:data_loader_t] Loader - host and device caches initialized
[BENCHMARK 0] [/home/keveltun/research/recup/veloc/apps/state-diff/src/loader/data_loader.cpp:11:data_loader_t] [time elapsed: 0 ms] Initialized data loader
Data size = 7497964768
[BENCHMARK 0] [/home/keveltun/research/recup/veloc/apps/state-diff/include/statediff.hpp:143:client_t] [time elapsed: 0 ms] State-diff client 1 initialized
[INFO 0] [/home/keveltun/research/recup/veloc/apps/state-diff/src/loader/host_cache.cpp:50:set_reader] Host (0)- Setting reader to read from file
[INFO 0] [/home/keveltun/research/recup/veloc/apps/state-diff/src/loader/host_cache.cpp:32:activate] Host (0)- Started fetch thread on host cache
[INFO 0] [/home/keveltun/research/recup/veloc/apps/state-diff/src/loader/data_loader.cpp:137:file_load] Loader (0)- Creating segments without given file offsets
[BENCHMARK 0] [/home/keveltun/research/recup/veloc/apps/state-diff/src/loader/data_loader.cpp:161:file_load] [time elapsed: 0 ms] Created segments and staged for file read
[INFO 0] [/home/keveltun/research/recup/veloc/apps/state-diff/src/loader/host_cache.cpp:138:get_completed] Host (0)- Getting completed jobs from ready_q
